ISO-10303-21;
HEADER;
/* Generated by software containing ST-Developer
 * from STEP Tools, Inc. (www.steptools.com) 
 */

FILE_DESCRIPTION(
/* description */ (''),
/* implementation_level */ '2;1');

FILE_NAME(
/* name */ 'frame.step',
/* time_stamp */ '2025-12-14T22:37:24+05:30',
/* author */ (''),
/* organization */ (''),
/* preprocessor_version */ 'ST-DEVELOPER v20.1',
/* originating_system */ 'Autodesk Translation Framework v14.21.0.0',
/* authorisation */ '');

FILE_SCHEMA (('AUTOMOTIVE_DESIGN { 1 0 10303 214 3 1 1 }'));
ENDSEC;

DATA;
#10=MECHANICAL_DESIGN_GEOMETRIC_PRESENTATION_REPRESENTATION('',(#13),#6027);
#11=SHAPE_REPRESENTATION_RELATIONSHIP('SRR','None',#6033,#12);
#12=ADVANCED_BREP_SHAPE_REPRESENTATION('',(#14),#6026);
#13=STYLED_ITEM('',(#6042),#14);
#14=MANIFOLD_SOLID_BREP('Body19',#3614);
#15=B_SPLINE_CURVE_WITH_KNOTS('',3,(#5606,#5607,#5608,#5609,#5610,#5611,
#5612,#5613,#5614,#5615),.UNSPECIFIED.,.F.,.F.,(4,2,2,2,4),(0.614468478811399,
0.690480008688289,0.766491538565178,0.846310300202402,0.926129061839625),
 .UNSPECIFIED.);
#16=B_SPLINE_CURVE_WITH_KNOTS('',3,(#5626,#5627,#5628,#5629,#5630,#5631,
#5632,#5633,#5634,#5635),.UNSPECIFIED.,.F.,.F.,(4,2,2,2,4),(0.606218718192801,
0.682007907579206,0.757797096965611,0.833978621579606,0.9101601461936),
 .UNSPECIFIED.);
#17=B_SPLINE_CURVE_WITH_KNOTS('',3,(#5647,#5648,#5649,#5650,#5651,#5652,
#5653,#5654,#5655,#5656),.UNSPECIFIED.,.F.,.F.,(4,2,2,2,4),(0.302277290192003,
0.378458814805996,0.45464033941999,0.530429528806395,0.6062187181928),
 .UNSPECIFIED.);
#18=B_SPLINE_CURVE_WITH_KNOTS('',3,(#5669,#5670,#5671,#5672,#5673,#5674,
#5675,#5676,#5677,#5678),.UNSPECIFIED.,.F.,.F.,(4,2,2,2,4),(-0.311660583028227,
-0.231841821391004,-0.15202305975378,-0.0760115298768902,0.),
 .UNSPECIFIED.);
#19=B_SPLINE_CURVE_WITH_KNOTS('',3,(#5738,#5739,#5740,#5741,#5742,#5743,
#5744,#5745,#5746,#5747),.UNSPECIFIED.,.F.,.F.,(4,2,2,2,4),(0.6062187181928,
0.682007907579205,0.757797096965611,0.833978621579605,0.910160146193599),
 .UNSPECIFIED.);
#20=B_SPLINE_CURVE_WITH_KNOTS('',3,(#5755,#5756,#5757,#5758,#5759,#5760,
#5761,#5762,#5763,#5764),.UNSPECIFIED.,.F.,.F.,(4,2,2,2,4),(0.614468478811399,
0.690480008688289,0.766491538565179,0.846310300202403,0.926129061839626),
 .UNSPECIFIED.);
#21=B_SPLINE_CURVE_WITH_KNOTS('',3,(#5782,#5783,#5784,#5785,#5786,#5787,
#5788,#5789,#5790,#5791),.UNSPECIFIED.,.F.,.F.,(4,2,2,2,4),(0.302807895783172,
0.382626657420396,0.462445419057619,0.538456948934509,0.614468478811399),
 .UNSPECIFIED.);
#22=B_SPLINE_CURVE_WITH_KNOTS('',3,(#5795,#5796,#5797,#5798,#5799,#5800,
#5801,#5802,#5803,#5804),.UNSPECIFIED.,.F.,.F.,(4,2,2,2,4),(-0.303941428000798,
-0.227759903386805,-0.151578378772811,-0.0757891893864053,0.),
 .UNSPECIFIED.);
#23=B_SPLINE_CURVE_WITH_KNOTS('',3,(#5832,#5833,#5834,#5835,#5836,#5837,
#5838,#5839,#5840,#5841),.UNSPECIFIED.,.F.,.F.,(4,2,2,2,4),(0.302807895783172,
0.382626657420395,0.462445419057618,0.538456948934508,0.614468478811398),
 .UNSPECIFIED.);
#24=B_SPLINE_CURVE_WITH_KNOTS('',3,(#5854,#5855,#5856,#5857,#5858,#5859,
#5860,#5861,#5862,#5863),.UNSPECIFIED.,.F.,.F.,(4,2,2,2,4),(0.614468478811399,
0.690480008688289,0.766491538565178,0.846310300202402,0.926129061839625),
 .UNSPECIFIED.);
#25=B_SPLINE_CURVE_WITH_KNOTS('',3,(#5872,#5873,#5874,#5875,#5876,#5877,
#5878,#5879,#5880,#5881),.UNSPECIFIED.,.F.,.F.,(4,2,2,2,4),(-0.303941428000799,
-0.227759903386805,-0.15157837877281,-0.0757891893864051,0.),
 .UNSPECIFIED.);
#26=B_SPLINE_CURVE_WITH_KNOTS('',3,(#5894,#5895,#5896,#5897,#5898,#5899,
#5900,#5901,#5902,#5903),.UNSPECIFIED.,.F.,.F.,(4,2,2,2,4),(0.6062187181928,
0.682153264554391,0.758087810915983,0.834124097892893,0.910160384869803),
 .UNSPECIFIED.);
#27=B_SPLINE_CURVE_WITH_KNOTS('',3,(#5925,#5926,#5927,#5928,#5929,#5930,
#5931,#5932,#5933,#5934),.UNSPECIFIED.,.F.,.F.,(4,2,2,2,4),(0.614468749573712,
0.690480279450602,0.766491809327492,0.846310570964715,0.926129332601938),
 .UNSPECIFIED.);
#28=B_SPLINE_CURVE_WITH_KNOTS('',3,(#5941,#5942,#5943,#5944,#5945,#5946,
#5947,#5948,#5949,#5950),.UNSPECIFIED.,.F.,.F.,(4,2,2,2,4),(0.302277358937337,
0.378458883551331,0.454640408165324,0.53042959755173,0.606218786938135),
 .UNSPECIFIED.);
#29=B_SPLINE_CURVE_WITH_KNOTS('',3,(#5959,#5960,#5961,#5962,#5963,#5964,
#5965,#5966,#5967,#5968),.UNSPECIFIED.,.F.,.F.,(4,2,2,2,4),(0.6062187181928,
0.682007907579206,0.757797096965611,0.833978621579605,0.910160146193599),
 .UNSPECIFIED.);
#30=B_SPLINE_CURVE_WITH_KNOTS('',3,(#5977,#5978,#5979,#5980,#5981,#5982,
#5983,#5984,#5985,#5986),.UNSPECIFIED.,.F.,.F.,(4,2,2,2,4),(-0.311660583028227,
-0.231841821391004,-0.15202305975378,-0.0760115298768902,0.),
 .UNSPECIFIED.);
#31=ELLIPSE('',#3799,2.56124969497314,2.);
#32=ELLIPSE('',#3802,3.20156211871643,2.);
#33=ELLIPSE('',#3805,3.20156211871643,2.);
#34=ELLIPSE('',#3810,2.56124969497314,2.);
#35=ELLIPSE('',#3817,2.56124969497314,2.);
#36=ELLIPSE('',#3818,2.56124969497314,2.);
#37=ELLIPSE('',#3820,3.20156211871643,2.);
#38=ELLIPSE('',#3821,3.20156211871643,2.);
#39=ELLIPSE('',#3824,3.20156211871643,2.);
#40=ELLIPSE('',#3837,3.20156211871643,2.);
#41=ELLIPSE('',#3840,3.20156211871643,2.);
#42=ELLIPSE('',#3841,3.20156211871643,2.);
#43=ELLIPSE('',#3843,2.56124969497314,2.);
#44=ELLIPSE('',#3846,2.56124969497314,2.);
#45=ELLIPSE('',#3860,2.56124969497314,2.);
#46=ELLIPSE('',#3861,2.56124969497314,2.);
#47=CYLINDRICAL_SURFACE('',#3782,1.);
#48=CYLINDRICAL_SURFACE('',#3786,1.);
#49=CYLINDRICAL_SURFACE('',#3790,1.);
#50=CYLINDRICAL_SURFACE('',#3794,1.);
#51=CYLINDRICAL_SURFACE('',#3798,2.);
#52=CYLINDRICAL_SURFACE('',#3801,2.);
#53=CYLINDRICAL_SURFACE('',#3804,2.);
#54=CYLINDRICAL_SURFACE('',#3809,2.);
#55=CYLINDRICAL_SURFACE('',#3811,7.5);
#56=CYLINDRICAL_SURFACE('',#3812,7.5);
#57=CYLINDRICAL_SURFACE('',#3813,7.5);
#58=CYLINDRICAL_SURFACE('',#3815,3.99999999999999);
#59=CYLINDRICAL_SURFACE('',#3823,2.);
#60=CYLINDRICAL_SURFACE('',#3826,2.);
#61=CYLINDRICAL_SURFACE('',#3832,2.);
#62=CYLINDRICAL_SURFACE('',#3833,7.5);
#63=CYLINDRICAL_SURFACE('',#3834,7.5);
#64=CYLINDRICAL_SURFACE('',#3835,7.5);
#65=CYLINDRICAL_SURFACE('',#3836,2.);
#66=CYLINDRICAL_SURFACE('',#3838,3.99999999999999);
#67=CYLINDRICAL_SURFACE('',#3842,2.);
#68=CYLINDRICAL_SURFACE('',#3845,2.);
#69=CYLINDRICAL_SURFACE('',#3848,2.);
#70=CYLINDRICAL_SURFACE('',#3850,3.99999999999999);
#71=CYLINDRICAL_SURFACE('',#3853,2.);
#72=CYLINDRICAL_SURFACE('',#3854,7.5);
#73=CYLINDRICAL_SURFACE('',#3856,7.5);
#74=CYLINDRICAL_SURFACE('',#3857,7.5);
#75=CYLINDRICAL_SURFACE('',#3862,2.);
#76=CYLINDRICAL_SURFACE('',#3864,2.);
#77=CYLINDRICAL_SURFACE('',#3866,2.);
#78=CYLINDRICAL_SURFACE('',#3867,3.99999999999999);
#79=CYLINDRICAL_SURFACE('',#3869,2.);
#80=CYLINDRICAL_SURFACE('',#3871,7.5);
#81=CYLINDRICAL_SURFACE('',#3873,7.5);
#82=CYLINDRICAL_SURFACE('',#3874,7.5);
#83=FACE_BOUND('',#302,.T.);
#84=FACE_BOUND('',#303,.T.);
#85=FACE_BOUND('',#328,.T.);
#86=FACE_BOUND('',#329,.T.);
#87=FACE_BOUND('',#330,.T.);
#88=FACE_BOUND('',#354,.T.);
#89=FACE_BOUND('',#355,.T.);
#90=FACE_BOUND('',#386,.T.);
#91=FACE_BOUND('',#402,.T.);
#92=FACE_BOUND('',#418,.T.);
#93=FACE_BOUND('',#439,.T.);
#94=FACE_BOUND('',#441,.T.);
#95=FACE_BOUND('',#455,.T.);
#96=FACE_BOUND('',#459,.T.);
#97=FACE_BOUND('',#463,.T.);
#98=FACE_OUTER_BOUND('',#274,.T.);
#99=FACE_OUTER_BOUND('',#275,.T.);
#100=FACE_OUTER_BOUND('',#276,.T.);
#101=FACE_OUTER_BOUND('',#277,.T.);
#102=FACE_OUTER_BOUND('',#278,.T.);
#103=FACE_OUTER_BOUND('',#279,.T.);
#104=FACE_OUTER_BOUND('',#280,.T.);
#105=FACE_OUTER_BOUND('',#281,.T.);
#106=FACE_OUTER_BOUND('',#282,.T.);
#107=FACE_OUTER_BOUND('',#283,.T.);
#108=FACE_OUTER_BOUND('',#284,.T.);
#109=FACE_OUTER_BOUND('',#285,.T.);
#110=FACE_OUTER_BOUND('',#286,.T.);
#111=FACE_OUTER_BOUND('',#287,.T.);
#112=FACE_OUTER_BOUND('',#288,.T.);
#113=FACE_OUTER_BOUND('',#289,.T.);
#114=FACE_OUTER_BOUND('',#290,.T.);
#115=FACE_OUTER_BOUND('',#291,.T.);
#116=FACE_OUTER_BOUND('',#292,.T.);
#117=FACE_OUTER_BOUND('',#293,.T.);
#118=FACE_OUTER_BOUND('',#294,.T.);
#119=FACE_OUTER_BOUND('',#295,.T.);
#120=FACE_OUTER_BOUND('',#296,.T.);
#121=FACE_OUTER_BOUND('',#297,.T.);
#122=FACE_OUTER_BOUND('',#298,.T.);
#123=FACE_OUTER_BOUND('',#299,.T.);
#124=FACE_OUTER_BOUND('',#300,.T.);
#125=FACE_OUTER_BOUND('',#301,.T.);
#126=FACE_OUTER_BOUND('',#304,.T.);
#127=FACE_OUTER_BOUND('',#305,.T.);
#128=FACE_OUTER_BOUND('',#306,.T.);
#129=FACE_OUTER_BOUND('',#307,.T.);
#130=FACE_OUTER_BOUND('',#308,.T.);
#131=FACE_OUTER_BOUND('',#309,.T.);
#132=FACE_OUTER_BOUND('',#310,.T.);
#133=FACE_OUTER_BOUND('',#311,.T.);
#134=FACE_OUTER_BOUND('',#312,.T.);
#135=FACE_OUTER_BOUND('',#313,.T.);
#136=FACE_OUTER_BOUND('',#314,.T.);
#137=FACE_OUTER_BOUND('',#315,.T.);
#138=FACE_OUTER_BOUND('',#316,.T.);
#139=FACE_OUTER_BOUND('',#317,.T.);
#140=FACE_OUTER_BOUND('',#318,.T.);
#141=FACE_OUTER_BOUND('',#319,.T.);
#142=FACE_OUTER_BOUND('',#320,.T.);
#143=FACE_OUTER_BOUND('',#321,.T.);
#144=FACE_OUTER_BOUND('',#322,.T.);
#145=FACE_OUTER_BOUND('',#323,.T.);
#146=FACE_OUTER_BOUND('',#324,.T.);
#147=FACE_OUTER_BOUND('',#325,.T.);
#148=FACE_OUTER_BOUND('',#326,.T.);
#149=FACE_OUTER_BOUND('',#327,.T.);
#150=FACE_OUTER_BOUND('',#331,.T.);
#151=FACE_OUTER_BOUND('',#332,.T.);
#152=FACE_OUTER_BOUND('',#333,.T.);
#153=FACE_OUTER_BOUND('',#334,.T.);
#154=FACE_OUTER_BOUND('',#335,.T.);
#155=FACE_OUTER_BOUND('',#336,.T.);
#156=FACE_OUTER_BOUND('',#337,.T.);
#157=FACE_OUTER_BOUND('',#338,.T.);
#158=FACE_OUTER_BOUND('',#339,.T.);
#159=FACE_OUTER_BOUND('',#340,.T.);
#160=FACE_OUTER_BOUND('',#341,.T.);
#161=FACE_OUTER_BOUND('',#342,.T.);
#162=FACE_OUTER_BOUND('',#343,.T.);
#163=FACE_OUTER_BOUND('',#344,.T.);
#164=FACE_OUTER_BOUND('',#345,.T.);
#165=FACE_OUTER_BOUND('',#346,.T.);
#166=FACE_OUTER_BOUND('',#347,.T.);
#167=FACE_OUTER_BOUND('',#348,.T.);
#168=FACE_OUTER_BOUND('',#349,.T.);
#169=FACE_OUTER_BOUND('',#350,.T.);
#170=FACE_OUTER_BOUND('',#351,.T.);
#171=FACE_OUTER_BOUND('',#352,.T.);
#172=FACE_OUTER_BOUND('',#353,.T.);
#173=FACE_OUTER_BOUND('',#356,.T.);
#174=FACE_OUTER_BOUND('',#357,.T.);
#175=FACE_OUTER_BOUND('',#358,.T.);
#176=FACE_OUTER_BOUND('',#359,.T.);
#177=FACE_OUTER_BOUND('',#360,.T.);
#178=FACE_OUTER_BOUND('',#361,.T.);
#179=FACE_OUTER_BOUND('',#362,.T.);
#180=FACE_OUTER_BOUND('',#363,.T.);
#181=FACE_OUTER_BOUND('',#364,.T.);
#182=FACE_OUTER_BOUND('',#365,.T.);
#183=FACE_OUTER_BOUND('',#366,.T.);
#184=FACE_OUTER_BOUND('',#367,.T.);
#185=FACE_OUTER_BOUND('',#368,.T.);
#186=FACE_OUTER_BOUND('',#369,.T.);
#187=FACE_OUTER_BOUND('',#370,.T.);
#188=FACE_OUTER_BOUND('',#371,.T.);
#189=FACE_OUTER_BOUND('',#372,.T.);
#190=FACE_OUTER_BOUND('',#373,.T.);
#191=FACE_OUTER_BOUND('',#374,.T.);
#192=FACE_OUTER_BOUND('',#375,.T.);
#193=FACE_OUTER_BOUND('',#376,.T.);
#194=FACE_OUTER_BOUND('',#377,.T.);
#195=FACE_OUTER_BOUND('',#378,.T.);
#196=FACE_OUTER_BOUND('',#379,.T.);
#197=FACE_OUTER_BOUND('',#380,.T.);
#198=FACE_OUTER_BOUND('',#381,.T.);
#199=FACE_OUTER_BOUND('',#382,.T.);
#200=FACE_OUTER_BOUND('',#383,.T.);
#201=FACE_OUTER_BOUND('',#384,.T.);
#202=FACE_OUTER_BOUND('',#385,.T.);
#203=FACE_OUTER_BOUND('',#387,.T.);
#204=FACE_OUTER_BOUND('',#388,.T.);
#205=FACE_OUTER_BOUND('',#389,.T.);
#206=FACE_OUTER_BOUND('',#390,.T.);
#207=FACE_OUTER_BOUND('',#391,.T.);
#208=FACE_OUTER_BOUND('',#392,.T.);
#209=FACE_OUTER_BOUND('',#393,.T.);
#210=FACE_OUTER_BOUND('',#394,.T.);
#211=FACE_OUTER_BOUND('',#395,.T.);
#212=FACE_OUTER_BOUND('',#396,.T.);
#213=FACE_OUTER_BOUND('',#397,.T.);
#214=FACE_OUTER_BOUND('',#398,.T.);
#215=FACE_OUTER_BOUND('',#399,.T.);
#216=FACE_OUTER_BOUND('',#400,.T.);
#217=FACE_OUTER_BOUND('',#401,.T.);
#218=FACE_OUTER_BOUND('',#403,.T.);
#219=FACE_OUTER_BOUND('',#404,.T.);
#220=FACE_OUTER_BOUND('',#405,.T.);
#221=FACE_OUTER_BOUND('',#406,.T.);
#222=FACE_OUTER_BOUND('',#407,.T.);
#223=FACE_OUTER_BOUND('',#408,.T.);
#224=FACE_OUTER_BOUND('',#409,.T.);
#225=FACE_OUTER_BOUND('',#410,.T.);
#226=FACE_OUTER_BOUND('',#411,.T.);
#227=FACE_OUTER_BOUND('',#412,.T.);
#228=FACE_OUTER_BOUND('',#413,.T.);
#229=FACE_OUTER_BOUND('',#414,.T.);
#230=FACE_OUTER_BOUND('',#415,.T.);
#231=FACE_OUTER_BOUND('',#416,.T.);
#232=FACE_OUTER_BOUND('',#417,.T.);
#233=FACE_OUTER_BOUND('',#419,.T.);
#234=FACE_OUTER_BOUND('',#420,.T.);
#235=FACE_OUTER_BOUND('',#421,.T.);
#236=FACE_OUTER_BOUND('',#422,.T.);
#237=FACE_OUTER_BOUND('',#423,.T.);
#238=FACE_OUTER_BOUND('',#424,.T.);
#239=FACE_OUTER_BOUND('',#425,.T.);
#240=FACE_OUTER_BOUND('',#426,.T.);
#241=FACE_OUTER_BOUND('',#427,.T.);
#242=FACE_OUTER_BOUND('',#428,.T.);
#243=FACE_OUTER_BOUND('',#429,.T.);
#244=FACE_OUTER_BOUND('',#430,.T.);
#245=FACE_OUTER_BOUND('',#431,.T.);
#246=FACE_OUTER_BOUND('',#432,.T.);
#247=FACE_OUTER_BOUND('',#433,.T.);
#248=FACE_OUTER_BOUND('',#434,.T.);
#249=FACE_OUTER_BOUND('',#435,.T.);
#250=FACE_OUTER_BOUND('',#436,.T.);
#251=FACE_OUTER_BOUND('',#437,.T.);
#252=FACE_OUTER_BOUND('',#438,.T.);
#253=FACE_OUTER_BOUND('',#440,.T.);
#254=FACE_OUTER_BOUND('',#442,.T.);
#255=FACE_OUTER_BOUND('',#443,.T.);
#256=FACE_OUTER_BOUND('',#444,.T.);
#257=FACE_OUTER_BOUND('',#445,.T.);
#258=FACE_OUTER_BOUND('',#446,.T.);
#259=FACE_OUTER_BOUND('',#447,.T.);
#260=FACE_OUTER_BOUND('',#448,.T.);
#261=FACE_OUTER_BOUND('',#449,.T.);
#262=FACE_OUTER_BOUND('',#450,.T.);
#263=FACE_OUTER_BOUND('',#451,.T.);
#264=FACE_OUTER_BOUND('',#452,.T.);
#265=FACE_OUTER_BOUND('',#453,.T.);
#266=FACE_OUTER_BOUND('',#454,.T.);
#267=FACE_OUTER_BOUND('',#456,.T.);
#268=FACE_OUTER_BOUND('',#457,.T.);
#269=FACE_OUTER_BOUND('',#458,.T.);
#270=FACE_OUTER_BOUND('',#460,.T.);
#271=FACE_OUTER_BOUND('',#461,.T.);
#272=FACE_OUTER_BOUND('',#462,.T.);
#273=FACE_OUTER_BOUND('',#464,.T.);
#274=EDGE_LOOP('',(#2242,#2243,#2244,#2245));
#275=EDGE_LOOP('',(#2246,#2247,#2248));
#276=EDGE_LOOP('',(#2249,#2250,#2251));
#277=EDGE_LOOP('',(#2252,#2253,#2254,#2255,#2256,#2257,#2258));
#278=EDGE_LOOP('',(#2259,#2260,#2261,#2262,#2263,#2264,#2265));
#279=EDGE_LOOP('',(#2266,#2267,#2268,#2269,#2270,#2271,#2272));
#280=EDGE_LOOP('',(#2273,#2274,#2275,#2276,#2277));
#281=EDGE_LOOP('',(#2278,#2279,#2280,#2281));
#282=EDGE_LOOP('',(#2282,#2283,#2284,#2285));
#283=EDGE_LOOP('',(#2286,#2287,#2288));
#284=EDGE_LOOP('',(#2289,#2290,#2291,#2292,#2293,#2294));
#285=EDGE_LOOP('',(#2295,#2296,#2297,#2298,#2299));
#286=EDGE_LOOP('',(#2300,#2301,#2302,#2303,#2304,#2305,#2306));
#287=EDGE_LOOP('',(#2307,#2308,#2309,#2310,#2311,#2312,#2313,#2314,#2315,
#2316,#2317,#2318));
#288=EDGE_LOOP('',(#2319,#2320,#2321,#2322,#2323,#2324));
#289=EDGE_LOOP('',(#2325,#2326,#2327,#2328,#2329,#2330,#2331));
#290=EDGE_LOOP('',(#2332,#2333,#2334,#2335,#2336,#2337,#2338));
#291=EDGE_LOOP('',(#2339,#2340,#2341,#2342,#2343,#2344));
#292=EDGE_LOOP('',(#2345,#2346,#2347,#2348,#2349,#2350,#2351,#2352,#2353,
#2354,#2355,#2356));
#293=EDGE_LOOP('',(#2357,#2358,#2359,#2360));
#294=EDGE_LOOP('',(#2361,#2362,#2363,#2364));
#295=EDGE_LOOP('',(#2365,#2366,#2367,#2368));
#296=EDGE_LOOP('',(#2369,#2370,#2371));
#297=EDGE_LOOP('',(#2372,#2373,#2374,#2375,#2376,#2377));
#298=EDGE_LOOP('',(#2378,#2379,#2380,#2381));
#299=EDGE_LOOP('',(#2382,#2383));
#300=EDGE_LOOP('',(#2384,#2385));
#301=EDGE_LOOP('',(#2386,#2387,#2388,#2389,#2390,#2391,#2392,#2393,#2394,
#2395,#2396,#2397,#2398,#2399,#2400,#2401,#2402,#2403,#2404,#2405));
#302=EDGE_LOOP('',(#2406));
#303=EDGE_LOOP('',(#2407,#2408));
#304=EDGE_LOOP('',(#2409,#2410,#2411,#2412,#2413,#2414,#2415,#2416));
#305=EDGE_LOOP('',(#2417,#2418,#2419));
#306=EDGE_LOOP('',(#2420,#2421,#2422,#2423,#2424,#2425));
#307=EDGE_LOOP('',(#2426,#2427,#2428,#2429,#2430,#2431));
#308=EDGE_LOOP('',(#2432,#2433,#2434,#2435,#2436,#2437));
#309=EDGE_LOOP('',(#2438,#2439,#2440,#2441));
#310=EDGE_LOOP('',(#2442,#2443,#2444,#2445));
#311=EDGE_LOOP('',(#2446,#2447,#2448,#2449));
#312=EDGE_LOOP('',(#2450,#2451,#2452,#2453,#2454,#2455));
#313=EDGE_LOOP('',(#2456,#2457,#2458,#2459,#2460,#2461));
#314=EDGE_LOOP('',(#2462,#2463,#2464,#2465,#2466,#2467,#2468,#2469,#2470,
#2471,#2472,#2473));
#315=EDGE_LOOP('',(#2474,#2475,#2476,#2477,#2478,#2479));
#316=EDGE_LOOP('',(#2480,#2481,#2482,#2483,#2484,#2485,#2486));
#317=EDGE_LOOP('',(#2487,#2488,#2489,#2490,#2491,#2492,#2493));
#318=EDGE_LOOP('',(#2494,#2495,#2496,#2497,#2498,#2499));
#319=EDGE_LOOP('',(#2500,#2501,#2502,#2503,#2504,#2505,#2506,#2507,#2508,
#2509,#2510,#2511));
#320=EDGE_LOOP('',(#2512,#2513,#2514,#2515));
#321=EDGE_LOOP('',(#2516,#2517,#2518,#2519));
#322=EDGE_LOOP('',(#2520,#2521,#2522,#2523));
#323=EDGE_LOOP('',(#2524,#2525,#2526));
#324=EDGE_LOOP('',(#2527,#2528,#2529,#2530,#2531,#2532));
#325=EDGE_LOOP('',(#2533,#2534,#2535,#2536));
#326=EDGE_LOOP('',(#2537,#2538));
#327=EDGE_LOOP('',(#2539,#2540,#2541,#2542,#2543,#2544,#2545,#2546,#2547,
#2548,#2549,#2550,#2551));
#328=EDGE_LOOP('',(#2552,#2553,#2554,#2555));
#329=EDGE_LOOP('',(#2556,#2557));
#330=EDGE_LOOP('',(#2558));
#331=EDGE_LOOP('',(#2559,#2560));
#332=EDGE_LOOP('',(#2561,#2562,#2563,#2564,#2565,#2566,#2567,#2568));
#333=EDGE_LOOP('',(#2569,#2570,#2571,#2572,#2573,#2574));
#334=EDGE_LOOP('',(#2575,#2576,#2577,#2578,#2579,#2580));
#335=EDGE_LOOP('',(#2581,#2582,#2583,#2584,#2585,#2586));
#336=EDGE_LOOP('',(#2587,#2588,#2589,#2590,#2591,#2592));
#337=EDGE_LOOP('',(#2593,#2594,#2595,#2596));
#338=EDGE_LOOP('',(#2597,#2598,#2599,#2600));
#339=EDGE_LOOP('',(#2601,#2602,#2603,#2604));
#340=EDGE_LOOP('',(#2605,#2606,#2607,#2608,#2609,#2610));
#341=EDGE_LOOP('',(#2611,#2612,#2613,#2614,#2615,#2616));
#342=EDGE_LOOP('',(#2617,#2618,#2619,#2620,#2621,#2622,#2623,#2624,#2625,
#2626,#2627,#2628));
#343=EDGE_LOOP('',(#2629,#2630,#2631,#2632,#2633,#2634,#2635));
#344=EDGE_LOOP('',(#2636,#2637,#2638,#2639,#2640,#2641));
#345=EDGE_LOOP('',(#2642,#2643,#2644,#2645,#2646,#2647,#2648));
#346=EDGE_LOOP('',(#2649,#2650,#2651,#2652,#2653,#2654));
#347=EDGE_LOOP('',(#2655,#2656,#2657,#2658,#2659,#2660,#2661,#2662,#2663,
#2664,#2665,#2666));
#348=EDGE_LOOP('',(#2667,#2668,#2669,#2670));
#349=EDGE_LOOP('',(#2671,#2672,#2673,#2674));
#350=EDGE_LOOP('',(#2675,#2676,#2677));
#351=EDGE_LOOP('',(#2678,#2679,#2680,#2681,#2682));
#352=EDGE_LOOP('',(#2683,#2684,#2685,#2686,#2687));
#353=EDGE_LOOP('',(#2688,#2689,#2690,#2691,#2692,#2693,#2694,#2695,#2696,
#2697,#2698,#2699,#2700,#2701,#2702,#2703,#2704,#2705));
#354=EDGE_LOOP('',(#2706,#2707,#2708,#2709));
#355=EDGE_LOOP('',(#2710));
#356=EDGE_LOOP('',(#2711,#2712));
#357=EDGE_LOOP('',(#2713,#2714,#2715,#2716,#2717,#2718));
#358=EDGE_LOOP('',(#2719,#2720,#2721));
#359=EDGE_LOOP('',(#2722,#2723,#2724));
#360=EDGE_LOOP('',(#2725,#2726,#2727,#2728));
#361=EDGE_LOOP('',(#2729,#2730,#2731,#2732,#2733,#2734));
#362=EDGE_LOOP('',(#2735,#2736,#2737,#2738,#2739,#2740,#2741));
#363=EDGE_LOOP('',(#2742,#2743,#2744,#2745,#2746,#2747,#2748));
#364=EDGE_LOOP('',(#2749,#2750,#2751,#2752));
#365=EDGE_LOOP('',(#2753,#2754,#2755,#2756));
#366=EDGE_LOOP('',(#2757,#2758,#2759));
#367=EDGE_LOOP('',(#2760,#2761,#2762,#2763,#2764,#2765));
#368=EDGE_LOOP('',(#2766,#2767,#2768,#2769,#2770));
#369=EDGE_LOOP('',(#2771,#2772,#2773,#2774,#2775,#2776,#2777));
#370=EDGE_LOOP('',(#2778,#2779,#2780,#2781,#2782,#2783,#2784,#2785,#2786,
#2787,#2788,#2789));
#371=EDGE_LOOP('',(#2790,#2791,#2792,#2793,#2794,#2795,#2796));
#372=EDGE_LOOP('',(#2797,#2798,#2799,#2800,#2801,#2802,#2803));
#373=EDGE_LOOP('',(#2804,#2805,#2806,#2807,#2808,#2809,#2810));
#374=EDGE_LOOP('',(#2811,#2812,#2813,#2814,#2815,#2816));
#375=EDGE_LOOP('',(#2817,#2818,#2819,#2820,#2821,#2822,#2823,#2824,#2825,
#2826,#2827,#2828));
#376=EDGE_LOOP('',(#2829,#2830,#2831,#2832,#2833,#2834,#2835));
#377=EDGE_LOOP('',(#2836,#2837,#2838,#2839));
#378=EDGE_LOOP('',(#2840,#2841,#2842,#2843));
#379=EDGE_LOOP('',(#2844,#2845,#2846));
#380=EDGE_LOOP('',(#2847,#2848,#2849,#2850,#2851,#2852));
#381=EDGE_LOOP('',(#2853,#2854,#2855,#2856,#2857,#2858));
#382=EDGE_LOOP('',(#2859,#2860));
#383=EDGE_LOOP('',(#2861,#2862));
#384=EDGE_LOOP('',(#2863,#2864));
#385=EDGE_LOOP('',(#2865,#2866,#2867,#2868,#2869,#2870,#2871,#2872,#2873,
#2874,#2875,#2876,#2877,#2878,#2879,#2880,#2881,#2882,#2883,#2884,#2885,
#2886));
#386=EDGE_LOOP('',(#2887));
#387=EDGE_LOOP('',(#2888,#2889,#2890,#2891));
#388=EDGE_LOOP('',(#2892,#2893,#2894,#2895));
#389=EDGE_LOOP('',(#2896,#2897,#2898,#2899));
#390=EDGE_LOOP('',(#2900,#2901,#2902,#2903));
#391=EDGE_LOOP('',(#2904,#2905,#2906,#2907));
#392=EDGE_LOOP('',(#2908,#2909,#2910,#2911));
#393=EDGE_LOOP('',(#2912,#2913,#2914,#2915));
#394=EDGE_LOOP('',(#2916,#2917,#2918,#2919));
#395=EDGE_LOOP('',(#2920,#2921,#2922,#2923));
#396=EDGE_LOOP('',(#2924,#2925,#2926,#2927));
#397=EDGE_LOOP('',(#2928,#2929,#2930,#2931));
#398=EDGE_LOOP('',(#2932,#2933,#2934,#2935));
#399=EDGE_LOOP('',(#2936,#2937,#2938,#2939));
#400=EDGE_LOOP('',(#2940,#2941,#2942,#2943));
#401=EDGE_LOOP('',(#2944,#2945,#2946,#2947,#2948));
#402=EDGE_LOOP('',(#2949));
#403=EDGE_LOOP('',(#2950,#2951,#2952,#2953));
#404=EDGE_LOOP('',(#2954,#2955,#2956));
#405=EDGE_LOOP('',(#2957,#2958,#2959));
#406=EDGE_LOOP('',(#2960,#2961,#2962,#2963,#2964,#2965,#2966,#2967,#2968,
#2969,#2970,#2971,#2972,#2973));
#407=EDGE_LOOP('',(#2974,#2975,#2976,#2977));
#408=EDGE_LOOP('',(#2978,#2979,#2980,#2981));
#409=EDGE_LOOP('',(#2982,#2983,#2984,#2985,#2986,#2987,#2988,#2989,#2990,
#2991,#2992,#2993,#2994,#2995,#2996,#2997,#2998,#2999));
#410=EDGE_LOOP('',(#3000,#3001,#3002,#3003,#3004,#3005,#3006,#3007,#3008,
#3009,#3010,#3011,#3012,#3013,#3014,#3015,#3016,#3017));
#411=EDGE_LOOP('',(#3018,#3019,#3020,#3021));
#412=EDGE_LOOP('',(#3022,#3023,#3024,#3025));
#413=EDGE_LOOP('',(#3026,#3027,#3028,#3029));
#414=EDGE_LOOP('',(#3030,#3031,#3032,#3033));
#415=EDGE_LOOP('',(#3034,#3035,#3036,#3037));
#416=EDGE_LOOP('',(#3038,#3039,#3040,#3041));
#417=EDGE_LOOP('',(#3042,#3043,#3044,#3045,#3046));
#418=EDGE_LOOP('',(#3047));
#419=EDGE_LOOP('',(#3048,#3049,#3050,#3051));
#420=EDGE_LOOP('',(#3052,#3053,#3054));
#421=EDGE_LOOP('',(#3055,#3056,#3057));
#422=EDGE_LOOP('',(#3058,#3059,#3060,#3061,#3062,#3063,#3064,#3065,#3066,
#3067,#3068,#3069,#3070,#3071));
#423=EDGE_LOOP('',(#3072,#3073,#3074,#3075));
#424=EDGE_LOOP('',(#3076,#3077,#3078,#3079));
#425=EDGE_LOOP('',(#3080,#3081,#3082,#3083,#3084,#3085,#3086,#3087,#3088,
#3089,#3090,#3091,#3092,#3093,#3094,#3095,#3096,#3097));
#426=EDGE_LOOP('',(#3098,#3099,#3100,#3101));
#427=EDGE_LOOP('',(#3102,#3103,#3104,#3105));
#428=EDGE_LOOP('',(#3106,#3107,#3108,#3109));
#429=EDGE_LOOP('',(#3110,#3111,#3112,#3113));
#430=EDGE_LOOP('',(#3114,#3115,#3116,#3117));
#431=EDGE_LOOP('',(#3118,#3119,#3120,#3121));
#432=EDGE_LOOP('',(#3122,#3123,#3124,#3125));
#433=EDGE_LOOP('',(#3126,#3127,#3128,#3129));
#434=EDGE_LOOP('',(#3130,#3131,#3132,#3133));
#435=EDGE_LOOP('',(#3134,#3135,#3136,#3137,#3138,#3139,#3140,#3141,#3142,
#3143,#3144,#3145,#3146,#3147,#3148,#3149,#3150,#3151,#3152,#3153,#3154));
#436=EDGE_LOOP('',(#3155,#3156,#3157));
#437=EDGE_LOOP('',(#3158,#3159,#3160));
#438=EDGE_LOOP('',(#3161,#3162,#3163,#3164,#3165));
#439=EDGE_LOOP('',(#3166));
#440=EDGE_LOOP('',(#3167,#3168,#3169,#3170,#3171,#3172,#3173,#3174,#3175,
#3176,#3177,#3178,#3179,#3180,#3181,#3182,#3183,#3184));
#441=EDGE_LOOP('',(#3185,#3186,#3187,#3188,#3189,#3190,#3191,#3192));
#442=EDGE_LOOP('',(#3193,#3194,#3195,#3196));
#443=EDGE_LOOP('',(#3197,#3198,#3199,#3200));
#444=EDGE_LOOP('',(#3201,#3202,#3203,#3204));
#445=EDGE_LOOP('',(#3205,#3206,#3207,#3208));
#446=EDGE_LOOP('',(#3209,#3210,#3211,#3212));
#447=EDGE_LOOP('',(#3213,#3214,#3215,#3216));
#448=EDGE_LOOP('',(#3217,#3218,#3219,#3220));
#449=EDGE_LOOP('',(#3221,#3222,#3223,#3224));
#450=EDGE_LOOP('',(#3225,#3226,#3227,#3228,#3229,#3230,#3231,#3232,#3233,
#3234,#3235,#3236,#3237,#3238,#3239,#3240,#3241));
#451=EDGE_LOOP('',(#3242,#3243,#3244));
#452=EDGE_LOOP('',(#3245,#3246,#3247));
#453=EDGE_LOOP('',(#3248,#3249,#3250,#3251));
#454=EDGE_LOOP('',(#3252,#3253,#3254,#3255,#3256));
#455=EDGE_LOOP('',(#3257));
#456=EDGE_LOOP('',(#3258,#3259,#3260,#3261));
#457=EDGE_LOOP('',(#3262,#3263,#3264,#3265));
#458=EDGE_LOOP('',(#3266,#3267,#3268,#3269));
#459=EDGE_LOOP('',(#3270,#3271,#3272,#3273,#3274,#3275,#3276,#3277));
#460=EDGE_LOOP('',(#3278,#3279,#3280,#3281));
#461=EDGE_LOOP('',(#3282,#3283,#3284,#3285));
#462=EDGE_LOOP('',(#3286,#3287,#3288,#3289));
#463=EDGE_LOOP('',(#3290,#3291,#3292,#3293));
#464=EDGE_LOOP('',(#3294,#3295,#3296,#3297));
#465=LINE('',#4850,#885);
#466=LINE('',#4851,#886);
#467=LINE('',#4857,#887);
#468=LINE('',#4858,#888);
#469=LINE('',#4864,#889);
#470=LINE('',#4865,#890);
#471=LINE('',#4869,#891);
#472=LINE('',#4871,#892);
#473=LINE('',#4873,#893);
#474=LINE('',#4874,#894);
#475=LINE('',#4876,#895);
#476=LINE('',#4877,#896);
#477=LINE('',#4881,#897);
#478=LINE('',#4883,#898);
#479=LINE('',#4885,#899);
#480=LINE('',#4887,#900);
#481=LINE('',#4889,#901);
#482=LINE('',#4891,#902);
#483=LINE('',#4892,#903);
#484=LINE('',#4896,#904);
#485=LINE('',#4898,#905);
#486=LINE('',#4900,#906);
#487=LINE('',#4902,#907);
#488=LINE('',#4904,#908);
#489=LINE('',#4906,#909);
#490=LINE('',#4907,#910);
#491=LINE('',#4909,#911);
#492=LINE('',#4910,#912);
#493=LINE('',#4912,#913);
#494=LINE('',#4916,#914);
#495=LINE('',#4917,#915);
#496=LINE('',#4918,#916);
#497=LINE('',#4922,#917);
#498=LINE('',#4925,#918);
#499=LINE('',#4926,#919);
#500=LINE('',#4927,#920);
#501=LINE('',#4929,#921);
#502=LINE('',#4930,#922);
#503=LINE('',#4934,#923);
#504=LINE('',#4935,#924);
#505=LINE('',#4936,#925);
#506=LINE('',#4937,#926);
#507=LINE('',#4940,#927);
#508=LINE('',#4942,#928);
#509=LINE('',#4943,#929);
#510=LINE('',#4945,#930);
#511=LINE('',#4947,#931);
#512=LINE('',#4948,#932);
#513=LINE('',#4951,#933);
#514=LINE('',#4953,#934);
#515=LINE('',#4955,#935);
#516=LINE('',#4956,#936);
#517=LINE('',#4959,#937);
#518=LINE('',#4961,#938);
#519=LINE('',#4963,#939);
#520=LINE('',#4965,#940);
#521=LINE('',#4966,#941);
#522=LINE('',#4969,#942);
#523=LINE('',#4970,#943);
#524=LINE('',#4972,#944);
#525=LINE('',#4973,#945);
#526=LINE('',#4976,#946);
#527=LINE('',#4978,#947);
#528=LINE('',#4980,#948);
#529=LINE('',#4981,#949);
#530=LINE('',#4983,#950);
#531=LINE('',#4984,#951);
#532=LINE('',#4986,#952);
#533=LINE('',#4987,#953);
#534=LINE('',#4990,#954);
#535=LINE('',#4994,#955);
#536=LINE('',#4996,#956);
#537=LINE('',#5010,#957);
#538=LINE('',#5012,#958);
#539=LINE('',#5014,#959);
#540=LINE('',#5016,#960);
#541=LINE('',#5023,#961);
#542=LINE('',#5029,#962);
#543=LINE('',#5033,#963);
#544=LINE('',#5035,#964);
#545=LINE('',#5037,#965);
#546=LINE('',#5039,#966);
#547=LINE('',#5040,#967);
#548=LINE('',#5046,#968);
#549=LINE('',#5047,#969);
#550=LINE('',#5051,#970);
#551=LINE('',#5053,#971);
#552=LINE('',#5054,#972);
#553=LINE('',#5056,#973);
#554=LINE('',#5057,#974);
#555=LINE('',#5061,#975);
#556=LINE('',#5063,#976);
#557=LINE('',#5065,#977);
#558=LINE('',#5067,#978);
#559=LINE('',#5069,#979);
#560=LINE('',#5070,#980);
#561=LINE('',#5074,#981);
#562=LINE('',#5076,#982);
#563=LINE('',#5077,#983);
#564=LINE('',#5079,#984);
#565=LINE('',#5080,#985);
#566=LINE('',#5082,#986);
#567=LINE('',#5086,#987);
#568=LINE('',#5087,#988);
#569=LINE('',#5088,#989);
#570=LINE('',#5092,#990);
#571=LINE('',#5093,#991);
#572=LINE('',#5094,#992);
#573=LINE('',#5096,#993);
#574=LINE('',#5097,#994);
#575=LINE('',#5101,#995);
#576=LINE('',#5102,#996);
#577=LINE('',#5103,#997);
#578=LINE('',#5104,#998);
#579=LINE('',#5107,#999);
#580=LINE('',#5109,#1000);
#581=LINE('',#5110,#1001);
#582=LINE('',#5112,#1002);
#583=LINE('',#5114,#1003);
#584=LINE('',#5115,#1004);
#585=LINE('',#5118,#1005);
#586=LINE('',#5120,#1006);
#587=LINE('',#5122,#1007);
#588=LINE('',#5123,#1008);
#589=LINE('',#5126,#1009);
#590=LINE('',#5128,#1010);
#591=LINE('',#5130,#1011);
#592=LINE('',#5132,#1012);
#593=LINE('',#5133,#1013);
#594=LINE('',#5136,#1014);
#595=LINE('',#5137,#1015);
#596=LINE('',#5139,#1016);
#597=LINE('',#5140,#1017);
#598=LINE('',#5143,#1018);
#599=LINE('',#5145,#1019);
#600=LINE('',#5147,#1020);
#601=LINE('',#5148,#1021);
#602=LINE('',#5150,#1022);
#603=LINE('',#5151,#1023);
#604=LINE('',#5153,#1024);
#605=LINE('',#5154,#1025);
#606=LINE('',#5157,#1026);
#607=LINE('',#5161,#1027);
#608=LINE('',#5163,#1028);
#609=LINE('',#5174,#1029);
#610=LINE('',#5176,#1030);
#611=LINE('',#5178,#1031);
#612=LINE('',#5180,#1032);
#613=LINE('',#5184,#1033);
#614=LINE('',#5194,#1034);
#615=LINE('',#5198,#1035);
#616=LINE('',#5200,#1036);
#617=LINE('',#5202,#1037);
#618=LINE('',#5204,#1038);
#619=LINE('',#5205,#1039);
#620=LINE('',#5211,#1040);
#621=LINE('',#5213,#1041);
#622=LINE('',#5215,#1042);
#623=LINE('',#5217,#1043);
#624=LINE('',#5218,#1044);
#625=LINE('',#5222,#1045);
#626=LINE('',#5224,#1046);
#627=LINE('',#5225,#1047);
#628=LINE('',#5227,#1048);
#629=LINE('',#5228,#1049);
#630=LINE('',#5232,#1050);
#631=LINE('',#5234,#1051);
#632=LINE('',#5236,#1052);
#633=LINE('',#5238,#1053);
#634=LINE('',#5240,#1054);
#635=LINE('',#5241,#1055);
#636=LINE('',#5245,#1056);
#637=LINE('',#5247,#1057);
#638=LINE('',#5248,#1058);
#639=LINE('',#5250,#1059);
#640=LINE('',#5251,#1060);
#641=LINE('',#5253,#1061);
#642=LINE('',#5257,#1062);
#643=LINE('',#5258,#1063);
#644=LINE('',#5259,#1064);
#645=LINE('',#5263,#1065);
#646=LINE('',#5264,#1066);
#647=LINE('',#5265,#1067);
#648=LINE('',#5267,#1068);
#649=LINE('',#5268,#1069);
#650=LINE('',#5272,#1070);
#651=LINE('',#5273,#1071);
#652=LINE('',#5274,#1072);
#653=LINE('',#5275,#1073);
#654=LINE('',#5278,#1074);
#655=LINE('',#5280,#1075);
#656=LINE('',#5281,#1076);
#657=LINE('',#5283,#1077);
#658=LINE('',#5285,#1078);
#659=LINE('',#5286,#1079);
#660=LINE('',#5288,#1080);
#661=LINE('',#5290,#1081);
#662=LINE('',#5292,#1082);
#663=LINE('',#5293,#1083);
#664=LINE('',#5296,#1084);
#665=LINE('',#5298,#1085);
#666=LINE('',#5300,#1086);
#667=LINE('',#5301,#1087);
#668=LINE('',#5304,#1088);
#669=LINE('',#5306,#1089);
#670=LINE('',#5308,#1090);
#671=LINE('',#5310,#1091);
#672=LINE('',#5311,#1092);
#673=LINE('',#5314,#1093);
#674=LINE('',#5315,#1094);
#675=LINE('',#5316,#1095);
#676=LINE('',#5318,#1096);
#677=LINE('',#5319,#1097);
#678=LINE('',#5322,#1098);
#679=LINE('',#5326,#1099);
#680=LINE('',#5328,#1100);
#681=LINE('',#5330,#1101);
#682=LINE('',#5338,#1102);
#683=LINE('',#5340,#1103);
#684=LINE('',#5342,#1104);
#685=LINE('',#5344,#1105);
#686=LINE('',#5356,#1106);
#687=LINE('',#5360,#1107);
#688=LINE('',#5362,#1108);
#689=LINE('',#5364,#1109);
#690=LINE('',#5365,#1110);
#691=LINE('',#5371,#1111);
#692=LINE('',#5372,#1112);
#693=LINE('',#5378,#1113);
#694=LINE('',#5379,#1114);
#695=LINE('',#5387,#1115);
#696=LINE('',#5388,#1116);
#697=LINE('',#5392,#1117);
#698=LINE('',#5394,#1118);
#699=LINE('',#5395,#1119);
#700=LINE('',#5397,#1120);
#701=LINE('',#5398,#1121);
#702=LINE('',#5402,#1122);
#703=LINE('',#5404,#1123);
#704=LINE('',#5406,#1124);
#705=LINE('',#5408,#1125);
#706=LINE('',#5410,#1126);
#707=LINE('',#5412,#1127);
#708=LINE('',#5413,#1128);
#709=LINE('',#5417,#1129);
#710=LINE('',#5419,#1130);
#711=LINE('',#5421,#1131);
#712=LINE('',#5422,#1132);
#713=LINE('',#5424,#1133);
#714=LINE('',#5425,#1134);
#715=LINE('',#5427,#1135);
#716=LINE('',#5431,#1136);
#717=LINE('',#5432,#1137);
#718=LINE('',#5433,#1138);
#719=LINE('',#5437,#1139);
#720=LINE('',#5440,#1140);
#721=LINE('',#5441,#1141);
#722=LINE('',#5442,#1142);
#723=LINE('',#5444,#1143);
#724=LINE('',#5445,#1144);
#725=LINE('',#5449,#1145);
#726=LINE('',#5450,#1146);
#727=LINE('',#5451,#1147);
#728=LINE('',#5452,#1148);
#729=LINE('',#5455,#1149);
#730=LINE('',#5457,#1150);
#731=LINE('',#5458,#1151);
#732=LINE('',#5460,#1152);
#733=LINE('',#5462,#1153);
#734=LINE('',#5463,#1154);
#735=LINE('',#5466,#1155);
#736=LINE('',#5467,#1156);
#737=LINE('',#5469,#1157);
#738=LINE('',#5470,#1158);
#739=LINE('',#5473,#1159);
#740=LINE('',#5475,#1160);
#741=LINE('',#5477,#1161);
#742=LINE('',#5479,#1162);
#743=LINE('',#5480,#1163);
#744=LINE('',#5483,#1164);
#745=LINE('',#5484,#1165);
#746=LINE('',#5486,#1166);
#747=LINE('',#5487,#1167);
#748=LINE('',#5490,#1168);
#749=LINE('',#5492,#1169);
#750=LINE('',#5494,#1170);
#751=LINE('',#5495,#1171);
#752=LINE('',#5497,#1172);
#753=LINE('',#5498,#1173);
#754=LINE('',#5500,#1174);
#755=LINE('',#5502,#1175);
#756=LINE('',#5505,#1176);
#757=LINE('',#5508,#1177);
#758=LINE('',#5512,#1178);
#759=LINE('',#5514,#1179);
#760=LINE('',#5516,#1180);
#761=LINE('',#5529,#1181);
#762=LINE('',#5531,#1182);
#763=LINE('',#5533,#1183);
#764=LINE('',#5535,#1184);
#765=LINE('',#5548,#1185);
#766=LINE('',#5550,#1186);
#767=LINE('',#5552,#1187);
#768=LINE('',#5553,#1188);
#769=LINE('',#5559,#1189);
#770=LINE('',#5562,#1190);
#771=LINE('',#5564,#1191);
#772=LINE('',#5565,#1192);
#773=LINE('',#5571,#1193);
#774=LINE('',#5574,#1194);
#775=LINE('',#5576,#1195);
#776=LINE('',#5577,#1196);
#777=LINE('',#5583,#1197);
#778=LINE('',#5586,#1198);
#779=LINE('',#5588,#1199);
#780=LINE('',#5589,#1200);
#781=LINE('',#5596,#1201);
#782=LINE('',#5597,#1202);
#783=LINE('',#5599,#1203);
#784=LINE('',#5600,#1204);
#785=LINE('',#5605,#1205);
#786=LINE('',#5617,#1206);
#787=LINE('',#5618,#1207);
#788=LINE('',#5624,#1208);
#789=LINE('',#5636,#1209);
#790=LINE('',#5639,#1210);
#791=LINE('',#5641,#1211);
#792=LINE('',#5642,#1212);
#793=LINE('',#5646,#1213);
#794=LINE('',#5659,#1214);
#795=LINE('',#5661,#1215);
#796=LINE('',#5663,#1216);
#797=LINE('',#5682,#1217);
#798=LINE('',#5684,#1218);
#799=LINE('',#5686,#1219);
#800=LINE('',#5689,#1220);
#801=LINE('',#5691,#1221);
#802=LINE('',#5693,#1222);
#803=LINE('',#5695,#1223);
#804=LINE('',#5699,#1224);
#805=LINE('',#5702,#1225);
#806=LINE('',#5704,#1226);
#807=LINE('',#5706,#1227);
#808=LINE('',#5707,#1228);
#809=LINE('',#5710,#1229);
#810=LINE('',#5711,#1230);
#811=LINE('',#5713,#1231);
#812=LINE('',#5717,#1232);
#813=LINE('',#5721,#1233);
#814=LINE('',#5723,#1234);
#815=LINE('',#5724,#1235);
#816=LINE('',#5728,#1236);
#817=LINE('',#5729,#1237);
#818=LINE('',#5731,#1238);
#819=LINE('',#5732,#1239);
#820=LINE('',#5737,#1240);
#821=LINE('',#5749,#1241);
#822=LINE('',#5750,#1242);
#823=LINE('',#5753,#1243);
#824=LINE('',#5765,#1244);
#825=LINE('',#5768,#1245);
#826=LINE('',#5769,#1246);
#827=LINE('',#5771,#1247);
#828=LINE('',#5772,#1248);
#829=LINE('',#5775,#1249);
#830=LINE('',#5777,#1250);
#831=LINE('',#5808,#1251);
#832=LINE('',#5811,#1252);
#833=LINE('',#5813,#1253);
#834=LINE('',#5815,#1254);
#835=LINE('',#5819,#1255);
#836=LINE('',#5822,#1256);
#837=LINE('',#5824,#1257);
#838=LINE('',#5825,#1258);
#839=LINE('',#5830,#1259);
#840=LINE('',#5842,#1260);
#841=LINE('',#5845,#1261);
#842=LINE('',#5847,#1262);
#843=LINE('',#5848,#1263);
#844=LINE('',#5853,#1264);
#845=LINE('',#5866,#1265);
#846=LINE('',#5867,#1266);
#847=LINE('',#5870,#1267);
#848=LINE('',#5882,#1268);
#849=LINE('',#5884,#1269);
#850=LINE('',#5885,#1270);
#851=LINE('',#5888,#1271);
#852=LINE('',#5891,#1272);
#853=LINE('',#5892,#1273);
#854=LINE('',#5909,#1274);
#855=LINE('',#5911,#1275);
#856=LINE('',#5913,#1276);
#857=LINE('',#5917,#1277);
#858=LINE('',#5920,#1278);
#859=LINE('',#5921,#1279);
#860=LINE('',#5924,#1280);
#861=LINE('',#5935,#1281);
#862=LINE('',#5937,#1282);
#863=LINE('',#5939,#1283);
#864=LINE('',#5951,#1284);
#865=LINE('',#5954,#1285);
#866=LINE('',#5955,#1286);
#867=LINE('',#5958,#1287);
#868=LINE('',#5971,#1288);
#869=LINE('',#5975,#1289);
#870=LINE('',#5987,#1290);
#871=LINE('',#5989,#1291);
#872=LINE('',#5994,#1292);
#873=LINE('',#6000,#1293);
#874=LINE('',#6002,#1294);
#875=LINE('',#6004,#1295);
#876=LINE('',#6005,#1296);
#877=LINE('',#6008,#1297);
#878=LINE('',#6010,#1298);
#879=LINE('',#6011,#1299);
#880=LINE('',#6014,#1300);
#881=LINE('',#6016,#1301);
#882=LINE('',#6017,#1302);
#883=LINE('',#6019,#1303);
#884=LINE('',#6020,#1304);
#885=VECTOR('',#3892,10.);
#886=VECTOR('',#3893,10.);
#887=VECTOR('',#3898,10.);
#888=VECTOR('',#3899,10.);
#889=VECTOR('',#3904,10.);
#890=VECTOR('',#3905,10.);
#891=VECTOR('',#3908,10.);
#892=VECTOR('',#3909,10.);
#893=VECTOR('',#3910,10.);
#894=VECTOR('',#3911,10.);
#895=VECTOR('',#3912,10.);
#896=VECTOR('',#3913,10.);
#897=VECTOR('',#3916,10.);
#898=VECTOR('',#3917,10.);
#899=VECTOR('',#3918,10.);
#900=VECTOR('',#3919,10.);
#901=VECTOR('',#3920,10.);
#902=VECTOR('',#3921,10.);
#903=VECTOR('',#3922,10.);
#904=VECTOR('',#3925,10.);
#905=VECTOR('',#3926,10.);
#906=VECTOR('',#3927,10.);
#907=VECTOR('',#3928,10.);
#908=VECTOR('',#3929,10.);
#909=VECTOR('',#3930,10.);
#910=VECTOR('',#3931,10.);
#911=VECTOR('',#3934,10.);
#912=VECTOR('',#3935,10.);
#913=VECTOR('',#3938,10.);
#914=VECTOR('',#3941,10.);
#915=VECTOR('',#3942,10.);
#916=VECTOR('',#3943,10.);
#917=VECTOR('',#3948,10.);
#918=VECTOR('',#3951,10.);
#919=VECTOR('',#3952,10.);
#920=VECTOR('',#3953,10.);
#921=VECTOR('',#3956,10.);
#922=VECTOR('',#3957,10.);
#923=VECTOR('',#3960,10.);
#924=VECTOR('',#3961,10.);
#925=VECTOR('',#3962,10.);
#926=VECTOR('',#3963,10.);
#927=VECTOR('',#3966,10.);
#928=VECTOR('',#3967,10.);
#929=VECTOR('',#3968,10.);
#930=VECTOR('',#3969,10.);
#931=VECTOR('',#3970,10.);
#932=VECTOR('',#3971,10.);
#933=VECTOR('',#3974,10.);
#934=VECTOR('',#3975,10.);
#935=VECTOR('',#3976,10.);
#936=VECTOR('',#3977,10.);
#937=VECTOR('',#3980,10.);
#938=VECTOR('',#3981,10.);
#939=VECTOR('',#3982,10.);
#940=VECTOR('',#3983,10.);
#941=VECTOR('',#3984,10.);
#942=VECTOR('',#3987,10.);
#943=VECTOR('',#3988,10.);
#944=VECTOR('',#3989,10.);
#945=VECTOR('',#3990,10.);
#946=VECTOR('',#3993,10.);
#947=VECTOR('',#3994,10.);
#948=VECTOR('',#3995,10.);
#949=VECTOR('',#3996,10.);
#950=VECTOR('',#3999,10.);
#951=VECTOR('',#4000,10.);
#952=VECTOR('',#4003,10.);
#953=VECTOR('',#4004,10.);
#954=VECTOR('',#4009,10.);
#955=VECTOR('',#4014,10.);
#956=VECTOR('',#4017,10.);
#957=VECTOR('',#4038,10.);
#958=VECTOR('',#4039,10.);
#959=VECTOR('',#4040,10.);
#960=VECTOR('',#4041,10.);
#961=VECTOR('',#4050,10.);
#962=VECTOR('',#4055,10.);
#963=VECTOR('',#4058,10.);
#964=VECTOR('',#4059,10.);
#965=VECTOR('',#4060,10.);
#966=VECTOR('',#4061,10.);
#967=VECTOR('',#4062,10.);
#968=VECTOR('',#4067,10.);
#969=VECTOR('',#4068,10.);
#970=VECTOR('',#4071,10.);
#971=VECTOR('',#4072,10.);
#972=VECTOR('',#4073,10.);
#973=VECTOR('',#4074,10.);
#974=VECTOR('',#4075,10.);
#975=VECTOR('',#4078,10.);
#976=VECTOR('',#4079,10.);
#977=VECTOR('',#4080,10.);
#978=VECTOR('',#4081,10.);
#979=VECTOR('',#4082,10.);
#980=VECTOR('',#4083,10.);
#981=VECTOR('',#4086,10.);
#982=VECTOR('',#4087,10.);
#983=VECTOR('',#4088,10.);
#984=VECTOR('',#4089,10.);
#985=VECTOR('',#4090,10.);
#986=VECTOR('',#4093,10.);
#987=VECTOR('',#4096,10.);
#988=VECTOR('',#4097,10.);
#989=VECTOR('',#4098,10.);
#990=VECTOR('',#4101,10.);
#991=VECTOR('',#4102,10.);
#992=VECTOR('',#4103,10.);
#993=VECTOR('',#4106,10.);
#994=VECTOR('',#4107,10.);
#995=VECTOR('',#4110,10.);
#996=VECTOR('',#4111,10.);
#997=VECTOR('',#4112,10.);
#998=VECTOR('',#4113,10.);
#999=VECTOR('',#4116,10.);
#1000=VECTOR('',#4117,10.);
#1001=VECTOR('',#4118,10.);
#1002=VECTOR('',#4119,10.);
#1003=VECTOR('',#4120,10.);
#1004=VECTOR('',#4121,10.);
#1005=VECTOR('',#4124,10.);
#1006=VECTOR('',#4125,10.);
#1007=VECTOR('',#4126,10.);
#1008=VECTOR('',#4127,10.);
#1009=VECTOR('',#4130,10.);
#1010=VECTOR('',#4131,10.);
#1011=VECTOR('',#4132,10.);
#1012=VECTOR('',#4133,10.);
#1013=VECTOR('',#4134,10.);
#1014=VECTOR('',#4137,10.);
#1015=VECTOR('',#4138,10.);
#1016=VECTOR('',#4139,10.);
#1017=VECTOR('',#4140,10.);
#1018=VECTOR('',#4143,10.);
#1019=VECTOR('',#4144,10.);
#1020=VECTOR('',#4145,10.);
#1021=VECTOR('',#4146,10.);
#1022=VECTOR('',#4149,10.);
#1023=VECTOR('',#4150,10.);
#1024=VECTOR('',#4153,10.);
#1025=VECTOR('',#4154,10.);
#1026=VECTOR('',#4159,10.);
#1027=VECTOR('',#4164,10.);
#1028=VECTOR('',#4167,10.);
#1029=VECTOR('',#4182,10.);
#1030=VECTOR('',#4183,10.);
#1031=VECTOR('',#4184,10.);
#1032=VECTOR('',#4185,10.);
#1033=VECTOR('',#4190,10.);
#1034=VECTOR('',#4201,10.);
#1035=VECTOR('',#4204,10.);
#1036=VECTOR('',#4205,10.);
#1037=VECTOR('',#4206,10.);
#1038=VECTOR('',#4207,10.);
#1039=VECTOR('',#4208,10.);
#1040=VECTOR('',#4213,10.);
#1041=VECTOR('',#4214,10.);
#1042=VECTOR('',#4215,10.);
#1043=VECTOR('',#4216,10.);
#1044=VECTOR('',#4217,10.);
#1045=VECTOR('',#4220,10.);
#1046=VECTOR('',#4221,10.);
#1047=VECTOR('',#4222,10.);
#1048=VECTOR('',#4223,10.);
#1049=VECTOR('',#4224,10.);
#1050=VECTOR('',#4227,10.);
#1051=VECTOR('',#4228,10.);
#1052=VECTOR('',#4229,10.);
#1053=VECTOR('',#4230,10.);
#1054=VECTOR('',#4231,10.);
#1055=VECTOR('',#4232,10.);
#1056=VECTOR('',#4235,10.);
#1057=VECTOR('',#4236,10.);
#1058=VECTOR('',#4237,10.);
#1059=VECTOR('',#4238,10.);
#1060=VECTOR('',#4239,10.);
#1061=VECTOR('',#4242,10.);
#1062=VECTOR('',#4245,10.);
#1063=VECTOR('',#4246,10.);
#1064=VECTOR('',#4247,10.);
#1065=VECTOR('',#4250,10.);
#1066=VECTOR('',#4251,10.);
#1067=VECTOR('',#4252,10.);
#1068=VECTOR('',#4255,10.);
#1069=VECTOR('',#4256,10.);
#1070=VECTOR('',#4259,10.);
#1071=VECTOR('',#4260,10.);
#1072=VECTOR('',#4261,10.);
#1073=VECTOR('',#4262,10.);
#1074=VECTOR('',#4265,10.);
#1075=VECTOR('',#4266,10.);
#1076=VECTOR('',#4267,10.);
#1077=VECTOR('',#4268,10.);
#1078=VECTOR('',#4269,10.);
#1079=VECTOR('',#4270,10.);
#1080=VECTOR('',#4273,10.);
#1081=VECTOR('',#4274,10.);
#1082=VECTOR('',#4275,10.);
#1083=VECTOR('',#4276,10.);
#1084=VECTOR('',#4279,10.);
#1085=VECTOR('',#4280,10.);
#1086=VECTOR('',#4281,10.);
#1087=VECTOR('',#4282,10.);
#1088=VECTOR('',#4285,10.);
#1089=VECTOR('',#4286,10.);
#1090=VECTOR('',#4287,10.);
#1091=VECTOR('',#4288,10.);
#1092=VECTOR('',#4289,10.);
#1093=VECTOR('',#4292,10.);
#1094=VECTOR('',#4293,10.);
#1095=VECTOR('',#4294,10.);
#1096=VECTOR('',#4297,10.);
#1097=VECTOR('',#4298,10.);
#1098=VECTOR('',#4303,10.);
#1099=VECTOR('',#4308,10.);
#1100=VECTOR('',#4311,10.);
#1101=VECTOR('',#4314,10.);
#1102=VECTOR('',#4323,10.);
#1103=VECTOR('',#4324,10.);
#1104=VECTOR('',#4325,10.);
#1105=VECTOR('',#4326,10.);
#1106=VECTOR('',#4341,10.);
#1107=VECTOR('',#4344,10.);
#1108=VECTOR('',#4345,10.);
#1109=VECTOR('',#4346,10.);
#1110=VECTOR('',#4347,10.);
#1111=VECTOR('',#4352,10.);
#1112=VECTOR('',#4353,10.);
#1113=VECTOR('',#4358,10.);
#1114=VECTOR('',#4359,10.);
#1115=VECTOR('',#4366,10.);
#1116=VECTOR('',#4367,10.);
#1117=VECTOR('',#4370,10.);
#1118=VECTOR('',#4371,10.);
#1119=VECTOR('',#4372,10.);
#1120=VECTOR('',#4373,10.);
#1121=VECTOR('',#4374,10.);
#1122=VECTOR('',#4377,10.);
#1123=VECTOR('',#4378,10.);
#1124=VECTOR('',#4379,10.);
#1125=VECTOR('',#4380,10.);
#1126=VECTOR('',#4381,10.);
#1127=VECTOR('',#4382,10.);
#1128=VECTOR('',#4383,10.);
#1129=VECTOR('',#4386,10.);
#1130=VECTOR('',#4387,10.);
#1131=VECTOR('',#4388,10.);
#1132=VECTOR('',#4389,10.);
#1133=VECTOR('',#4390,10.);
#1134=VECTOR('',#4391,10.);
#1135=VECTOR('',#4394,10.);
#1136=VECTOR('',#4397,10.);
#1137=VECTOR('',#4398,10.);
#1138=VECTOR('',#4399,10.);
#1139=VECTOR('',#4404,10.);
#1140=VECTOR('',#4407,10.);
#1141=VECTOR('',#4408,10.);
#1142=VECTOR('',#4409,10.);
#1143=VECTOR('',#4412,10.);
#1144=VECTOR('',#4413,10.);
#1145=VECTOR('',#4416,10.);
#1146=VECTOR('',#4417,10.);
#1147=VECTOR('',#4418,10.);
#1148=VECTOR('',#4419,10.);
#1149=VECTOR('',#4422,10.);
#1150=VECTOR('',#4423,10.);
#1151=VECTOR('',#4424,10.);
#1152=VECTOR('',#4425,10.);
#1153=VECTOR('',#4426,10.);
#1154=VECTOR('',#4427,10.);
#1155=VECTOR('',#4430,10.);
#1156=VECTOR('',#4431,10.);
#1157=VECTOR('',#4432,10.);
#1158=VECTOR('',#4433,10.);
#1159=VECTOR('',#4436,10.);
#1160=VECTOR('',#4437,10.);
#1161=VECTOR('',#4438,10.);
#1162=VECTOR('',#4439,10.);
#1163=VECTOR('',#4440,10.);
#1164=VECTOR('',#4443,10.);
#1165=VECTOR('',#4444,10.);
#1166=VECTOR('',#4445,10.);
#1167=VECTOR('',#4446,10.);
#1168=VECTOR('',#4449,10.);
#1169=VECTOR('',#4450,10.);
#1170=VECTOR('',#4451,10.);
#1171=VECTOR('',#4452,10.);
#1172=VECTOR('',#4455,10.);
#1173=VECTOR('',#4456,10.);
#1174=VECTOR('',#4459,10.);
#1175=VECTOR('',#4460,10.);
#1176=VECTOR('',#4463,10.);
#1177=VECTOR('',#4468,10.);
#1178=VECTOR('',#4473,10.);
#1179=VECTOR('',#4476,10.);
#1180=VECTOR('',#4479,10.);
#1181=VECTOR('',#4498,10.);
#1182=VECTOR('',#4499,10.);
#1183=VECTOR('',#4500,10.);
#1184=VECTOR('',#4501,10.);
#1185=VECTOR('',#4518,10.);
#1186=VECTOR('',#4519,10.);
#1187=VECTOR('',#4520,10.);
#1188=VECTOR('',#4521,10.);
#1189=VECTOR('',#4528,10.);
#1190=VECTOR('',#4531,10.);
#1191=VECTOR('',#4532,10.);
#1192=VECTOR('',#4533,10.);
#1193=VECTOR('',#4540,10.);
#1194=VECTOR('',#4543,10.);
#1195=VECTOR('',#4544,10.);
#1196=VECTOR('',#4545,10.);
#1197=VECTOR('',#4552,10.);
#1198=VECTOR('',#4555,10.);
#1199=VECTOR('',#4556,10.);
#1200=VECTOR('',#4557,10.);
#1201=VECTOR('',#4566,10.);
#1202=VECTOR('',#4567,10.);
#1203=VECTOR('',#4568,10.);
#1204=VECTOR('',#4569,10.);
#1205=VECTOR('',#4574,10.);
#1206=VECTOR('',#4577,10.);
#1207=VECTOR('',#4578,10.);
#1208=VECTOR('',#4583,10.);
#1209=VECTOR('',#4584,10.);
#1210=VECTOR('',#4587,10.);
#1211=VECTOR('',#4588,10.);
#1212=VECTOR('',#4589,10.);
#1213=VECTOR('',#4594,10.);
#1214=VECTOR('',#4597,10.);
#1215=VECTOR('',#4598,10.);
#1216=VECTOR('',#4599,10.);
#1217=VECTOR('',#4614,10.);
#1218=VECTOR('',#4617,10.);
#1219=VECTOR('',#4620,3.99999999999999);
#1220=VECTOR('',#4623,10.);
#1221=VECTOR('',#4624,10.);
#1222=VECTOR('',#4625,10.);
#1223=VECTOR('',#4626,10.);
#1224=VECTOR('',#4629,10.);
#1225=VECTOR('',#4632,10.);
#1226=VECTOR('',#4633,10.);
#1227=VECTOR('',#4634,10.);
#1228=VECTOR('',#4635,10.);
#1229=VECTOR('',#4638,10.);
#1230=VECTOR('',#4639,10.);
#1231=VECTOR('',#4640,10.);
#1232=VECTOR('',#4643,10.);
#1233=VECTOR('',#4646,10.);
#1234=VECTOR('',#4647,10.);
#1235=VECTOR('',#4648,10.);
#1236=VECTOR('',#4651,10.);
#1237=VECTOR('',#4652,10.);
#1238=VECTOR('',#4653,10.);
#1239=VECTOR('',#4654,10.);
#1240=VECTOR('',#4659,10.);
#1241=VECTOR('',#4662,10.);
#1242=VECTOR('',#4663,10.);
#1243=VECTOR('',#4666,10.);
#1244=VECTOR('',#4667,10.);
#1245=VECTOR('',#4670,10.);
#1246=VECTOR('',#4671,10.);
#1247=VECTOR('',#4674,10.);
#1248=VECTOR('',#4675,10.);
#1249=VECTOR('',#4678,10.);
#1250=VECTOR('',#4679,10.);
#1251=VECTOR('',#4698,3.99999999999999);
#1252=VECTOR('',#4701,10.);
#1253=VECTOR('',#4702,10.);
#1254=VECTOR('',#4703,10.);
#1255=VECTOR('',#4706,10.);
#1256=VECTOR('',#4709,10.);
#1257=VECTOR('',#4710,10.);
#1258=VECTOR('',#4711,10.);
#1259=VECTOR('',#4716,10.);
#1260=VECTOR('',#4717,10.);
#1261=VECTOR('',#4720,10.);
#1262=VECTOR('',#4721,10.);
#1263=VECTOR('',#4722,10.);
#1264=VECTOR('',#4727,10.);
#1265=VECTOR('',#4730,10.);
#1266=VECTOR('',#4731,10.);
#1267=VECTOR('',#4734,10.);
#1268=VECTOR('',#4735,10.);
#1269=VECTOR('',#4738,10.);
#1270=VECTOR('',#4739,10.);
#1271=VECTOR('',#4742,3.99999999999999);
#1272=VECTOR('',#4747,10.);
#1273=VECTOR('',#4748,10.);
#1274=VECTOR('',#4761,10.);
#1275=VECTOR('',#4764,10.);
#1276=VECTOR('',#4765,10.);
#1277=VECTOR('',#4768,10.);
#1278=VECTOR('',#4771,10.);
#1279=VECTOR('',#4772,10.);
#1280=VECTOR('',#4775,10.);
#1281=VECTOR('',#4776,10.);
#1282=VECTOR('',#4779,10.);
#1283=VECTOR('',#4782,10.);
#1284=VECTOR('',#4783,10.);
#1285=VECTOR('',#4786,10.);
#1286=VECTOR('',#4787,10.);
#1287=VECTOR('',#4790,10.);
#1288=VECTOR('',#4793,3.99999999999999);
#1289=VECTOR('',#4798,10.);
#1290=VECTOR('',#4799,10.);
#1291=VECTOR('',#4802,10.);
#1292=VECTOR('',#4811,10.);
#1293=VECTOR('',#4818,10.);
#1294=VECTOR('',#4819,10.);
#1295=VECTOR('',#4820,10.);
#1296=VECTOR('',#4821,10.);
#1297=VECTOR('',#4824,10.);
#1298=VECTOR('',#4825,10.);
#1299=VECTOR('',#4826,10.);
#1300=VECTOR('',#4829,10.);
#1301=VECTOR('',#4830,10.);
#1302=VECTOR('',#4831,10.);
#1303=VECTOR('',#4834,10.);
#1304=VECTOR('',#4835,10.);
#1305=CIRCLE('',#3617,7.5);
#1306=CIRCLE('',#3618,7.5);
#1307=CIRCLE('',#3620,7.5);
#1308=CIRCLE('',#3622,7.5);
#1309=CIRCLE('',#3630,7.5);
#1310=CIRCLE('',#3644,7.5);
#1311=CIRCLE('',#3648,7.5);
#1312=CIRCLE('',#3650,7.5);
#1313=CIRCLE('',#3652,7.5);
#1314=CIRCLE('',#3653,7.5);
#1315=CIRCLE('',#3654,7.5);
#1316=CIRCLE('',#3655,7.5);
#1317=CIRCLE('',#3656,7.5);
#1318=CIRCLE('',#3657,7.5);
#1319=CIRCLE('',#3658,7.5);
#1320=CIRCLE('',#3659,3.99999999999999);
#1321=CIRCLE('',#3661,7.5);
#1322=CIRCLE('',#3662,7.5);
#1323=CIRCLE('',#3664,7.5);
#1324=CIRCLE('',#3683,7.5);
#1325=CIRCLE('',#3687,7.5);
#1326=CIRCLE('',#3689,7.5);
#1327=CIRCLE('',#3690,7.5);
#1328=CIRCLE('',#3691,7.5);
#1329=CIRCLE('',#3692,7.5);
#1330=CIRCLE('',#3693,7.5);
#1331=CIRCLE('',#3694,3.99999999999999);
#1332=CIRCLE('',#3696,7.5);
#1333=CIRCLE('',#3698,7.5);
#1334=CIRCLE('',#3699,7.5);
#1335=CIRCLE('',#3701,7.5);
#1336=CIRCLE('',#3719,7.5);
#1337=CIRCLE('',#3723,7.5);
#1338=CIRCLE('',#3724,7.5);
#1339=CIRCLE('',#3725,7.5);
#1340=CIRCLE('',#3726,7.5);
#1341=CIRCLE('',#3727,7.5);
#1342=CIRCLE('',#3728,7.5);
#1343=CIRCLE('',#3729,3.99999999999999);
#1344=CIRCLE('',#3731,7.5);
#1345=CIRCLE('',#3733,7.5);
#1346=CIRCLE('',#3735,7.5);
#1347=CIRCLE('',#3737,7.5);
#1348=CIRCLE('',#3739,7.5);
#1349=CIRCLE('',#3740,7.5);
#1350=CIRCLE('',#3747,7.5);
#1351=CIRCLE('',#3758,7.5);
#1352=CIRCLE('',#3762,7.5);
#1353=CIRCLE('',#3766,7.5);
#1354=CIRCLE('',#3768,7.5);
#1355=CIRCLE('',#3770,7.5);
#1356=CIRCLE('',#3772,7.5);
#1357=CIRCLE('',#3773,7.5);
#1358=CIRCLE('',#3774,7.5);
#1359=CIRCLE('',#3775,7.5);
#1360=CIRCLE('',#3776,7.5);
#1361=CIRCLE('',#3777,7.5);
#1362=CIRCLE('',#3778,7.5);
#1363=CIRCLE('',#3779,7.5);
#1364=CIRCLE('',#3780,3.99999999999999);
#1365=CIRCLE('',#3783,1.);
#1366=CIRCLE('',#3784,1.);
#1367=CIRCLE('',#3787,1.);
#1368=CIRCLE('',#3788,1.);
#1369=CIRCLE('',#3791,1.);
#1370=CIRCLE('',#3792,1.);
#1371=CIRCLE('',#3795,1.);
#1372=CIRCLE('',#3796,1.);
#1373=CIRCLE('',#3807,7.5);
#1374=CIRCLE('',#3808,3.99999999999999);
#1375=CIRCLE('',#3830,7.5);
#1376=CIRCLE('',#3831,3.99999999999999);
#1377=CIRCLE('',#3851,3.99999999999999);
#1378=CIRCLE('',#3855,7.5);
#1379=CIRCLE('',#3868,3.99999999999999);
#1380=CIRCLE('',#3872,7.5);
#1381=VERTEX_POINT('',#4844);
#1382=VERTEX_POINT('',#4845);
#1383=VERTEX_POINT('',#4847);
#1384=VERTEX_POINT('',#4849);
#1385=VERTEX_POINT('',#4853);
#1386=VERTEX_POINT('',#4854);
#1387=VERTEX_POINT('',#4856);
#1388=VERTEX_POINT('',#4860);
#1389=VERTEX_POINT('',#4861);
#1390=VERTEX_POINT('',#4863);
#1391=VERTEX_POINT('',#4867);
#1392=VERTEX_POINT('',#4868);
#1393=VERTEX_POINT('',#4870);
#1394=VERTEX_POINT('',#4872);
#1395=VERTEX_POINT('',#4875);
#1396=VERTEX_POINT('',#4879);
#1397=VERTEX_POINT('',#4880);
#1398=VERTEX_POINT('',#4882);
#1399=VERTEX_POINT('',#4884);
#1400=VERTEX_POINT('',#4886);
#1401=VERTEX_POINT('',#4888);
#1402=VERTEX_POINT('',#4890);
#1403=VERTEX_POINT('',#4894);
#1404=VERTEX_POINT('',#4895);
#1405=VERTEX_POINT('',#4897);
#1406=VERTEX_POINT('',#4899);
#1407=VERTEX_POINT('',#4901);
#1408=VERTEX_POINT('',#4903);
#1409=VERTEX_POINT('',#4905);
#1410=VERTEX_POINT('',#4914);
#1411=VERTEX_POINT('',#4915);
#1412=VERTEX_POINT('',#4920);
#1413=VERTEX_POINT('',#4924);
#1414=VERTEX_POINT('',#4932);
#1415=VERTEX_POINT('',#4933);
#1416=VERTEX_POINT('',#4939);
#1417=VERTEX_POINT('',#4941);
#1418=VERTEX_POINT('',#4944);
#1419=VERTEX_POINT('',#4946);
#1420=VERTEX_POINT('',#4950);
#1421=VERTEX_POINT('',#4952);
#1422=VERTEX_POINT('',#4954);
#1423=VERTEX_POINT('',#4958);
#1424=VERTEX_POINT('',#4960);
#1425=VERTEX_POINT('',#4962);
#1426=VERTEX_POINT('',#4964);
#1427=VERTEX_POINT('',#4968);
#1428=VERTEX_POINT('',#4971);
#1429=VERTEX_POINT('',#4975);
#1430=VERTEX_POINT('',#4977);
#1431=VERTEX_POINT('',#4979);
#1432=VERTEX_POINT('',#4992);
#1433=VERTEX_POINT('',#5005);
#1434=VERTEX_POINT('',#5007);
#1435=VERTEX_POINT('',#5009);
#1436=VERTEX_POINT('',#5011);
#1437=VERTEX_POINT('',#5013);
#1438=VERTEX_POINT('',#5015);
#1439=VERTEX_POINT('',#5017);
#1440=VERTEX_POINT('',#5021);
#1441=VERTEX_POINT('',#5025);
#1442=VERTEX_POINT('',#5026);
#1443=VERTEX_POINT('',#5028);
#1444=VERTEX_POINT('',#5030);
#1445=VERTEX_POINT('',#5032);
#1446=VERTEX_POINT('',#5034);
#1447=VERTEX_POINT('',#5036);
#1448=VERTEX_POINT('',#5038);
#1449=VERTEX_POINT('',#5042);
#1450=VERTEX_POINT('',#5043);
#1451=VERTEX_POINT('',#5045);
#1452=VERTEX_POINT('',#5049);
#1453=VERTEX_POINT('',#5050);
#1454=VERTEX_POINT('',#5052);
#1455=VERTEX_POINT('',#5055);
#1456=VERTEX_POINT('',#5059);
#1457=VERTEX_POINT('',#5060);
#1458=VERTEX_POINT('',#5062);
#1459=VERTEX_POINT('',#5064);
#1460=VERTEX_POINT('',#5066);
#1461=VERTEX_POINT('',#5068);
#1462=VERTEX_POINT('',#5072);
#1463=VERTEX_POINT('',#5073);
#1464=VERTEX_POINT('',#5075);
#1465=VERTEX_POINT('',#5078);
#1466=VERTEX_POINT('',#5084);
#1467=VERTEX_POINT('',#5085);
#1468=VERTEX_POINT('',#5090);
#1469=VERTEX_POINT('',#5091);
#1470=VERTEX_POINT('',#5099);
#1471=VERTEX_POINT('',#5100);
#1472=VERTEX_POINT('',#5106);
#1473=VERTEX_POINT('',#5108);
#1474=VERTEX_POINT('',#5111);
#1475=VERTEX_POINT('',#5113);
#1476=VERTEX_POINT('',#5117);
#1477=VERTEX_POINT('',#5119);
#1478=VERTEX_POINT('',#5121);
#1479=VERTEX_POINT('',#5125);
#1480=VERTEX_POINT('',#5127);
#1481=VERTEX_POINT('',#5129);
#1482=VERTEX_POINT('',#5131);
#1483=VERTEX_POINT('',#5135);
#1484=VERTEX_POINT('',#5138);
#1485=VERTEX_POINT('',#5142);
#1486=VERTEX_POINT('',#5144);
#1487=VERTEX_POINT('',#5146);
#1488=VERTEX_POINT('',#5159);
#1489=VERTEX_POINT('',#5169);
#1490=VERTEX_POINT('',#5171);
#1491=VERTEX_POINT('',#5173);
#1492=VERTEX_POINT('',#5175);
#1493=VERTEX_POINT('',#5177);
#1494=VERTEX_POINT('',#5179);
#1495=VERTEX_POINT('',#5181);
#1496=VERTEX_POINT('',#5185);
#1497=VERTEX_POINT('',#5190);
#1498=VERTEX_POINT('',#5191);
#1499=VERTEX_POINT('',#5193);
#1500=VERTEX_POINT('',#5195);
#1501=VERTEX_POINT('',#5197);
#1502=VERTEX_POINT('',#5199);
#1503=VERTEX_POINT('',#5201);
#1504=VERTEX_POINT('',#5203);
#1505=VERTEX_POINT('',#5207);
#1506=VERTEX_POINT('',#5208);
#1507=VERTEX_POINT('',#5210);
#1508=VERTEX_POINT('',#5212);
#1509=VERTEX_POINT('',#5214);
#1510=VERTEX_POINT('',#5216);
#1511=VERTEX_POINT('',#5220);
#1512=VERTEX_POINT('',#5221);
#1513=VERTEX_POINT('',#5223);
#1514=VERTEX_POINT('',#5226);
#1515=VERTEX_POINT('',#5230);
#1516=VERTEX_POINT('',#5231);
#1517=VERTEX_POINT('',#5233);
#1518=VERTEX_POINT('',#5235);
#1519=VERTEX_POINT('',#5237);
#1520=VERTEX_POINT('',#5239);
#1521=VERTEX_POINT('',#5243);
#1522=VERTEX_POINT('',#5244);
#1523=VERTEX_POINT('',#5246);
#1524=VERTEX_POINT('',#5249);
#1525=VERTEX_POINT('',#5255);
#1526=VERTEX_POINT('',#5256);
#1527=VERTEX_POINT('',#5261);
#1528=VERTEX_POINT('',#5262);
#1529=VERTEX_POINT('',#5270);
#1530=VERTEX_POINT('',#5271);
#1531=VERTEX_POINT('',#5277);
#1532=VERTEX_POINT('',#5279);
#1533=VERTEX_POINT('',#5282);
#1534=VERTEX_POINT('',#5284);
#1535=VERTEX_POINT('',#5289);
#1536=VERTEX_POINT('',#5291);
#1537=VERTEX_POINT('',#5295);
#1538=VERTEX_POINT('',#5297);
#1539=VERTEX_POINT('',#5299);
#1540=VERTEX_POINT('',#5303);
#1541=VERTEX_POINT('',#5305);
#1542=VERTEX_POINT('',#5307);
#1543=VERTEX_POINT('',#5309);
#1544=VERTEX_POINT('',#5313);
#1545=VERTEX_POINT('',#5324);
#1546=VERTEX_POINT('',#5333);
#1547=VERTEX_POINT('',#5335);
#1548=VERTEX_POINT('',#5337);
#1549=VERTEX_POINT('',#5339);
#1550=VERTEX_POINT('',#5341);
#1551=VERTEX_POINT('',#5343);
#1552=VERTEX_POINT('',#5345);
#1553=VERTEX_POINT('',#5349);
#1554=VERTEX_POINT('',#5354);
#1555=VERTEX_POINT('',#5355);
#1556=VERTEX_POINT('',#5357);
#1557=VERTEX_POINT('',#5359);
#1558=VERTEX_POINT('',#5361);
#1559=VERTEX_POINT('',#5363);
#1560=VERTEX_POINT('',#5367);
#1561=VERTEX_POINT('',#5368);
#1562=VERTEX_POINT('',#5370);
#1563=VERTEX_POINT('',#5374);
#1564=VERTEX_POINT('',#5375);
#1565=VERTEX_POINT('',#5377);
#1566=VERTEX_POINT('',#5381);
#1567=VERTEX_POINT('',#5382);
#1568=VERTEX_POINT('',#5384);
#1569=VERTEX_POINT('',#5386);
#1570=VERTEX_POINT('',#5390);
#1571=VERTEX_POINT('',#5391);
#1572=VERTEX_POINT('',#5393);
#1573=VERTEX_POINT('',#5396);
#1574=VERTEX_POINT('',#5400);
#1575=VERTEX_POINT('',#5401);
#1576=VERTEX_POINT('',#5403);
#1577=VERTEX_POINT('',#5405);
#1578=VERTEX_POINT('',#5407);
#1579=VERTEX_POINT('',#5409);
#1580=VERTEX_POINT('',#5411);
#1581=VERTEX_POINT('',#5415);
#1582=VERTEX_POINT('',#5416);
#1583=VERTEX_POINT('',#5418);
#1584=VERTEX_POINT('',#5420);
#1585=VERTEX_POINT('',#5423);
#1586=VERTEX_POINT('',#5429);
#1587=VERTEX_POINT('',#5430);
#1588=VERTEX_POINT('',#5435);
#1589=VERTEX_POINT('',#5439);
#1590=VERTEX_POINT('',#5447);
#1591=VERTEX_POINT('',#5448);
#1592=VERTEX_POINT('',#5454);
#1593=VERTEX_POINT('',#5456);
#1594=VERTEX_POINT('',#5459);
#1595=VERTEX_POINT('',#5461);
#1596=VERTEX_POINT('',#5465);
#1597=VERTEX_POINT('',#5468);
#1598=VERTEX_POINT('',#5472);
#1599=VERTEX_POINT('',#5474);
#1600=VERTEX_POINT('',#5476);
#1601=VERTEX_POINT('',#5478);
#1602=VERTEX_POINT('',#5482);
#1603=VERTEX_POINT('',#5485);
#1604=VERTEX_POINT('',#5489);
#1605=VERTEX_POINT('',#5491);
#1606=VERTEX_POINT('',#5493);
#1607=VERTEX_POINT('',#5501);
#1608=VERTEX_POINT('',#5503);
#1609=VERTEX_POINT('',#5510);
#1610=VERTEX_POINT('',#5524);
#1611=VERTEX_POINT('',#5526);
#1612=VERTEX_POINT('',#5528);
#1613=VERTEX_POINT('',#5530);
#1614=VERTEX_POINT('',#5532);
#1615=VERTEX_POINT('',#5534);
#1616=VERTEX_POINT('',#5536);
#1617=VERTEX_POINT('',#5543);
#1618=VERTEX_POINT('',#5546);
#1619=VERTEX_POINT('',#5547);
#1620=VERTEX_POINT('',#5549);
#1621=VERTEX_POINT('',#5551);
#1622=VERTEX_POINT('',#5555);
#1623=VERTEX_POINT('',#5557);
#1624=VERTEX_POINT('',#5561);
#1625=VERTEX_POINT('',#5563);
#1626=VERTEX_POINT('',#5567);
#1627=VERTEX_POINT('',#5569);
#1628=VERTEX_POINT('',#5573);
#1629=VERTEX_POINT('',#5575);
#1630=VERTEX_POINT('',#5579);
#1631=VERTEX_POINT('',#5581);
#1632=VERTEX_POINT('',#5585);
#1633=VERTEX_POINT('',#5587);
#1634=VERTEX_POINT('',#5594);
#1635=VERTEX_POINT('',#5595);
#1636=VERTEX_POINT('',#5598);
#1637=VERTEX_POINT('',#5602);
#1638=VERTEX_POINT('',#5604);
#1639=VERTEX_POINT('',#5620);
#1640=VERTEX_POINT('',#5621);
#1641=VERTEX_POINT('',#5623);
#1642=VERTEX_POINT('',#5625);
#1643=VERTEX_POINT('',#5638);
#1644=VERTEX_POINT('',#5640);
#1645=VERTEX_POINT('',#5644);
#1646=VERTEX_POINT('',#5658);
#1647=VERTEX_POINT('',#5660);
#1648=VERTEX_POINT('',#5662);
#1649=VERTEX_POINT('',#5665);
#1650=VERTEX_POINT('',#5688);
#1651=VERTEX_POINT('',#5690);
#1652=VERTEX_POINT('',#5692);
#1653=VERTEX_POINT('',#5694);
#1654=VERTEX_POINT('',#5696);
#1655=VERTEX_POINT('',#5698);
#1656=VERTEX_POINT('',#5700);
#1657=VERTEX_POINT('',#5703);
#1658=VERTEX_POINT('',#5705);
#1659=VERTEX_POINT('',#5709);
#1660=VERTEX_POINT('',#5712);
#1661=VERTEX_POINT('',#5714);
#1662=VERTEX_POINT('',#5716);
#1663=VERTEX_POINT('',#5718);
#1664=VERTEX_POINT('',#5720);
#1665=VERTEX_POINT('',#5722);
#1666=VERTEX_POINT('',#5726);
#1667=VERTEX_POINT('',#5727);
#1668=VERTEX_POINT('',#5730);
#1669=VERTEX_POINT('',#5734);
#1670=VERTEX_POINT('',#5736);
#1671=VERTEX_POINT('',#5752);
#1672=VERTEX_POINT('',#5754);
#1673=VERTEX_POINT('',#5767);
#1674=VERTEX_POINT('',#5774);
#1675=VERTEX_POINT('',#5776);
#1676=VERTEX_POINT('',#5779);
#1677=VERTEX_POINT('',#5810);
#1678=VERTEX_POINT('',#5812);
#1679=VERTEX_POINT('',#5814);
#1680=VERTEX_POINT('',#5816);
#1681=VERTEX_POINT('',#5818);
#1682=VERTEX_POINT('',#5820);
#1683=VERTEX_POINT('',#5823);
#1684=VERTEX_POINT('',#5827);
#1685=VERTEX_POINT('',#5828);
#1686=VERTEX_POINT('',#5831);
#1687=VERTEX_POINT('',#5844);
#1688=VERTEX_POINT('',#5846);
#1689=VERTEX_POINT('',#5850);
#1690=VERTEX_POINT('',#5852);
#1691=VERTEX_POINT('',#5865);
#1692=VERTEX_POINT('',#5869);
#1693=VERTEX_POINT('',#5871);
#1694=VERTEX_POINT('',#5887);
#1695=VERTEX_POINT('',#5912);
#1696=VERTEX_POINT('',#5914);
#1697=VERTEX_POINT('',#5916);
#1698=VERTEX_POINT('',#5918);
#1699=VERTEX_POINT('',#5923);
#1700=VERTEX_POINT('',#5940);
#1701=VERTEX_POINT('',#5953);
#1702=VERTEX_POINT('',#5957);
#1703=VERTEX_POINT('',#5970);
#1704=VERTEX_POINT('',#5974);
#1705=VERTEX_POINT('',#5976);
#1706=VERTEX_POINT('',#5998);
#1707=VERTEX_POINT('',#5999);
#1708=VERTEX_POINT('',#6001);
#1709=VERTEX_POINT('',#6003);
#1710=VERTEX_POINT('',#6007);
#1711=VERTEX_POINT('',#6009);
#1712=VERTEX_POINT('',#6013);
#1713=VERTEX_POINT('',#6015);
#1714=EDGE_CURVE('',#1381,#1382,#1305,.T.);
#1715=EDGE_CURVE('',#1383,#1381,#1306,.T.);
#1716=EDGE_CURVE('',#1383,#1384,#465,.T.);
#1717=EDGE_CURVE('',#1382,#1384,#466,.T.);
#1718=EDGE_CURVE('',#1385,#1386,#1307,.T.);
#1719=EDGE_CURVE('',#1387,#1385,#467,.T.);
#1720=EDGE_CURVE('',#1386,#1387,#468,.T.);
#1721=EDGE_CURVE('',#1388,#1389,#1308,.T.);
#1722=EDGE_CURVE('',#1390,#1388,#469,.T.);
#1723=EDGE_CURVE('',#1389,#1390,#470,.T.);
#1724=EDGE_CURVE('',#1391,#1392,#471,.T.);
#1725=EDGE_CURVE('',#1391,#1393,#472,.T.);
#1726=EDGE_CURVE('',#1393,#1394,#473,.T.);
#1727=EDGE_CURVE('',#1394,#1382,#474,.T.);
#1728=EDGE_CURVE('',#1384,#1395,#475,.T.);
#1729=EDGE_CURVE('',#1395,#1392,#476,.T.);
#1730=EDGE_CURVE('',#1396,#1397,#477,.T.);
#1731=EDGE_CURVE('',#1396,#1398,#478,.T.);
#1732=EDGE_CURVE('',#1398,#1399,#479,.T.);
#1733=EDGE_CURVE('',#1399,#1400,#480,.T.);
#1734=EDGE_CURVE('',#1401,#1400,#481,.T.);
#1735=EDGE_CURVE('',#1401,#1402,#482,.T.);
#1736=EDGE_CURVE('',#1402,#1397,#483,.T.);
#1737=EDGE_CURVE('',#1403,#1404,#484,.T.);
#1738=EDGE_CURVE('',#1403,#1405,#485,.T.);
#1739=EDGE_CURVE('',#1405,#1406,#486,.T.);
#1740=EDGE_CURVE('',#1406,#1407,#487,.T.);
#1741=EDGE_CURVE('',#1407,#1408,#488,.T.);
#1742=EDGE_CURVE('',#1408,#1409,#489,.T.);
#1743=EDGE_CURVE('',#1409,#1404,#490,.T.);
#1744=EDGE_CURVE('',#1408,#1394,#491,.T.);
#1745=EDGE_CURVE('',#1381,#1407,#492,.T.);
#1746=EDGE_CURVE('',#1409,#1393,#493,.T.);
#1747=EDGE_CURVE('',#1410,#1411,#494,.T.);
#1748=EDGE_CURVE('',#1410,#1402,#495,.T.);
#1749=EDGE_CURVE('',#1411,#1401,#496,.T.);
#1750=EDGE_CURVE('',#1400,#1412,#1309,.T.);
#1751=EDGE_CURVE('',#1412,#1399,#497,.T.);
#1752=EDGE_CURVE('',#1387,#1413,#498,.T.);
#1753=EDGE_CURVE('',#1412,#1385,#499,.T.);
#1754=EDGE_CURVE('',#1413,#1398,#500,.T.);
#1755=EDGE_CURVE('',#1405,#1395,#501,.T.);
#1756=EDGE_CURVE('',#1406,#1383,#502,.T.);
#1757=EDGE_CURVE('',#1414,#1415,#503,.T.);
#1758=EDGE_CURVE('',#1414,#1410,#504,.T.);
#1759=EDGE_CURVE('',#1386,#1411,#505,.T.);
#1760=EDGE_CURVE('',#1413,#1415,#506,.T.);
#1761=EDGE_CURVE('',#1416,#1391,#507,.T.);
#1762=EDGE_CURVE('',#1416,#1417,#508,.T.);
#1763=EDGE_CURVE('',#1397,#1417,#509,.T.);
#1764=EDGE_CURVE('',#1418,#1414,#510,.T.);
#1765=EDGE_CURVE('',#1419,#1418,#511,.T.);
#1766=EDGE_CURVE('',#1404,#1419,#512,.T.);
#1767=EDGE_CURVE('',#1417,#1420,#513,.T.);
#1768=EDGE_CURVE('',#1420,#1421,#514,.T.);
#1769=EDGE_CURVE('',#1421,#1422,#515,.T.);
#1770=EDGE_CURVE('',#1422,#1396,#516,.T.);
#1771=EDGE_CURVE('',#1415,#1423,#517,.T.);
#1772=EDGE_CURVE('',#1423,#1424,#518,.T.);
#1773=EDGE_CURVE('',#1424,#1425,#519,.T.);
#1774=EDGE_CURVE('',#1426,#1425,#520,.T.);
#1775=EDGE_CURVE('',#1426,#1418,#521,.T.);
#1776=EDGE_CURVE('',#1419,#1427,#522,.T.);
#1777=EDGE_CURVE('',#1389,#1427,#523,.T.);
#1778=EDGE_CURVE('',#1390,#1428,#524,.T.);
#1779=EDGE_CURVE('',#1428,#1403,#525,.T.);
#1780=EDGE_CURVE('',#1392,#1429,#526,.T.);
#1781=EDGE_CURVE('',#1429,#1430,#527,.T.);
#1782=EDGE_CURVE('',#1430,#1431,#528,.T.);
#1783=EDGE_CURVE('',#1431,#1416,#529,.T.);
#1784=EDGE_CURVE('',#1428,#1423,#530,.T.);
#1785=EDGE_CURVE('',#1429,#1422,#531,.T.);
#1786=EDGE_CURVE('',#1430,#1421,#532,.T.);
#1787=EDGE_CURVE('',#1431,#1420,#533,.T.);
#1788=EDGE_CURVE('',#1427,#1426,#534,.T.);
#1789=EDGE_CURVE('',#1425,#1432,#1310,.T.);
#1790=EDGE_CURVE('',#1432,#1424,#535,.T.);
#1791=EDGE_CURVE('',#1432,#1388,#536,.T.);
#1792=EDGE_CURVE('',#1432,#1388,#1311,.T.);
#1793=EDGE_CURVE('',#1412,#1385,#1312,.T.);
#1794=EDGE_CURVE('',#1389,#1383,#1313,.T.);
#1795=EDGE_CURVE('',#1386,#1425,#1314,.T.);
#1796=EDGE_CURVE('',#1433,#1400,#1315,.T.);
#1797=EDGE_CURVE('',#1434,#1433,#1316,.T.);
#1798=EDGE_CURVE('',#1435,#1434,#537,.T.);
#1799=EDGE_CURVE('',#1436,#1435,#538,.T.);
#1800=EDGE_CURVE('',#1437,#1436,#539,.T.);
#1801=EDGE_CURVE('',#1438,#1437,#540,.F.);
#1802=EDGE_CURVE('',#1439,#1438,#1317,.T.);
#1803=EDGE_CURVE('',#1382,#1439,#1318,.T.);
#1804=EDGE_CURVE('',#1381,#1382,#1319,.T.);
#1805=EDGE_CURVE('',#1440,#1440,#1320,.T.);
#1806=EDGE_CURVE('',#1430,#1421,#541,.T.);
#1807=EDGE_CURVE('',#1441,#1442,#1321,.T.);
#1808=EDGE_CURVE('',#1443,#1441,#542,.T.);
#1809=EDGE_CURVE('',#1444,#1443,#1322,.T.);
#1810=EDGE_CURVE('',#1444,#1445,#543,.T.);
#1811=EDGE_CURVE('',#1446,#1445,#544,.T.);
#1812=EDGE_CURVE('',#1447,#1446,#545,.T.);
#1813=EDGE_CURVE('',#1448,#1447,#546,.T.);
#1814=EDGE_CURVE('',#1448,#1442,#547,.T.);
#1815=EDGE_CURVE('',#1449,#1450,#1323,.T.);
#1816=EDGE_CURVE('',#1451,#1449,#548,.T.);
#1817=EDGE_CURVE('',#1450,#1451,#549,.T.);
#1818=EDGE_CURVE('',#1452,#1453,#550,.T.);
#1819=EDGE_CURVE('',#1452,#1454,#551,.T.);
#1820=EDGE_CURVE('',#1454,#1446,#552,.T.);
#1821=EDGE_CURVE('',#1445,#1455,#553,.T.);
#1822=EDGE_CURVE('',#1455,#1453,#554,.T.);
#1823=EDGE_CURVE('',#1456,#1457,#555,.T.);
#1824=EDGE_CURVE('',#1456,#1458,#556,.T.);
#1825=EDGE_CURVE('',#1458,#1459,#557,.T.);
#1826=EDGE_CURVE('',#1460,#1459,#558,.T.);
#1827=EDGE_CURVE('',#1460,#1461,#559,.T.);
#1828=EDGE_CURVE('',#1461,#1457,#560,.T.);
#1829=EDGE_CURVE('',#1462,#1463,#561,.T.);
#1830=EDGE_CURVE('',#1462,#1464,#562,.T.);
#1831=EDGE_CURVE('',#1464,#1448,#563,.T.);
#1832=EDGE_CURVE('',#1447,#1465,#564,.T.);
#1833=EDGE_CURVE('',#1465,#1463,#565,.T.);
#1834=EDGE_CURVE('',#1465,#1454,#566,.T.);
#1835=EDGE_CURVE('',#1466,#1467,#567,.T.);
#1836=EDGE_CURVE('',#1466,#1461,#568,.T.);
#1837=EDGE_CURVE('',#1467,#1460,#569,.T.);
#1838=EDGE_CURVE('',#1468,#1469,#570,.T.);
#1839=EDGE_CURVE('',#1459,#1468,#571,.T.);
#1840=EDGE_CURVE('',#1469,#1458,#572,.T.);
#1841=EDGE_CURVE('',#1464,#1455,#573,.T.);
#1842=EDGE_CURVE('',#1442,#1444,#574,.T.);
#1843=EDGE_CURVE('',#1470,#1471,#575,.T.);
#1844=EDGE_CURVE('',#1470,#1466,#576,.T.);
#1845=EDGE_CURVE('',#1468,#1467,#577,.T.);
#1846=EDGE_CURVE('',#1469,#1471,#578,.T.);
#1847=EDGE_CURVE('',#1472,#1452,#579,.T.);
#1848=EDGE_CURVE('',#1472,#1473,#580,.T.);
#1849=EDGE_CURVE('',#1457,#1473,#581,.T.);
#1850=EDGE_CURVE('',#1474,#1470,#582,.T.);
#1851=EDGE_CURVE('',#1475,#1474,#583,.T.);
#1852=EDGE_CURVE('',#1463,#1475,#584,.T.);
#1853=EDGE_CURVE('',#1473,#1476,#585,.T.);
#1854=EDGE_CURVE('',#1476,#1477,#586,.T.);
#1855=EDGE_CURVE('',#1477,#1478,#587,.T.);
#1856=EDGE_CURVE('',#1478,#1456,#588,.T.);
#1857=EDGE_CURVE('',#1471,#1479,#589,.T.);
#1858=EDGE_CURVE('',#1479,#1480,#590,.T.);
#1859=EDGE_CURVE('',#1480,#1481,#591,.T.);
#1860=EDGE_CURVE('',#1482,#1481,#592,.T.);
#1861=EDGE_CURVE('',#1482,#1474,#593,.T.);
#1862=EDGE_CURVE('',#1475,#1483,#594,.T.);
#1863=EDGE_CURVE('',#1450,#1483,#595,.T.);
#1864=EDGE_CURVE('',#1451,#1484,#596,.T.);
#1865=EDGE_CURVE('',#1484,#1462,#597,.T.);
#1866=EDGE_CURVE('',#1453,#1485,#598,.T.);
#1867=EDGE_CURVE('',#1485,#1486,#599,.T.);
#1868=EDGE_CURVE('',#1486,#1487,#600,.T.);
#1869=EDGE_CURVE('',#1487,#1472,#601,.T.);
#1870=EDGE_CURVE('',#1484,#1479,#602,.T.);
#1871=EDGE_CURVE('',#1485,#1478,#603,.T.);
#1872=EDGE_CURVE('',#1486,#1477,#604,.T.);
#1873=EDGE_CURVE('',#1487,#1476,#605,.T.);
#1874=EDGE_CURVE('',#1483,#1482,#606,.T.);
#1875=EDGE_CURVE('',#1481,#1488,#1324,.T.);
#1876=EDGE_CURVE('',#1488,#1480,#607,.T.);
#1877=EDGE_CURVE('',#1488,#1449,#608,.T.);
#1878=EDGE_CURVE('',#1488,#1449,#1325,.T.);
#1879=EDGE_CURVE('',#1450,#1441,#1326,.T.);
#1880=EDGE_CURVE('',#1489,#1481,#1327,.T.);
#1881=EDGE_CURVE('',#1490,#1489,#1328,.T.);
#1882=EDGE_CURVE('',#1491,#1490,#609,.T.);
#1883=EDGE_CURVE('',#1492,#1491,#610,.T.);
#1884=EDGE_CURVE('',#1493,#1492,#611,.T.);
#1885=EDGE_CURVE('',#1494,#1493,#612,.T.);
#1886=EDGE_CURVE('',#1495,#1494,#1329,.T.);
#1887=EDGE_CURVE('',#1443,#1495,#1330,.T.);
#1888=EDGE_CURVE('',#1486,#1477,#613,.T.);
#1889=EDGE_CURVE('',#1496,#1496,#1331,.T.);
#1890=EDGE_CURVE('',#1442,#1444,#1332,.T.);
#1891=EDGE_CURVE('',#1497,#1498,#1333,.T.);
#1892=EDGE_CURVE('',#1499,#1497,#614,.T.);
#1893=EDGE_CURVE('',#1500,#1499,#1334,.T.);
#1894=EDGE_CURVE('',#1500,#1501,#615,.T.);
#1895=EDGE_CURVE('',#1502,#1501,#616,.T.);
#1896=EDGE_CURVE('',#1503,#1502,#617,.T.);
#1897=EDGE_CURVE('',#1504,#1503,#618,.T.);
#1898=EDGE_CURVE('',#1504,#1498,#619,.T.);
#1899=EDGE_CURVE('',#1505,#1506,#1335,.T.);
#1900=EDGE_CURVE('',#1507,#1505,#620,.T.);
#1901=EDGE_CURVE('',#1508,#1507,#621,.T.);
#1902=EDGE_CURVE('',#1509,#1508,#622,.T.);
#1903=EDGE_CURVE('',#1510,#1509,#623,.T.);
#1904=EDGE_CURVE('',#1510,#1506,#624,.T.);
#1905=EDGE_CURVE('',#1511,#1512,#625,.T.);
#1906=EDGE_CURVE('',#1511,#1513,#626,.T.);
#1907=EDGE_CURVE('',#1513,#1502,#627,.T.);
#1908=EDGE_CURVE('',#1501,#1514,#628,.T.);
#1909=EDGE_CURVE('',#1514,#1512,#629,.T.);
#1910=EDGE_CURVE('',#1515,#1516,#630,.T.);
#1911=EDGE_CURVE('',#1515,#1517,#631,.T.);
#1912=EDGE_CURVE('',#1517,#1518,#632,.T.);
#1913=EDGE_CURVE('',#1519,#1518,#633,.T.);
#1914=EDGE_CURVE('',#1519,#1520,#634,.T.);
#1915=EDGE_CURVE('',#1520,#1516,#635,.T.);
#1916=EDGE_CURVE('',#1521,#1522,#636,.T.);
#1917=EDGE_CURVE('',#1521,#1523,#637,.T.);
#1918=EDGE_CURVE('',#1523,#1504,#638,.T.);
#1919=EDGE_CURVE('',#1503,#1524,#639,.T.);
#1920=EDGE_CURVE('',#1524,#1522,#640,.T.);
#1921=EDGE_CURVE('',#1524,#1513,#641,.T.);
#1922=EDGE_CURVE('',#1525,#1526,#642,.T.);
#1923=EDGE_CURVE('',#1525,#1520,#643,.T.);
#1924=EDGE_CURVE('',#1526,#1519,#644,.T.);
#1925=EDGE_CURVE('',#1527,#1528,#645,.T.);
#1926=EDGE_CURVE('',#1518,#1527,#646,.T.);
#1927=EDGE_CURVE('',#1528,#1517,#647,.T.);
#1928=EDGE_CURVE('',#1523,#1514,#648,.T.);
#1929=EDGE_CURVE('',#1498,#1500,#649,.T.);
#1930=EDGE_CURVE('',#1529,#1530,#650,.T.);
#1931=EDGE_CURVE('',#1529,#1525,#651,.T.);
#1932=EDGE_CURVE('',#1527,#1526,#652,.T.);
#1933=EDGE_CURVE('',#1528,#1530,#653,.T.);
#1934=EDGE_CURVE('',#1531,#1511,#654,.T.);
#1935=EDGE_CURVE('',#1531,#1532,#655,.T.);
#1936=EDGE_CURVE('',#1516,#1532,#656,.T.);
#1937=EDGE_CURVE('',#1533,#1529,#657,.T.);
#1938=EDGE_CURVE('',#1534,#1533,#658,.T.);
#1939=EDGE_CURVE('',#1522,#1534,#659,.T.);
#1940=EDGE_CURVE('',#1532,#1508,#660,.T.);
#1941=EDGE_CURVE('',#1507,#1535,#661,.T.);
#1942=EDGE_CURVE('',#1535,#1536,#662,.T.);
#1943=EDGE_CURVE('',#1536,#1515,#663,.T.);
#1944=EDGE_CURVE('',#1530,#1537,#664,.T.);
#1945=EDGE_CURVE('',#1537,#1538,#665,.T.);
#1946=EDGE_CURVE('',#1539,#1538,#666,.T.);
#1947=EDGE_CURVE('',#1539,#1533,#667,.T.);
#1948=EDGE_CURVE('',#1534,#1540,#668,.T.);
#1949=EDGE_CURVE('',#1541,#1540,#669,.T.);
#1950=EDGE_CURVE('',#1541,#1542,#670,.T.);
#1951=EDGE_CURVE('',#1542,#1543,#671,.T.);
#1952=EDGE_CURVE('',#1543,#1521,#672,.T.);
#1953=EDGE_CURVE('',#1512,#1544,#673,.T.);
#1954=EDGE_CURVE('',#1544,#1510,#674,.T.);
#1955=EDGE_CURVE('',#1509,#1531,#675,.T.);
#1956=EDGE_CURVE('',#1543,#1537,#676,.T.);
#1957=EDGE_CURVE('',#1544,#1536,#677,.T.);
#1958=EDGE_CURVE('',#1540,#1539,#678,.T.);
#1959=EDGE_CURVE('',#1545,#1541,#1336,.T.);
#1960=EDGE_CURVE('',#1542,#1545,#679,.T.);
#1961=EDGE_CURVE('',#1538,#1545,#680,.T.);
#1962=EDGE_CURVE('',#1506,#1535,#681,.T.);
#1963=EDGE_CURVE('',#1541,#1497,#1337,.T.);
#1964=EDGE_CURVE('',#1546,#1545,#1338,.T.);
#1965=EDGE_CURVE('',#1547,#1546,#1339,.T.);
#1966=EDGE_CURVE('',#1548,#1547,#682,.T.);
#1967=EDGE_CURVE('',#1549,#1548,#683,.T.);
#1968=EDGE_CURVE('',#1550,#1549,#684,.T.);
#1969=EDGE_CURVE('',#1550,#1551,#685,.T.);
#1970=EDGE_CURVE('',#1552,#1551,#1340,.T.);
#1971=EDGE_CURVE('',#1506,#1552,#1341,.T.);
#1972=EDGE_CURVE('',#1499,#1505,#1342,.T.);
#1973=EDGE_CURVE('',#1553,#1553,#1343,.T.);
#1974=EDGE_CURVE('',#1498,#1500,#1344,.T.);
#1975=EDGE_CURVE('',#1554,#1555,#686,.T.);
#1976=EDGE_CURVE('',#1556,#1554,#1345,.T.);
#1977=EDGE_CURVE('',#1556,#1557,#687,.T.);
#1978=EDGE_CURVE('',#1558,#1557,#688,.T.);
#1979=EDGE_CURVE('',#1559,#1558,#689,.T.);
#1980=EDGE_CURVE('',#1555,#1559,#690,.T.);
#1981=EDGE_CURVE('',#1560,#1561,#1346,.T.);
#1982=EDGE_CURVE('',#1562,#1560,#691,.T.);
#1983=EDGE_CURVE('',#1561,#1562,#692,.T.);
#1984=EDGE_CURVE('',#1563,#1564,#1347,.T.);
#1985=EDGE_CURVE('',#1565,#1563,#693,.T.);
#1986=EDGE_CURVE('',#1564,#1565,#694,.T.);
#1987=EDGE_CURVE('',#1566,#1567,#1348,.T.);
#1988=EDGE_CURVE('',#1568,#1566,#1349,.T.);
#1989=EDGE_CURVE('',#1568,#1569,#695,.T.);
#1990=EDGE_CURVE('',#1567,#1569,#696,.T.);
#1991=EDGE_CURVE('',#1570,#1571,#697,.T.);
#1992=EDGE_CURVE('',#1570,#1572,#698,.T.);
#1993=EDGE_CURVE('',#1572,#1558,#699,.T.);
#1994=EDGE_CURVE('',#1557,#1573,#700,.T.);
#1995=EDGE_CURVE('',#1573,#1571,#701,.T.);
#1996=EDGE_CURVE('',#1574,#1575,#702,.T.);
#1997=EDGE_CURVE('',#1574,#1576,#703,.T.);
#1998=EDGE_CURVE('',#1576,#1577,#704,.T.);
#1999=EDGE_CURVE('',#1577,#1578,#705,.T.);
#2000=EDGE_CURVE('',#1579,#1578,#706,.T.);
#2001=EDGE_CURVE('',#1579,#1580,#707,.T.);
#2002=EDGE_CURVE('',#1580,#1575,#708,.T.);
#2003=EDGE_CURVE('',#1581,#1582,#709,.T.);
#2004=EDGE_CURVE('',#1581,#1583,#710,.T.);
#2005=EDGE_CURVE('',#1583,#1584,#711,.T.);
#2006=EDGE_CURVE('',#1584,#1555,#712,.T.);
#2007=EDGE_CURVE('',#1559,#1585,#713,.T.);
#2008=EDGE_CURVE('',#1585,#1582,#714,.T.);
#2009=EDGE_CURVE('',#1585,#1572,#715,.T.);
#2010=EDGE_CURVE('',#1586,#1587,#716,.T.);
#2011=EDGE_CURVE('',#1586,#1580,#717,.T.);
#2012=EDGE_CURVE('',#1587,#1579,#718,.T.);
#2013=EDGE_CURVE('',#1578,#1588,#1350,.T.);
#2014=EDGE_CURVE('',#1588,#1577,#719,.T.);
#2015=EDGE_CURVE('',#1562,#1589,#720,.T.);
#2016=EDGE_CURVE('',#1588,#1560,#721,.T.);
#2017=EDGE_CURVE('',#1589,#1576,#722,.T.);
#2018=EDGE_CURVE('',#1583,#1573,#723,.T.);
#2019=EDGE_CURVE('',#1584,#1556,#724,.T.);
#2020=EDGE_CURVE('',#1590,#1591,#725,.T.);
#2021=EDGE_CURVE('',#1590,#1586,#726,.T.);
#2022=EDGE_CURVE('',#1561,#1587,#727,.T.);
#2023=EDGE_CURVE('',#1589,#1591,#728,.T.);
#2024=EDGE_CURVE('',#1592,#1570,#729,.T.);
#2025=EDGE_CURVE('',#1592,#1593,#730,.T.);
#2026=EDGE_CURVE('',#1575,#1593,#731,.T.);
#2027=EDGE_CURVE('',#1594,#1590,#732,.T.);
#2028=EDGE_CURVE('',#1595,#1594,#733,.T.);
#2029=EDGE_CURVE('',#1582,#1595,#734,.T.);
#2030=EDGE_CURVE('',#1593,#1596,#735,.T.);
#2031=EDGE_CURVE('',#1596,#1567,#736,.T.);
#2032=EDGE_CURVE('',#1569,#1597,#737,.T.);
#2033=EDGE_CURVE('',#1597,#1574,#738,.T.);
#2034=EDGE_CURVE('',#1591,#1598,#739,.T.);
#2035=EDGE_CURVE('',#1598,#1599,#740,.T.);
#2036=EDGE_CURVE('',#1599,#1600,#741,.T.);
#2037=EDGE_CURVE('',#1601,#1600,#742,.T.);
#2038=EDGE_CURVE('',#1601,#1594,#743,.T.);
#2039=EDGE_CURVE('',#1595,#1602,#744,.T.);
#2040=EDGE_CURVE('',#1564,#1602,#745,.T.);
#2041=EDGE_CURVE('',#1565,#1603,#746,.T.);
#2042=EDGE_CURVE('',#1603,#1581,#747,.T.);
#2043=EDGE_CURVE('',#1571,#1604,#748,.T.);
#2044=EDGE_CURVE('',#1604,#1605,#749,.T.);
#2045=EDGE_CURVE('',#1605,#1606,#750,.T.);
#2046=EDGE_CURVE('',#1606,#1592,#751,.T.);
#2047=EDGE_CURVE('',#1603,#1598,#752,.T.);
#2048=EDGE_CURVE('',#1604,#1597,#753,.T.);
#2049=EDGE_CURVE('',#1606,#1596,#754,.T.);
#2050=EDGE_CURVE('',#1605,#1607,#755,.T.);
#2051=EDGE_CURVE('',#1608,#1607,#1351,.T.);
#2052=EDGE_CURVE('',#1566,#1608,#756,.T.);
#2053=EDGE_CURVE('',#1602,#1601,#757,.T.);
#2054=EDGE_CURVE('',#1600,#1609,#1352,.T.);
#2055=EDGE_CURVE('',#1609,#1599,#758,.T.);
#2056=EDGE_CURVE('',#1609,#1563,#759,.T.);
#2057=EDGE_CURVE('',#1607,#1568,#760,.T.);
#2058=EDGE_CURVE('',#1607,#1568,#1353,.T.);
#2059=EDGE_CURVE('',#1609,#1563,#1354,.T.);
#2060=EDGE_CURVE('',#1588,#1560,#1355,.T.);
#2061=EDGE_CURVE('',#1610,#1556,#1356,.T.);
#2062=EDGE_CURVE('',#1611,#1610,#1357,.T.);
#2063=EDGE_CURVE('',#1612,#1611,#761,.T.);
#2064=EDGE_CURVE('',#1613,#1612,#762,.T.);
#2065=EDGE_CURVE('',#1614,#1613,#763,.T.);
#2066=EDGE_CURVE('',#1615,#1614,#764,.T.);
#2067=EDGE_CURVE('',#1616,#1615,#1358,.T.);
#2068=EDGE_CURVE('',#1564,#1616,#1359,.T.);
#2069=EDGE_CURVE('',#1561,#1600,#1360,.T.);
#2070=EDGE_CURVE('',#1567,#1578,#1361,.T.);
#2071=EDGE_CURVE('',#1566,#1567,#1362,.T.);
#2072=EDGE_CURVE('',#1554,#1608,#1363,.T.);
#2073=EDGE_CURVE('',#1617,#1617,#1364,.T.);
#2074=EDGE_CURVE('',#1618,#1619,#765,.T.);
#2075=EDGE_CURVE('',#1620,#1618,#766,.T.);
#2076=EDGE_CURVE('',#1621,#1620,#767,.T.);
#2077=EDGE_CURVE('',#1621,#1619,#768,.T.);
#2078=EDGE_CURVE('',#1619,#1622,#1365,.T.);
#2079=EDGE_CURVE('',#1623,#1621,#1366,.T.);
#2080=EDGE_CURVE('',#1623,#1622,#769,.T.);
#2081=EDGE_CURVE('',#1622,#1624,#770,.T.);
#2082=EDGE_CURVE('',#1625,#1623,#771,.T.);
#2083=EDGE_CURVE('',#1625,#1624,#772,.T.);
#2084=EDGE_CURVE('',#1624,#1626,#1367,.T.);
#2085=EDGE_CURVE('',#1627,#1625,#1368,.T.);
#2086=EDGE_CURVE('',#1627,#1626,#773,.T.);
#2087=EDGE_CURVE('',#1626,#1628,#774,.T.);
#2088=EDGE_CURVE('',#1629,#1627,#775,.T.);
#2089=EDGE_CURVE('',#1629,#1628,#776,.T.);
#2090=EDGE_CURVE('',#1628,#1630,#1369,.T.);
#2091=EDGE_CURVE('',#1631,#1629,#1370,.T.);
#2092=EDGE_CURVE('',#1631,#1630,#777,.T.);
#2093=EDGE_CURVE('',#1630,#1632,#778,.T.);
#2094=EDGE_CURVE('',#1633,#1631,#779,.T.);
#2095=EDGE_CURVE('',#1633,#1632,#780,.T.);
#2096=EDGE_CURVE('',#1632,#1618,#1371,.T.);
#2097=EDGE_CURVE('',#1620,#1633,#1372,.T.);
#2098=EDGE_CURVE('',#1634,#1635,#781,.T.);
#2099=EDGE_CURVE('',#1546,#1634,#782,.T.);
#2100=EDGE_CURVE('',#1636,#1546,#783,.T.);
#2101=EDGE_CURVE('',#1635,#1636,#784,.T.);
#2102=EDGE_CURVE('',#1637,#1634,#31,.T.);
#2103=EDGE_CURVE('',#1637,#1638,#785,.T.);
#2104=EDGE_CURVE('',#1638,#1546,#15,.F.);
#2105=EDGE_CURVE('',#1548,#1637,#786,.T.);
#2106=EDGE_CURVE('',#1638,#1547,#787,.T.);
#2107=EDGE_CURVE('',#1639,#1640,#32,.T.);
#2108=EDGE_CURVE('',#1639,#1641,#788,.T.);
#2109=EDGE_CURVE('',#1641,#1642,#16,.F.);
#2110=EDGE_CURVE('',#1642,#1640,#789,.T.);
#2111=EDGE_CURVE('',#1643,#1550,#790,.T.);
#2112=EDGE_CURVE('',#1644,#1643,#791,.T.);
#2113=EDGE_CURVE('',#1644,#1551,#792,.T.);
#2114=EDGE_CURVE('',#1645,#1643,#33,.T.);
#2115=EDGE_CURVE('',#1645,#1552,#793,.T.);
#2116=EDGE_CURVE('',#1552,#1644,#17,.F.);
#2117=EDGE_CURVE('',#1646,#1639,#794,.T.);
#2118=EDGE_CURVE('',#1647,#1646,#795,.T.);
#2119=EDGE_CURVE('',#1648,#1647,#796,.T.);
#2120=EDGE_CURVE('',#1641,#1648,#1373,.T.);
#2121=EDGE_CURVE('',#1649,#1649,#1374,.T.);
#2122=EDGE_CURVE('',#1635,#1647,#34,.T.);
#2123=EDGE_CURVE('',#1636,#1648,#18,.F.);
#2124=EDGE_CURVE('',#1642,#1552,#797,.T.);
#2125=EDGE_CURVE('',#1640,#1645,#798,.T.);
#2126=EDGE_CURVE('',#1553,#1649,#799,.T.);
#2127=EDGE_CURVE('',#1646,#1650,#800,.T.);
#2128=EDGE_CURVE('',#1651,#1650,#801,.T.);
#2129=EDGE_CURVE('',#1652,#1651,#802,.T.);
#2130=EDGE_CURVE('',#1652,#1653,#803,.T.);
#2131=EDGE_CURVE('',#1653,#1654,#35,.T.);
#2132=EDGE_CURVE('',#1654,#1655,#804,.T.);
#2133=EDGE_CURVE('',#1655,#1656,#36,.T.);
#2134=EDGE_CURVE('',#1656,#1493,#805,.T.);
#2135=EDGE_CURVE('',#1657,#1492,#806,.T.);
#2136=EDGE_CURVE('',#1658,#1657,#807,.T.);
#2137=EDGE_CURVE('',#1658,#1549,#808,.T.);
#2138=EDGE_CURVE('',#1659,#1658,#809,.T.);
#2139=EDGE_CURVE('',#1659,#1613,#810,.T.);
#2140=EDGE_CURVE('',#1612,#1660,#811,.T.);
#2141=EDGE_CURVE('',#1660,#1661,#37,.T.);
#2142=EDGE_CURVE('',#1661,#1662,#812,.T.);
#2143=EDGE_CURVE('',#1662,#1663,#38,.T.);
#2144=EDGE_CURVE('',#1663,#1664,#813,.T.);
#2145=EDGE_CURVE('',#1664,#1665,#814,.T.);
#2146=EDGE_CURVE('',#1650,#1665,#815,.T.);
#2147=EDGE_CURVE('',#1666,#1667,#816,.T.);
#2148=EDGE_CURVE('',#1489,#1666,#817,.T.);
#2149=EDGE_CURVE('',#1668,#1489,#818,.T.);
#2150=EDGE_CURVE('',#1667,#1668,#819,.T.);
#2151=EDGE_CURVE('',#1669,#1666,#39,.T.);
#2152=EDGE_CURVE('',#1669,#1670,#820,.T.);
#2153=EDGE_CURVE('',#1670,#1489,#19,.F.);
#2154=EDGE_CURVE('',#1491,#1669,#821,.T.);
#2155=EDGE_CURVE('',#1670,#1490,#822,.T.);
#2156=EDGE_CURVE('',#1653,#1671,#823,.T.);
#2157=EDGE_CURVE('',#1671,#1672,#20,.F.);
#2158=EDGE_CURVE('',#1672,#1654,#824,.T.);
#2159=EDGE_CURVE('',#1673,#1656,#825,.T.);
#2160=EDGE_CURVE('',#1673,#1494,#826,.T.);
#2161=EDGE_CURVE('',#1672,#1495,#827,.T.);
#2162=EDGE_CURVE('',#1655,#1495,#828,.T.);
#2163=EDGE_CURVE('',#1674,#1652,#829,.T.);
#2164=EDGE_CURVE('',#1675,#1674,#830,.T.);
#2165=EDGE_CURVE('',#1671,#1675,#1375,.T.);
#2166=EDGE_CURVE('',#1676,#1676,#1376,.T.);
#2167=EDGE_CURVE('',#1495,#1673,#21,.F.);
#2168=EDGE_CURVE('',#1668,#1675,#22,.F.);
#2169=EDGE_CURVE('',#1667,#1674,#40,.T.);
#2170=EDGE_CURVE('',#1496,#1676,#831,.T.);
#2171=EDGE_CURVE('',#1677,#1651,#832,.T.);
#2172=EDGE_CURVE('',#1678,#1677,#833,.T.);
#2173=EDGE_CURVE('',#1678,#1679,#834,.T.);
#2174=EDGE_CURVE('',#1679,#1680,#41,.T.);
#2175=EDGE_CURVE('',#1680,#1681,#835,.T.);
#2176=EDGE_CURVE('',#1681,#1682,#42,.T.);
#2177=EDGE_CURVE('',#1682,#1437,#836,.T.);
#2178=EDGE_CURVE('',#1683,#1436,#837,.T.);
#2179=EDGE_CURVE('',#1657,#1683,#838,.T.);
#2180=EDGE_CURVE('',#1684,#1685,#43,.T.);
#2181=EDGE_CURVE('',#1684,#1616,#839,.T.);
#2182=EDGE_CURVE('',#1616,#1686,#23,.F.);
#2183=EDGE_CURVE('',#1686,#1685,#840,.T.);
#2184=EDGE_CURVE('',#1687,#1684,#841,.T.);
#2185=EDGE_CURVE('',#1688,#1687,#842,.T.);
#2186=EDGE_CURVE('',#1688,#1616,#843,.T.);
#2187=EDGE_CURVE('',#1689,#1687,#44,.T.);
#2188=EDGE_CURVE('',#1689,#1690,#844,.T.);
#2189=EDGE_CURVE('',#1690,#1688,#24,.F.);
#2190=EDGE_CURVE('',#1691,#1611,#845,.T.);
#2191=EDGE_CURVE('',#1660,#1691,#846,.T.);
#2192=EDGE_CURVE('',#1662,#1692,#847,.T.);
#2193=EDGE_CURVE('',#1692,#1693,#25,.F.);
#2194=EDGE_CURVE('',#1693,#1663,#848,.T.);
#2195=EDGE_CURVE('',#1685,#1614,#849,.T.);
#2196=EDGE_CURVE('',#1686,#1615,#850,.T.);
#2197=EDGE_CURVE('',#1617,#1694,#851,.T.);
#2198=EDGE_CURVE('',#1694,#1694,#1377,.T.);
#2199=EDGE_CURVE('',#1610,#1661,#852,.T.);
#2200=EDGE_CURVE('',#1692,#1610,#853,.T.);
#2201=EDGE_CURVE('',#1691,#1610,#26,.F.);
#2202=EDGE_CURVE('',#1690,#1693,#1378,.T.);
#2203=EDGE_CURVE('',#1664,#1689,#854,.T.);
#2204=EDGE_CURVE('',#1683,#1659,#855,.T.);
#2205=EDGE_CURVE('',#1435,#1695,#856,.T.);
#2206=EDGE_CURVE('',#1695,#1696,#45,.T.);
#2207=EDGE_CURVE('',#1696,#1697,#857,.T.);
#2208=EDGE_CURVE('',#1697,#1698,#46,.T.);
#2209=EDGE_CURVE('',#1698,#1678,#858,.T.);
#2210=EDGE_CURVE('',#1665,#1677,#859,.T.);
#2211=EDGE_CURVE('',#1695,#1699,#860,.T.);
#2212=EDGE_CURVE('',#1699,#1433,#27,.F.);
#2213=EDGE_CURVE('',#1433,#1696,#861,.T.);
#2214=EDGE_CURVE('',#1699,#1434,#862,.T.);
#2215=EDGE_CURVE('',#1681,#1439,#863,.T.);
#2216=EDGE_CURVE('',#1439,#1700,#28,.F.);
#2217=EDGE_CURVE('',#1700,#1682,#864,.T.);
#2218=EDGE_CURVE('',#1701,#1680,#865,.T.);
#2219=EDGE_CURVE('',#1701,#1439,#866,.T.);
#2220=EDGE_CURVE('',#1679,#1702,#867,.T.);
#2221=EDGE_CURVE('',#1702,#1701,#29,.F.);
#2222=EDGE_CURVE('',#1440,#1703,#868,.T.);
#2223=EDGE_CURVE('',#1703,#1703,#1379,.T.);
#2224=EDGE_CURVE('',#1697,#1704,#869,.T.);
#2225=EDGE_CURVE('',#1704,#1705,#30,.F.);
#2226=EDGE_CURVE('',#1705,#1698,#870,.T.);
#2227=EDGE_CURVE('',#1704,#1433,#871,.T.);
#2228=EDGE_CURVE('',#1702,#1705,#1380,.T.);
#2229=EDGE_CURVE('',#1700,#1438,#872,.T.);
#2230=EDGE_CURVE('',#1706,#1707,#873,.T.);
#2231=EDGE_CURVE('',#1706,#1708,#874,.T.);
#2232=EDGE_CURVE('',#1708,#1709,#875,.T.);
#2233=EDGE_CURVE('',#1707,#1709,#876,.T.);
#2234=EDGE_CURVE('',#1710,#1706,#877,.T.);
#2235=EDGE_CURVE('',#1710,#1711,#878,.T.);
#2236=EDGE_CURVE('',#1711,#1708,#879,.T.);
#2237=EDGE_CURVE('',#1712,#1710,#880,.T.);
#2238=EDGE_CURVE('',#1712,#1713,#881,.T.);
#2239=EDGE_CURVE('',#1713,#1711,#882,.T.);
#2240=EDGE_CURVE('',#1707,#1712,#883,.T.);
#2241=EDGE_CURVE('',#1709,#1713,#884,.T.);
#2242=ORIENTED_EDGE('',*,*,#1714,.F.);
#2243=ORIENTED_EDGE('',*,*,#1715,.F.);
#2244=ORIENTED_EDGE('',*,*,#1716,.T.);
#2245=ORIENTED_EDGE('',*,*,#1717,.F.);
#2246=ORIENTED_EDGE('',*,*,#1718,.F.);
#2247=ORIENTED_EDGE('',*,*,#1719,.F.);
#2248=ORIENTED_EDGE('',*,*,#1720,.F.);
#2249=ORIENTED_EDGE('',*,*,#1721,.F.);
#2250=ORIENTED_EDGE('',*,*,#1722,.F.);
#2251=ORIENTED_EDGE('',*,*,#1723,.F.);
#2252=ORIENTED_EDGE('',*,*,#1724,.F.);
#2253=ORIENTED_EDGE('',*,*,#1725,.T.);
#2254=ORIENTED_EDGE('',*,*,#1726,.T.);
#2255=ORIENTED_EDGE('',*,*,#1727,.T.);
#2256=ORIENTED_EDGE('',*,*,#1717,.T.);
#2257=ORIENTED_EDGE('',*,*,#1728,.T.);
#2258=ORIENTED_EDGE('',*,*,#1729,.T.);
#2259=ORIENTED_EDGE('',*,*,#1730,.F.);
#2260=ORIENTED_EDGE('',*,*,#1731,.T.);
#2261=ORIENTED_EDGE('',*,*,#1732,.T.);
#2262=ORIENTED_EDGE('',*,*,#1733,.T.);
#2263=ORIENTED_EDGE('',*,*,#1734,.F.);
#2264=ORIENTED_EDGE('',*,*,#1735,.T.);
#2265=ORIENTED_EDGE('',*,*,#1736,.T.);
#2266=ORIENTED_EDGE('',*,*,#1737,.F.);
#2267=ORIENTED_EDGE('',*,*,#1738,.T.);
#2268=ORIENTED_EDGE('',*,*,#1739,.T.);
#2269=ORIENTED_EDGE('',*,*,#1740,.T.);
#2270=ORIENTED_EDGE('',*,*,#1741,.T.);
#2271=ORIENTED_EDGE('',*,*,#1742,.T.);
#2272=ORIENTED_EDGE('',*,*,#1743,.T.);
#2273=ORIENTED_EDGE('',*,*,#1714,.T.);
#2274=ORIENTED_EDGE('',*,*,#1727,.F.);
#2275=ORIENTED_EDGE('',*,*,#1744,.F.);
#2276=ORIENTED_EDGE('',*,*,#1741,.F.);
#2277=ORIENTED_EDGE('',*,*,#1745,.F.);
#2278=ORIENTED_EDGE('',*,*,#1742,.F.);
#2279=ORIENTED_EDGE('',*,*,#1744,.T.);
#2280=ORIENTED_EDGE('',*,*,#1726,.F.);
#2281=ORIENTED_EDGE('',*,*,#1746,.F.);
#2282=ORIENTED_EDGE('',*,*,#1747,.F.);
#2283=ORIENTED_EDGE('',*,*,#1748,.T.);
#2284=ORIENTED_EDGE('',*,*,#1735,.F.);
#2285=ORIENTED_EDGE('',*,*,#1749,.F.);
#2286=ORIENTED_EDGE('',*,*,#1750,.F.);
#2287=ORIENTED_EDGE('',*,*,#1733,.F.);
#2288=ORIENTED_EDGE('',*,*,#1751,.F.);
#2289=ORIENTED_EDGE('',*,*,#1752,.F.);
#2290=ORIENTED_EDGE('',*,*,#1719,.T.);
#2291=ORIENTED_EDGE('',*,*,#1753,.F.);
#2292=ORIENTED_EDGE('',*,*,#1751,.T.);
#2293=ORIENTED_EDGE('',*,*,#1732,.F.);
#2294=ORIENTED_EDGE('',*,*,#1754,.F.);
#2295=ORIENTED_EDGE('',*,*,#1739,.F.);
#2296=ORIENTED_EDGE('',*,*,#1755,.T.);
#2297=ORIENTED_EDGE('',*,*,#1728,.F.);
#2298=ORIENTED_EDGE('',*,*,#1716,.F.);
#2299=ORIENTED_EDGE('',*,*,#1756,.F.);
#2300=ORIENTED_EDGE('',*,*,#1757,.F.);
#2301=ORIENTED_EDGE('',*,*,#1758,.T.);
#2302=ORIENTED_EDGE('',*,*,#1747,.T.);
#2303=ORIENTED_EDGE('',*,*,#1759,.F.);
#2304=ORIENTED_EDGE('',*,*,#1720,.T.);
#2305=ORIENTED_EDGE('',*,*,#1752,.T.);
#2306=ORIENTED_EDGE('',*,*,#1760,.T.);
#2307=ORIENTED_EDGE('',*,*,#1761,.F.);
#2308=ORIENTED_EDGE('',*,*,#1762,.T.);
#2309=ORIENTED_EDGE('',*,*,#1763,.F.);
#2310=ORIENTED_EDGE('',*,*,#1736,.F.);
#2311=ORIENTED_EDGE('',*,*,#1748,.F.);
#2312=ORIENTED_EDGE('',*,*,#1758,.F.);
#2313=ORIENTED_EDGE('',*,*,#1764,.F.);
#2314=ORIENTED_EDGE('',*,*,#1765,.F.);
#2315=ORIENTED_EDGE('',*,*,#1766,.F.);
#2316=ORIENTED_EDGE('',*,*,#1743,.F.);
#2317=ORIENTED_EDGE('',*,*,#1746,.T.);
#2318=ORIENTED_EDGE('',*,*,#1725,.F.);
#2319=ORIENTED_EDGE('',*,*,#1730,.T.);
#2320=ORIENTED_EDGE('',*,*,#1763,.T.);
#2321=ORIENTED_EDGE('',*,*,#1767,.T.);
#2322=ORIENTED_EDGE('',*,*,#1768,.T.);
#2323=ORIENTED_EDGE('',*,*,#1769,.T.);
#2324=ORIENTED_EDGE('',*,*,#1770,.T.);
#2325=ORIENTED_EDGE('',*,*,#1757,.T.);
#2326=ORIENTED_EDGE('',*,*,#1771,.T.);
#2327=ORIENTED_EDGE('',*,*,#1772,.T.);
#2328=ORIENTED_EDGE('',*,*,#1773,.T.);
#2329=ORIENTED_EDGE('',*,*,#1774,.F.);
#2330=ORIENTED_EDGE('',*,*,#1775,.T.);
#2331=ORIENTED_EDGE('',*,*,#1764,.T.);
#2332=ORIENTED_EDGE('',*,*,#1737,.T.);
#2333=ORIENTED_EDGE('',*,*,#1766,.T.);
#2334=ORIENTED_EDGE('',*,*,#1776,.T.);
#2335=ORIENTED_EDGE('',*,*,#1777,.F.);
#2336=ORIENTED_EDGE('',*,*,#1723,.T.);
#2337=ORIENTED_EDGE('',*,*,#1778,.T.);
#2338=ORIENTED_EDGE('',*,*,#1779,.T.);
#2339=ORIENTED_EDGE('',*,*,#1724,.T.);
#2340=ORIENTED_EDGE('',*,*,#1780,.T.);
#2341=ORIENTED_EDGE('',*,*,#1781,.T.);
#2342=ORIENTED_EDGE('',*,*,#1782,.T.);
#2343=ORIENTED_EDGE('',*,*,#1783,.T.);
#2344=ORIENTED_EDGE('',*,*,#1761,.T.);
#2345=ORIENTED_EDGE('',*,*,#1779,.F.);
#2346=ORIENTED_EDGE('',*,*,#1784,.T.);
#2347=ORIENTED_EDGE('',*,*,#1771,.F.);
#2348=ORIENTED_EDGE('',*,*,#1760,.F.);
#2349=ORIENTED_EDGE('',*,*,#1754,.T.);
#2350=ORIENTED_EDGE('',*,*,#1731,.F.);
#2351=ORIENTED_EDGE('',*,*,#1770,.F.);
#2352=ORIENTED_EDGE('',*,*,#1785,.F.);
#2353=ORIENTED_EDGE('',*,*,#1780,.F.);
#2354=ORIENTED_EDGE('',*,*,#1729,.F.);
#2355=ORIENTED_EDGE('',*,*,#1755,.F.);
#2356=ORIENTED_EDGE('',*,*,#1738,.F.);
#2357=ORIENTED_EDGE('',*,*,#1782,.F.);
#2358=ORIENTED_EDGE('',*,*,#1786,.T.);
#2359=ORIENTED_EDGE('',*,*,#1768,.F.);
#2360=ORIENTED_EDGE('',*,*,#1787,.F.);
#2361=ORIENTED_EDGE('',*,*,#1783,.F.);
#2362=ORIENTED_EDGE('',*,*,#1787,.T.);
#2363=ORIENTED_EDGE('',*,*,#1767,.F.);
#2364=ORIENTED_EDGE('',*,*,#1762,.F.);
#2365=ORIENTED_EDGE('',*,*,#1776,.F.);
#2366=ORIENTED_EDGE('',*,*,#1765,.T.);
#2367=ORIENTED_EDGE('',*,*,#1775,.F.);
#2368=ORIENTED_EDGE('',*,*,#1788,.F.);
#2369=ORIENTED_EDGE('',*,*,#1789,.F.);
#2370=ORIENTED_EDGE('',*,*,#1773,.F.);
#2371=ORIENTED_EDGE('',*,*,#1790,.F.);
#2372=ORIENTED_EDGE('',*,*,#1778,.F.);
#2373=ORIENTED_EDGE('',*,*,#1722,.T.);
#2374=ORIENTED_EDGE('',*,*,#1791,.F.);
#2375=ORIENTED_EDGE('',*,*,#1790,.T.);
#2376=ORIENTED_EDGE('',*,*,#1772,.F.);
#2377=ORIENTED_EDGE('',*,*,#1784,.F.);
#2378=ORIENTED_EDGE('',*,*,#1781,.F.);
#2379=ORIENTED_EDGE('',*,*,#1785,.T.);
#2380=ORIENTED_EDGE('',*,*,#1769,.F.);
#2381=ORIENTED_EDGE('',*,*,#1786,.F.);
#2382=ORIENTED_EDGE('',*,*,#1791,.T.);
#2383=ORIENTED_EDGE('',*,*,#1792,.F.);
#2384=ORIENTED_EDGE('',*,*,#1753,.T.);
#2385=ORIENTED_EDGE('',*,*,#1793,.F.);
#2386=ORIENTED_EDGE('',*,*,#1745,.T.);
#2387=ORIENTED_EDGE('',*,*,#1740,.F.);
#2388=ORIENTED_EDGE('',*,*,#1756,.T.);
#2389=ORIENTED_EDGE('',*,*,#1794,.F.);
#2390=ORIENTED_EDGE('',*,*,#1777,.T.);
#2391=ORIENTED_EDGE('',*,*,#1788,.T.);
#2392=ORIENTED_EDGE('',*,*,#1774,.T.);
#2393=ORIENTED_EDGE('',*,*,#1795,.F.);
#2394=ORIENTED_EDGE('',*,*,#1759,.T.);
#2395=ORIENTED_EDGE('',*,*,#1749,.T.);
#2396=ORIENTED_EDGE('',*,*,#1734,.T.);
#2397=ORIENTED_EDGE('',*,*,#1796,.F.);
#2398=ORIENTED_EDGE('',*,*,#1797,.F.);
#2399=ORIENTED_EDGE('',*,*,#1798,.F.);
#2400=ORIENTED_EDGE('',*,*,#1799,.F.);
#2401=ORIENTED_EDGE('',*,*,#1800,.F.);
#2402=ORIENTED_EDGE('',*,*,#1801,.F.);
#2403=ORIENTED_EDGE('',*,*,#1802,.F.);
#2404=ORIENTED_EDGE('',*,*,#1803,.F.);
#2405=ORIENTED_EDGE('',*,*,#1804,.F.);
#2406=ORIENTED_EDGE('',*,*,#1805,.F.);
#2407=ORIENTED_EDGE('',*,*,#1806,.T.);
#2408=ORIENTED_EDGE('',*,*,#1806,.F.);
#2409=ORIENTED_EDGE('',*,*,#1807,.F.);
#2410=ORIENTED_EDGE('',*,*,#1808,.F.);
#2411=ORIENTED_EDGE('',*,*,#1809,.F.);
#2412=ORIENTED_EDGE('',*,*,#1810,.T.);
#2413=ORIENTED_EDGE('',*,*,#1811,.F.);
#2414=ORIENTED_EDGE('',*,*,#1812,.F.);
#2415=ORIENTED_EDGE('',*,*,#1813,.F.);
#2416=ORIENTED_EDGE('',*,*,#1814,.T.);
#2417=ORIENTED_EDGE('',*,*,#1815,.F.);
#2418=ORIENTED_EDGE('',*,*,#1816,.F.);
#2419=ORIENTED_EDGE('',*,*,#1817,.F.);
#2420=ORIENTED_EDGE('',*,*,#1818,.F.);
#2421=ORIENTED_EDGE('',*,*,#1819,.T.);
#2422=ORIENTED_EDGE('',*,*,#1820,.T.);
#2423=ORIENTED_EDGE('',*,*,#1811,.T.);
#2424=ORIENTED_EDGE('',*,*,#1821,.T.);
#2425=ORIENTED_EDGE('',*,*,#1822,.T.);
#2426=ORIENTED_EDGE('',*,*,#1823,.F.);
#2427=ORIENTED_EDGE('',*,*,#1824,.T.);
#2428=ORIENTED_EDGE('',*,*,#1825,.T.);
#2429=ORIENTED_EDGE('',*,*,#1826,.F.);
#2430=ORIENTED_EDGE('',*,*,#1827,.T.);
#2431=ORIENTED_EDGE('',*,*,#1828,.T.);
#2432=ORIENTED_EDGE('',*,*,#1829,.F.);
#2433=ORIENTED_EDGE('',*,*,#1830,.T.);
#2434=ORIENTED_EDGE('',*,*,#1831,.T.);
#2435=ORIENTED_EDGE('',*,*,#1813,.T.);
#2436=ORIENTED_EDGE('',*,*,#1832,.T.);
#2437=ORIENTED_EDGE('',*,*,#1833,.T.);
#2438=ORIENTED_EDGE('',*,*,#1832,.F.);
#2439=ORIENTED_EDGE('',*,*,#1812,.T.);
#2440=ORIENTED_EDGE('',*,*,#1820,.F.);
#2441=ORIENTED_EDGE('',*,*,#1834,.F.);
#2442=ORIENTED_EDGE('',*,*,#1835,.F.);
#2443=ORIENTED_EDGE('',*,*,#1836,.T.);
#2444=ORIENTED_EDGE('',*,*,#1827,.F.);
#2445=ORIENTED_EDGE('',*,*,#1837,.F.);
#2446=ORIENTED_EDGE('',*,*,#1838,.F.);
#2447=ORIENTED_EDGE('',*,*,#1839,.F.);
#2448=ORIENTED_EDGE('',*,*,#1825,.F.);
#2449=ORIENTED_EDGE('',*,*,#1840,.F.);
#2450=ORIENTED_EDGE('',*,*,#1831,.F.);
#2451=ORIENTED_EDGE('',*,*,#1841,.T.);
#2452=ORIENTED_EDGE('',*,*,#1821,.F.);
#2453=ORIENTED_EDGE('',*,*,#1810,.F.);
#2454=ORIENTED_EDGE('',*,*,#1842,.F.);
#2455=ORIENTED_EDGE('',*,*,#1814,.F.);
#2456=ORIENTED_EDGE('',*,*,#1843,.F.);
#2457=ORIENTED_EDGE('',*,*,#1844,.T.);
#2458=ORIENTED_EDGE('',*,*,#1835,.T.);
#2459=ORIENTED_EDGE('',*,*,#1845,.F.);
#2460=ORIENTED_EDGE('',*,*,#1838,.T.);
#2461=ORIENTED_EDGE('',*,*,#1846,.T.);
#2462=ORIENTED_EDGE('',*,*,#1847,.F.);
#2463=ORIENTED_EDGE('',*,*,#1848,.T.);
#2464=ORIENTED_EDGE('',*,*,#1849,.F.);
#2465=ORIENTED_EDGE('',*,*,#1828,.F.);
#2466=ORIENTED_EDGE('',*,*,#1836,.F.);
#2467=ORIENTED_EDGE('',*,*,#1844,.F.);
#2468=ORIENTED_EDGE('',*,*,#1850,.F.);
#2469=ORIENTED_EDGE('',*,*,#1851,.F.);
#2470=ORIENTED_EDGE('',*,*,#1852,.F.);
#2471=ORIENTED_EDGE('',*,*,#1833,.F.);
#2472=ORIENTED_EDGE('',*,*,#1834,.T.);
#2473=ORIENTED_EDGE('',*,*,#1819,.F.);
#2474=ORIENTED_EDGE('',*,*,#1823,.T.);
#2475=ORIENTED_EDGE('',*,*,#1849,.T.);
#2476=ORIENTED_EDGE('',*,*,#1853,.T.);
#2477=ORIENTED_EDGE('',*,*,#1854,.T.);
#2478=ORIENTED_EDGE('',*,*,#1855,.T.);
#2479=ORIENTED_EDGE('',*,*,#1856,.T.);
#2480=ORIENTED_EDGE('',*,*,#1843,.T.);
#2481=ORIENTED_EDGE('',*,*,#1857,.T.);
#2482=ORIENTED_EDGE('',*,*,#1858,.T.);
#2483=ORIENTED_EDGE('',*,*,#1859,.T.);
#2484=ORIENTED_EDGE('',*,*,#1860,.F.);
#2485=ORIENTED_EDGE('',*,*,#1861,.T.);
#2486=ORIENTED_EDGE('',*,*,#1850,.T.);
#2487=ORIENTED_EDGE('',*,*,#1829,.T.);
#2488=ORIENTED_EDGE('',*,*,#1852,.T.);
#2489=ORIENTED_EDGE('',*,*,#1862,.T.);
#2490=ORIENTED_EDGE('',*,*,#1863,.F.);
#2491=ORIENTED_EDGE('',*,*,#1817,.T.);
#2492=ORIENTED_EDGE('',*,*,#1864,.T.);
#2493=ORIENTED_EDGE('',*,*,#1865,.T.);
#2494=ORIENTED_EDGE('',*,*,#1818,.T.);
#2495=ORIENTED_EDGE('',*,*,#1866,.T.);
#2496=ORIENTED_EDGE('',*,*,#1867,.T.);
#2497=ORIENTED_EDGE('',*,*,#1868,.T.);
#2498=ORIENTED_EDGE('',*,*,#1869,.T.);
#2499=ORIENTED_EDGE('',*,*,#1847,.T.);
#2500=ORIENTED_EDGE('',*,*,#1865,.F.);
#2501=ORIENTED_EDGE('',*,*,#1870,.T.);
#2502=ORIENTED_EDGE('',*,*,#1857,.F.);
#2503=ORIENTED_EDGE('',*,*,#1846,.F.);
#2504=ORIENTED_EDGE('',*,*,#1840,.T.);
#2505=ORIENTED_EDGE('',*,*,#1824,.F.);
#2506=ORIENTED_EDGE('',*,*,#1856,.F.);
#2507=ORIENTED_EDGE('',*,*,#1871,.F.);
#2508=ORIENTED_EDGE('',*,*,#1866,.F.);
#2509=ORIENTED_EDGE('',*,*,#1822,.F.);
#2510=ORIENTED_EDGE('',*,*,#1841,.F.);
#2511=ORIENTED_EDGE('',*,*,#1830,.F.);
#2512=ORIENTED_EDGE('',*,*,#1868,.F.);
#2513=ORIENTED_EDGE('',*,*,#1872,.T.);
#2514=ORIENTED_EDGE('',*,*,#1854,.F.);
#2515=ORIENTED_EDGE('',*,*,#1873,.F.);
#2516=ORIENTED_EDGE('',*,*,#1869,.F.);
#2517=ORIENTED_EDGE('',*,*,#1873,.T.);
#2518=ORIENTED_EDGE('',*,*,#1853,.F.);
#2519=ORIENTED_EDGE('',*,*,#1848,.F.);
#2520=ORIENTED_EDGE('',*,*,#1862,.F.);
#2521=ORIENTED_EDGE('',*,*,#1851,.T.);
#2522=ORIENTED_EDGE('',*,*,#1861,.F.);
#2523=ORIENTED_EDGE('',*,*,#1874,.F.);
#2524=ORIENTED_EDGE('',*,*,#1875,.F.);
#2525=ORIENTED_EDGE('',*,*,#1859,.F.);
#2526=ORIENTED_EDGE('',*,*,#1876,.F.);
#2527=ORIENTED_EDGE('',*,*,#1864,.F.);
#2528=ORIENTED_EDGE('',*,*,#1816,.T.);
#2529=ORIENTED_EDGE('',*,*,#1877,.F.);
#2530=ORIENTED_EDGE('',*,*,#1876,.T.);
#2531=ORIENTED_EDGE('',*,*,#1858,.F.);
#2532=ORIENTED_EDGE('',*,*,#1870,.F.);
#2533=ORIENTED_EDGE('',*,*,#1867,.F.);
#2534=ORIENTED_EDGE('',*,*,#1871,.T.);
#2535=ORIENTED_EDGE('',*,*,#1855,.F.);
#2536=ORIENTED_EDGE('',*,*,#1872,.F.);
#2537=ORIENTED_EDGE('',*,*,#1877,.T.);
#2538=ORIENTED_EDGE('',*,*,#1878,.F.);
#2539=ORIENTED_EDGE('',*,*,#1808,.T.);
#2540=ORIENTED_EDGE('',*,*,#1879,.F.);
#2541=ORIENTED_EDGE('',*,*,#1863,.T.);
#2542=ORIENTED_EDGE('',*,*,#1874,.T.);
#2543=ORIENTED_EDGE('',*,*,#1860,.T.);
#2544=ORIENTED_EDGE('',*,*,#1880,.F.);
#2545=ORIENTED_EDGE('',*,*,#1881,.F.);
#2546=ORIENTED_EDGE('',*,*,#1882,.F.);
#2547=ORIENTED_EDGE('',*,*,#1883,.F.);
#2548=ORIENTED_EDGE('',*,*,#1884,.F.);
#2549=ORIENTED_EDGE('',*,*,#1885,.F.);
#2550=ORIENTED_EDGE('',*,*,#1886,.F.);
#2551=ORIENTED_EDGE('',*,*,#1887,.F.);
#2552=ORIENTED_EDGE('',*,*,#1826,.T.);
#2553=ORIENTED_EDGE('',*,*,#1839,.T.);
#2554=ORIENTED_EDGE('',*,*,#1845,.T.);
#2555=ORIENTED_EDGE('',*,*,#1837,.T.);
#2556=ORIENTED_EDGE('',*,*,#1888,.T.);
#2557=ORIENTED_EDGE('',*,*,#1888,.F.);
#2558=ORIENTED_EDGE('',*,*,#1889,.F.);
#2559=ORIENTED_EDGE('',*,*,#1842,.T.);
#2560=ORIENTED_EDGE('',*,*,#1890,.F.);
#2561=ORIENTED_EDGE('',*,*,#1891,.F.);
#2562=ORIENTED_EDGE('',*,*,#1892,.F.);
#2563=ORIENTED_EDGE('',*,*,#1893,.F.);
#2564=ORIENTED_EDGE('',*,*,#1894,.T.);
#2565=ORIENTED_EDGE('',*,*,#1895,.F.);
#2566=ORIENTED_EDGE('',*,*,#1896,.F.);
#2567=ORIENTED_EDGE('',*,*,#1897,.F.);
#2568=ORIENTED_EDGE('',*,*,#1898,.T.);
#2569=ORIENTED_EDGE('',*,*,#1899,.F.);
#2570=ORIENTED_EDGE('',*,*,#1900,.F.);
#2571=ORIENTED_EDGE('',*,*,#1901,.F.);
#2572=ORIENTED_EDGE('',*,*,#1902,.F.);
#2573=ORIENTED_EDGE('',*,*,#1903,.F.);
#2574=ORIENTED_EDGE('',*,*,#1904,.T.);
#2575=ORIENTED_EDGE('',*,*,#1905,.F.);
#2576=ORIENTED_EDGE('',*,*,#1906,.T.);
#2577=ORIENTED_EDGE('',*,*,#1907,.T.);
#2578=ORIENTED_EDGE('',*,*,#1895,.T.);
#2579=ORIENTED_EDGE('',*,*,#1908,.T.);
#2580=ORIENTED_EDGE('',*,*,#1909,.T.);
#2581=ORIENTED_EDGE('',*,*,#1910,.F.);
#2582=ORIENTED_EDGE('',*,*,#1911,.T.);
#2583=ORIENTED_EDGE('',*,*,#1912,.T.);
#2584=ORIENTED_EDGE('',*,*,#1913,.F.);
#2585=ORIENTED_EDGE('',*,*,#1914,.T.);
#2586=ORIENTED_EDGE('',*,*,#1915,.T.);
#2587=ORIENTED_EDGE('',*,*,#1916,.F.);
#2588=ORIENTED_EDGE('',*,*,#1917,.T.);
#2589=ORIENTED_EDGE('',*,*,#1918,.T.);
#2590=ORIENTED_EDGE('',*,*,#1897,.T.);
#2591=ORIENTED_EDGE('',*,*,#1919,.T.);
#2592=ORIENTED_EDGE('',*,*,#1920,.T.);
#2593=ORIENTED_EDGE('',*,*,#1919,.F.);
#2594=ORIENTED_EDGE('',*,*,#1896,.T.);
#2595=ORIENTED_EDGE('',*,*,#1907,.F.);
#2596=ORIENTED_EDGE('',*,*,#1921,.F.);
#2597=ORIENTED_EDGE('',*,*,#1922,.F.);
#2598=ORIENTED_EDGE('',*,*,#1923,.T.);
#2599=ORIENTED_EDGE('',*,*,#1914,.F.);
#2600=ORIENTED_EDGE('',*,*,#1924,.F.);
#2601=ORIENTED_EDGE('',*,*,#1925,.F.);
#2602=ORIENTED_EDGE('',*,*,#1926,.F.);
#2603=ORIENTED_EDGE('',*,*,#1912,.F.);
#2604=ORIENTED_EDGE('',*,*,#1927,.F.);
#2605=ORIENTED_EDGE('',*,*,#1918,.F.);
#2606=ORIENTED_EDGE('',*,*,#1928,.T.);
#2607=ORIENTED_EDGE('',*,*,#1908,.F.);
#2608=ORIENTED_EDGE('',*,*,#1894,.F.);
#2609=ORIENTED_EDGE('',*,*,#1929,.F.);
#2610=ORIENTED_EDGE('',*,*,#1898,.F.);
#2611=ORIENTED_EDGE('',*,*,#1930,.F.);
#2612=ORIENTED_EDGE('',*,*,#1931,.T.);
#2613=ORIENTED_EDGE('',*,*,#1922,.T.);
#2614=ORIENTED_EDGE('',*,*,#1932,.F.);
#2615=ORIENTED_EDGE('',*,*,#1925,.T.);
#2616=ORIENTED_EDGE('',*,*,#1933,.T.);
#2617=ORIENTED_EDGE('',*,*,#1934,.F.);
#2618=ORIENTED_EDGE('',*,*,#1935,.T.);
#2619=ORIENTED_EDGE('',*,*,#1936,.F.);
#2620=ORIENTED_EDGE('',*,*,#1915,.F.);
#2621=ORIENTED_EDGE('',*,*,#1923,.F.);
#2622=ORIENTED_EDGE('',*,*,#1931,.F.);
#2623=ORIENTED_EDGE('',*,*,#1937,.F.);
#2624=ORIENTED_EDGE('',*,*,#1938,.F.);
#2625=ORIENTED_EDGE('',*,*,#1939,.F.);
#2626=ORIENTED_EDGE('',*,*,#1920,.F.);
#2627=ORIENTED_EDGE('',*,*,#1921,.T.);
#2628=ORIENTED_EDGE('',*,*,#1906,.F.);
#2629=ORIENTED_EDGE('',*,*,#1910,.T.);
#2630=ORIENTED_EDGE('',*,*,#1936,.T.);
#2631=ORIENTED_EDGE('',*,*,#1940,.T.);
#2632=ORIENTED_EDGE('',*,*,#1901,.T.);
#2633=ORIENTED_EDGE('',*,*,#1941,.T.);
#2634=ORIENTED_EDGE('',*,*,#1942,.T.);
#2635=ORIENTED_EDGE('',*,*,#1943,.T.);
#2636=ORIENTED_EDGE('',*,*,#1930,.T.);
#2637=ORIENTED_EDGE('',*,*,#1944,.T.);
#2638=ORIENTED_EDGE('',*,*,#1945,.T.);
#2639=ORIENTED_EDGE('',*,*,#1946,.F.);
#2640=ORIENTED_EDGE('',*,*,#1947,.T.);
#2641=ORIENTED_EDGE('',*,*,#1937,.T.);
#2642=ORIENTED_EDGE('',*,*,#1916,.T.);
#2643=ORIENTED_EDGE('',*,*,#1939,.T.);
#2644=ORIENTED_EDGE('',*,*,#1948,.T.);
#2645=ORIENTED_EDGE('',*,*,#1949,.F.);
#2646=ORIENTED_EDGE('',*,*,#1950,.T.);
#2647=ORIENTED_EDGE('',*,*,#1951,.T.);
#2648=ORIENTED_EDGE('',*,*,#1952,.T.);
#2649=ORIENTED_EDGE('',*,*,#1905,.T.);
#2650=ORIENTED_EDGE('',*,*,#1953,.T.);
#2651=ORIENTED_EDGE('',*,*,#1954,.T.);
#2652=ORIENTED_EDGE('',*,*,#1903,.T.);
#2653=ORIENTED_EDGE('',*,*,#1955,.T.);
#2654=ORIENTED_EDGE('',*,*,#1934,.T.);
#2655=ORIENTED_EDGE('',*,*,#1952,.F.);
#2656=ORIENTED_EDGE('',*,*,#1956,.T.);
#2657=ORIENTED_EDGE('',*,*,#1944,.F.);
#2658=ORIENTED_EDGE('',*,*,#1933,.F.);
#2659=ORIENTED_EDGE('',*,*,#1927,.T.);
#2660=ORIENTED_EDGE('',*,*,#1911,.F.);
#2661=ORIENTED_EDGE('',*,*,#1943,.F.);
#2662=ORIENTED_EDGE('',*,*,#1957,.F.);
#2663=ORIENTED_EDGE('',*,*,#1953,.F.);
#2664=ORIENTED_EDGE('',*,*,#1909,.F.);
#2665=ORIENTED_EDGE('',*,*,#1928,.F.);
#2666=ORIENTED_EDGE('',*,*,#1917,.F.);
#2667=ORIENTED_EDGE('',*,*,#1955,.F.);
#2668=ORIENTED_EDGE('',*,*,#1902,.T.);
#2669=ORIENTED_EDGE('',*,*,#1940,.F.);
#2670=ORIENTED_EDGE('',*,*,#1935,.F.);
#2671=ORIENTED_EDGE('',*,*,#1948,.F.);
#2672=ORIENTED_EDGE('',*,*,#1938,.T.);
#2673=ORIENTED_EDGE('',*,*,#1947,.F.);
#2674=ORIENTED_EDGE('',*,*,#1958,.F.);
#2675=ORIENTED_EDGE('',*,*,#1959,.F.);
#2676=ORIENTED_EDGE('',*,*,#1960,.F.);
#2677=ORIENTED_EDGE('',*,*,#1950,.F.);
#2678=ORIENTED_EDGE('',*,*,#1951,.F.);
#2679=ORIENTED_EDGE('',*,*,#1960,.T.);
#2680=ORIENTED_EDGE('',*,*,#1961,.F.);
#2681=ORIENTED_EDGE('',*,*,#1945,.F.);
#2682=ORIENTED_EDGE('',*,*,#1956,.F.);
#2683=ORIENTED_EDGE('',*,*,#1954,.F.);
#2684=ORIENTED_EDGE('',*,*,#1957,.T.);
#2685=ORIENTED_EDGE('',*,*,#1942,.F.);
#2686=ORIENTED_EDGE('',*,*,#1962,.F.);
#2687=ORIENTED_EDGE('',*,*,#1904,.F.);
#2688=ORIENTED_EDGE('',*,*,#1892,.T.);
#2689=ORIENTED_EDGE('',*,*,#1963,.F.);
#2690=ORIENTED_EDGE('',*,*,#1949,.T.);
#2691=ORIENTED_EDGE('',*,*,#1958,.T.);
#2692=ORIENTED_EDGE('',*,*,#1946,.T.);
#2693=ORIENTED_EDGE('',*,*,#1961,.T.);
#2694=ORIENTED_EDGE('',*,*,#1964,.F.);
#2695=ORIENTED_EDGE('',*,*,#1965,.F.);
#2696=ORIENTED_EDGE('',*,*,#1966,.F.);
#2697=ORIENTED_EDGE('',*,*,#1967,.F.);
#2698=ORIENTED_EDGE('',*,*,#1968,.F.);
#2699=ORIENTED_EDGE('',*,*,#1969,.T.);
#2700=ORIENTED_EDGE('',*,*,#1970,.F.);
#2701=ORIENTED_EDGE('',*,*,#1971,.F.);
#2702=ORIENTED_EDGE('',*,*,#1962,.T.);
#2703=ORIENTED_EDGE('',*,*,#1941,.F.);
#2704=ORIENTED_EDGE('',*,*,#1900,.T.);
#2705=ORIENTED_EDGE('',*,*,#1972,.F.);
#2706=ORIENTED_EDGE('',*,*,#1913,.T.);
#2707=ORIENTED_EDGE('',*,*,#1926,.T.);
#2708=ORIENTED_EDGE('',*,*,#1932,.T.);
#2709=ORIENTED_EDGE('',*,*,#1924,.T.);
#2710=ORIENTED_EDGE('',*,*,#1973,.F.);
#2711=ORIENTED_EDGE('',*,*,#1929,.T.);
#2712=ORIENTED_EDGE('',*,*,#1974,.F.);
#2713=ORIENTED_EDGE('',*,*,#1975,.F.);
#2714=ORIENTED_EDGE('',*,*,#1976,.F.);
#2715=ORIENTED_EDGE('',*,*,#1977,.T.);
#2716=ORIENTED_EDGE('',*,*,#1978,.F.);
#2717=ORIENTED_EDGE('',*,*,#1979,.F.);
#2718=ORIENTED_EDGE('',*,*,#1980,.F.);
#2719=ORIENTED_EDGE('',*,*,#1981,.F.);
#2720=ORIENTED_EDGE('',*,*,#1982,.F.);
#2721=ORIENTED_EDGE('',*,*,#1983,.F.);
#2722=ORIENTED_EDGE('',*,*,#1984,.F.);
#2723=ORIENTED_EDGE('',*,*,#1985,.F.);
#2724=ORIENTED_EDGE('',*,*,#1986,.F.);
#2725=ORIENTED_EDGE('',*,*,#1987,.F.);
#2726=ORIENTED_EDGE('',*,*,#1988,.F.);
#2727=ORIENTED_EDGE('',*,*,#1989,.T.);
#2728=ORIENTED_EDGE('',*,*,#1990,.F.);
#2729=ORIENTED_EDGE('',*,*,#1991,.F.);
#2730=ORIENTED_EDGE('',*,*,#1992,.T.);
#2731=ORIENTED_EDGE('',*,*,#1993,.T.);
#2732=ORIENTED_EDGE('',*,*,#1978,.T.);
#2733=ORIENTED_EDGE('',*,*,#1994,.T.);
#2734=ORIENTED_EDGE('',*,*,#1995,.T.);
#2735=ORIENTED_EDGE('',*,*,#1996,.F.);
#2736=ORIENTED_EDGE('',*,*,#1997,.T.);
#2737=ORIENTED_EDGE('',*,*,#1998,.T.);
#2738=ORIENTED_EDGE('',*,*,#1999,.T.);
#2739=ORIENTED_EDGE('',*,*,#2000,.F.);
#2740=ORIENTED_EDGE('',*,*,#2001,.T.);
#2741=ORIENTED_EDGE('',*,*,#2002,.T.);
#2742=ORIENTED_EDGE('',*,*,#2003,.F.);
#2743=ORIENTED_EDGE('',*,*,#2004,.T.);
#2744=ORIENTED_EDGE('',*,*,#2005,.T.);
#2745=ORIENTED_EDGE('',*,*,#2006,.T.);
#2746=ORIENTED_EDGE('',*,*,#1980,.T.);
#2747=ORIENTED_EDGE('',*,*,#2007,.T.);
#2748=ORIENTED_EDGE('',*,*,#2008,.T.);
#2749=ORIENTED_EDGE('',*,*,#2007,.F.);
#2750=ORIENTED_EDGE('',*,*,#1979,.T.);
#2751=ORIENTED_EDGE('',*,*,#1993,.F.);
#2752=ORIENTED_EDGE('',*,*,#2009,.F.);
#2753=ORIENTED_EDGE('',*,*,#2010,.F.);
#2754=ORIENTED_EDGE('',*,*,#2011,.T.);
#2755=ORIENTED_EDGE('',*,*,#2001,.F.);
#2756=ORIENTED_EDGE('',*,*,#2012,.F.);
#2757=ORIENTED_EDGE('',*,*,#2013,.F.);
#2758=ORIENTED_EDGE('',*,*,#1999,.F.);
#2759=ORIENTED_EDGE('',*,*,#2014,.F.);
#2760=ORIENTED_EDGE('',*,*,#2015,.F.);
#2761=ORIENTED_EDGE('',*,*,#1982,.T.);
#2762=ORIENTED_EDGE('',*,*,#2016,.F.);
#2763=ORIENTED_EDGE('',*,*,#2014,.T.);
#2764=ORIENTED_EDGE('',*,*,#1998,.F.);
#2765=ORIENTED_EDGE('',*,*,#2017,.F.);
#2766=ORIENTED_EDGE('',*,*,#2005,.F.);
#2767=ORIENTED_EDGE('',*,*,#2018,.T.);
#2768=ORIENTED_EDGE('',*,*,#1994,.F.);
#2769=ORIENTED_EDGE('',*,*,#1977,.F.);
#2770=ORIENTED_EDGE('',*,*,#2019,.F.);
#2771=ORIENTED_EDGE('',*,*,#2020,.F.);
#2772=ORIENTED_EDGE('',*,*,#2021,.T.);
#2773=ORIENTED_EDGE('',*,*,#2010,.T.);
#2774=ORIENTED_EDGE('',*,*,#2022,.F.);
#2775=ORIENTED_EDGE('',*,*,#1983,.T.);
#2776=ORIENTED_EDGE('',*,*,#2015,.T.);
#2777=ORIENTED_EDGE('',*,*,#2023,.T.);
#2778=ORIENTED_EDGE('',*,*,#2024,.F.);
#2779=ORIENTED_EDGE('',*,*,#2025,.T.);
#2780=ORIENTED_EDGE('',*,*,#2026,.F.);
#2781=ORIENTED_EDGE('',*,*,#2002,.F.);
#2782=ORIENTED_EDGE('',*,*,#2011,.F.);
#2783=ORIENTED_EDGE('',*,*,#2021,.F.);
#2784=ORIENTED_EDGE('',*,*,#2027,.F.);
#2785=ORIENTED_EDGE('',*,*,#2028,.F.);
#2786=ORIENTED_EDGE('',*,*,#2029,.F.);
#2787=ORIENTED_EDGE('',*,*,#2008,.F.);
#2788=ORIENTED_EDGE('',*,*,#2009,.T.);
#2789=ORIENTED_EDGE('',*,*,#1992,.F.);
#2790=ORIENTED_EDGE('',*,*,#1996,.T.);
#2791=ORIENTED_EDGE('',*,*,#2026,.T.);
#2792=ORIENTED_EDGE('',*,*,#2030,.T.);
#2793=ORIENTED_EDGE('',*,*,#2031,.T.);
#2794=ORIENTED_EDGE('',*,*,#1990,.T.);
#2795=ORIENTED_EDGE('',*,*,#2032,.T.);
#2796=ORIENTED_EDGE('',*,*,#2033,.T.);
#2797=ORIENTED_EDGE('',*,*,#2020,.T.);
#2798=ORIENTED_EDGE('',*,*,#2034,.T.);
#2799=ORIENTED_EDGE('',*,*,#2035,.T.);
#2800=ORIENTED_EDGE('',*,*,#2036,.T.);
#2801=ORIENTED_EDGE('',*,*,#2037,.F.);
#2802=ORIENTED_EDGE('',*,*,#2038,.T.);
#2803=ORIENTED_EDGE('',*,*,#2027,.T.);
#2804=ORIENTED_EDGE('',*,*,#2003,.T.);
#2805=ORIENTED_EDGE('',*,*,#2029,.T.);
#2806=ORIENTED_EDGE('',*,*,#2039,.T.);
#2807=ORIENTED_EDGE('',*,*,#2040,.F.);
#2808=ORIENTED_EDGE('',*,*,#1986,.T.);
#2809=ORIENTED_EDGE('',*,*,#2041,.T.);
#2810=ORIENTED_EDGE('',*,*,#2042,.T.);
#2811=ORIENTED_EDGE('',*,*,#1991,.T.);
#2812=ORIENTED_EDGE('',*,*,#2043,.T.);
#2813=ORIENTED_EDGE('',*,*,#2044,.T.);
#2814=ORIENTED_EDGE('',*,*,#2045,.T.);
#2815=ORIENTED_EDGE('',*,*,#2046,.T.);
#2816=ORIENTED_EDGE('',*,*,#2024,.T.);
#2817=ORIENTED_EDGE('',*,*,#2042,.F.);
#2818=ORIENTED_EDGE('',*,*,#2047,.T.);
#2819=ORIENTED_EDGE('',*,*,#2034,.F.);
#2820=ORIENTED_EDGE('',*,*,#2023,.F.);
#2821=ORIENTED_EDGE('',*,*,#2017,.T.);
#2822=ORIENTED_EDGE('',*,*,#1997,.F.);
#2823=ORIENTED_EDGE('',*,*,#2033,.F.);
#2824=ORIENTED_EDGE('',*,*,#2048,.F.);
#2825=ORIENTED_EDGE('',*,*,#2043,.F.);
#2826=ORIENTED_EDGE('',*,*,#1995,.F.);
#2827=ORIENTED_EDGE('',*,*,#2018,.F.);
#2828=ORIENTED_EDGE('',*,*,#2004,.F.);
#2829=ORIENTED_EDGE('',*,*,#1987,.T.);
#2830=ORIENTED_EDGE('',*,*,#2031,.F.);
#2831=ORIENTED_EDGE('',*,*,#2049,.F.);
#2832=ORIENTED_EDGE('',*,*,#2045,.F.);
#2833=ORIENTED_EDGE('',*,*,#2050,.T.);
#2834=ORIENTED_EDGE('',*,*,#2051,.F.);
#2835=ORIENTED_EDGE('',*,*,#2052,.F.);
#2836=ORIENTED_EDGE('',*,*,#2046,.F.);
#2837=ORIENTED_EDGE('',*,*,#2049,.T.);
#2838=ORIENTED_EDGE('',*,*,#2030,.F.);
#2839=ORIENTED_EDGE('',*,*,#2025,.F.);
#2840=ORIENTED_EDGE('',*,*,#2039,.F.);
#2841=ORIENTED_EDGE('',*,*,#2028,.T.);
#2842=ORIENTED_EDGE('',*,*,#2038,.F.);
#2843=ORIENTED_EDGE('',*,*,#2053,.F.);
#2844=ORIENTED_EDGE('',*,*,#2054,.F.);
#2845=ORIENTED_EDGE('',*,*,#2036,.F.);
#2846=ORIENTED_EDGE('',*,*,#2055,.F.);
#2847=ORIENTED_EDGE('',*,*,#2041,.F.);
#2848=ORIENTED_EDGE('',*,*,#1985,.T.);
#2849=ORIENTED_EDGE('',*,*,#2056,.F.);
#2850=ORIENTED_EDGE('',*,*,#2055,.T.);
#2851=ORIENTED_EDGE('',*,*,#2035,.F.);
#2852=ORIENTED_EDGE('',*,*,#2047,.F.);
#2853=ORIENTED_EDGE('',*,*,#2044,.F.);
#2854=ORIENTED_EDGE('',*,*,#2048,.T.);
#2855=ORIENTED_EDGE('',*,*,#2032,.F.);
#2856=ORIENTED_EDGE('',*,*,#1989,.F.);
#2857=ORIENTED_EDGE('',*,*,#2057,.F.);
#2858=ORIENTED_EDGE('',*,*,#2050,.F.);
#2859=ORIENTED_EDGE('',*,*,#2057,.T.);
#2860=ORIENTED_EDGE('',*,*,#2058,.F.);
#2861=ORIENTED_EDGE('',*,*,#2056,.T.);
#2862=ORIENTED_EDGE('',*,*,#2059,.F.);
#2863=ORIENTED_EDGE('',*,*,#2016,.T.);
#2864=ORIENTED_EDGE('',*,*,#2060,.F.);
#2865=ORIENTED_EDGE('',*,*,#1975,.T.);
#2866=ORIENTED_EDGE('',*,*,#2006,.F.);
#2867=ORIENTED_EDGE('',*,*,#2019,.T.);
#2868=ORIENTED_EDGE('',*,*,#2061,.F.);
#2869=ORIENTED_EDGE('',*,*,#2062,.F.);
#2870=ORIENTED_EDGE('',*,*,#2063,.F.);
#2871=ORIENTED_EDGE('',*,*,#2064,.F.);
#2872=ORIENTED_EDGE('',*,*,#2065,.F.);
#2873=ORIENTED_EDGE('',*,*,#2066,.F.);
#2874=ORIENTED_EDGE('',*,*,#2067,.F.);
#2875=ORIENTED_EDGE('',*,*,#2068,.F.);
#2876=ORIENTED_EDGE('',*,*,#2040,.T.);
#2877=ORIENTED_EDGE('',*,*,#2053,.T.);
#2878=ORIENTED_EDGE('',*,*,#2037,.T.);
#2879=ORIENTED_EDGE('',*,*,#2069,.F.);
#2880=ORIENTED_EDGE('',*,*,#2022,.T.);
#2881=ORIENTED_EDGE('',*,*,#2012,.T.);
#2882=ORIENTED_EDGE('',*,*,#2000,.T.);
#2883=ORIENTED_EDGE('',*,*,#2070,.F.);
#2884=ORIENTED_EDGE('',*,*,#2071,.F.);
#2885=ORIENTED_EDGE('',*,*,#2052,.T.);
#2886=ORIENTED_EDGE('',*,*,#2072,.F.);
#2887=ORIENTED_EDGE('',*,*,#2073,.F.);
#2888=ORIENTED_EDGE('',*,*,#2074,.F.);
#2889=ORIENTED_EDGE('',*,*,#2075,.F.);
#2890=ORIENTED_EDGE('',*,*,#2076,.F.);
#2891=ORIENTED_EDGE('',*,*,#2077,.T.);
#2892=ORIENTED_EDGE('',*,*,#2078,.F.);
#2893=ORIENTED_EDGE('',*,*,#2077,.F.);
#2894=ORIENTED_EDGE('',*,*,#2079,.F.);
#2895=ORIENTED_EDGE('',*,*,#2080,.T.);
#2896=ORIENTED_EDGE('',*,*,#2081,.F.);
#2897=ORIENTED_EDGE('',*,*,#2080,.F.);
#2898=ORIENTED_EDGE('',*,*,#2082,.F.);
#2899=ORIENTED_EDGE('',*,*,#2083,.T.);
#2900=ORIENTED_EDGE('',*,*,#2084,.F.);
#2901=ORIENTED_EDGE('',*,*,#2083,.F.);
#2902=ORIENTED_EDGE('',*,*,#2085,.F.);
#2903=ORIENTED_EDGE('',*,*,#2086,.T.);
#2904=ORIENTED_EDGE('',*,*,#2087,.F.);
#2905=ORIENTED_EDGE('',*,*,#2086,.F.);
#2906=ORIENTED_EDGE('',*,*,#2088,.F.);
#2907=ORIENTED_EDGE('',*,*,#2089,.T.);
#2908=ORIENTED_EDGE('',*,*,#2090,.F.);
#2909=ORIENTED_EDGE('',*,*,#2089,.F.);
#2910=ORIENTED_EDGE('',*,*,#2091,.F.);
#2911=ORIENTED_EDGE('',*,*,#2092,.T.);
#2912=ORIENTED_EDGE('',*,*,#2093,.F.);
#2913=ORIENTED_EDGE('',*,*,#2092,.F.);
#2914=ORIENTED_EDGE('',*,*,#2094,.F.);
#2915=ORIENTED_EDGE('',*,*,#2095,.T.);
#2916=ORIENTED_EDGE('',*,*,#2096,.F.);
#2917=ORIENTED_EDGE('',*,*,#2095,.F.);
#2918=ORIENTED_EDGE('',*,*,#2097,.F.);
#2919=ORIENTED_EDGE('',*,*,#2075,.T.);
#2920=ORIENTED_EDGE('',*,*,#2098,.F.);
#2921=ORIENTED_EDGE('',*,*,#2099,.F.);
#2922=ORIENTED_EDGE('',*,*,#2100,.F.);
#2923=ORIENTED_EDGE('',*,*,#2101,.F.);
#2924=ORIENTED_EDGE('',*,*,#2102,.F.);
#2925=ORIENTED_EDGE('',*,*,#2103,.T.);
#2926=ORIENTED_EDGE('',*,*,#2104,.T.);
#2927=ORIENTED_EDGE('',*,*,#2099,.T.);
#2928=ORIENTED_EDGE('',*,*,#2105,.F.);
#2929=ORIENTED_EDGE('',*,*,#1966,.T.);
#2930=ORIENTED_EDGE('',*,*,#2106,.F.);
#2931=ORIENTED_EDGE('',*,*,#2103,.F.);
#2932=ORIENTED_EDGE('',*,*,#2107,.F.);
#2933=ORIENTED_EDGE('',*,*,#2108,.T.);
#2934=ORIENTED_EDGE('',*,*,#2109,.T.);
#2935=ORIENTED_EDGE('',*,*,#2110,.T.);
#2936=ORIENTED_EDGE('',*,*,#2111,.F.);
#2937=ORIENTED_EDGE('',*,*,#2112,.F.);
#2938=ORIENTED_EDGE('',*,*,#2113,.T.);
#2939=ORIENTED_EDGE('',*,*,#1969,.F.);
#2940=ORIENTED_EDGE('',*,*,#2114,.F.);
#2941=ORIENTED_EDGE('',*,*,#2115,.T.);
#2942=ORIENTED_EDGE('',*,*,#2116,.T.);
#2943=ORIENTED_EDGE('',*,*,#2112,.T.);
#2944=ORIENTED_EDGE('',*,*,#2117,.F.);
#2945=ORIENTED_EDGE('',*,*,#2118,.F.);
#2946=ORIENTED_EDGE('',*,*,#2119,.F.);
#2947=ORIENTED_EDGE('',*,*,#2120,.F.);
#2948=ORIENTED_EDGE('',*,*,#2108,.F.);
#2949=ORIENTED_EDGE('',*,*,#2121,.F.);
#2950=ORIENTED_EDGE('',*,*,#2122,.F.);
#2951=ORIENTED_EDGE('',*,*,#2101,.T.);
#2952=ORIENTED_EDGE('',*,*,#2123,.T.);
#2953=ORIENTED_EDGE('',*,*,#2119,.T.);
#2954=ORIENTED_EDGE('',*,*,#2116,.F.);
#2955=ORIENTED_EDGE('',*,*,#1970,.T.);
#2956=ORIENTED_EDGE('',*,*,#2113,.F.);
#2957=ORIENTED_EDGE('',*,*,#2104,.F.);
#2958=ORIENTED_EDGE('',*,*,#2106,.T.);
#2959=ORIENTED_EDGE('',*,*,#1965,.T.);
#2960=ORIENTED_EDGE('',*,*,#1964,.T.);
#2961=ORIENTED_EDGE('',*,*,#1959,.T.);
#2962=ORIENTED_EDGE('',*,*,#1963,.T.);
#2963=ORIENTED_EDGE('',*,*,#1891,.T.);
#2964=ORIENTED_EDGE('',*,*,#1974,.T.);
#2965=ORIENTED_EDGE('',*,*,#1893,.T.);
#2966=ORIENTED_EDGE('',*,*,#1972,.T.);
#2967=ORIENTED_EDGE('',*,*,#1899,.T.);
#2968=ORIENTED_EDGE('',*,*,#1971,.T.);
#2969=ORIENTED_EDGE('',*,*,#2124,.F.);
#2970=ORIENTED_EDGE('',*,*,#2109,.F.);
#2971=ORIENTED_EDGE('',*,*,#2120,.T.);
#2972=ORIENTED_EDGE('',*,*,#2123,.F.);
#2973=ORIENTED_EDGE('',*,*,#2100,.T.);
#2974=ORIENTED_EDGE('',*,*,#2125,.F.);
#2975=ORIENTED_EDGE('',*,*,#2110,.F.);
#2976=ORIENTED_EDGE('',*,*,#2124,.T.);
#2977=ORIENTED_EDGE('',*,*,#2115,.F.);
#2978=ORIENTED_EDGE('',*,*,#1973,.T.);
#2979=ORIENTED_EDGE('',*,*,#2126,.T.);
#2980=ORIENTED_EDGE('',*,*,#2121,.T.);
#2981=ORIENTED_EDGE('',*,*,#2126,.F.);
#2982=ORIENTED_EDGE('',*,*,#2118,.T.);
#2983=ORIENTED_EDGE('',*,*,#2127,.T.);
#2984=ORIENTED_EDGE('',*,*,#2128,.F.);
#2985=ORIENTED_EDGE('',*,*,#2129,.F.);
#2986=ORIENTED_EDGE('',*,*,#2130,.T.);
#2987=ORIENTED_EDGE('',*,*,#2131,.T.);
#2988=ORIENTED_EDGE('',*,*,#2132,.T.);
#2989=ORIENTED_EDGE('',*,*,#2133,.T.);
#2990=ORIENTED_EDGE('',*,*,#2134,.T.);
#2991=ORIENTED_EDGE('',*,*,#1884,.T.);
#2992=ORIENTED_EDGE('',*,*,#2135,.F.);
#2993=ORIENTED_EDGE('',*,*,#2136,.F.);
#2994=ORIENTED_EDGE('',*,*,#2137,.T.);
#2995=ORIENTED_EDGE('',*,*,#1967,.T.);
#2996=ORIENTED_EDGE('',*,*,#2105,.T.);
#2997=ORIENTED_EDGE('',*,*,#2102,.T.);
#2998=ORIENTED_EDGE('',*,*,#2098,.T.);
#2999=ORIENTED_EDGE('',*,*,#2122,.T.);
#3000=ORIENTED_EDGE('',*,*,#2117,.T.);
#3001=ORIENTED_EDGE('',*,*,#2107,.T.);
#3002=ORIENTED_EDGE('',*,*,#2125,.T.);
#3003=ORIENTED_EDGE('',*,*,#2114,.T.);
#3004=ORIENTED_EDGE('',*,*,#2111,.T.);
#3005=ORIENTED_EDGE('',*,*,#1968,.T.);
#3006=ORIENTED_EDGE('',*,*,#2137,.F.);
#3007=ORIENTED_EDGE('',*,*,#2138,.F.);
#3008=ORIENTED_EDGE('',*,*,#2139,.T.);
#3009=ORIENTED_EDGE('',*,*,#2064,.T.);
#3010=ORIENTED_EDGE('',*,*,#2140,.T.);
#3011=ORIENTED_EDGE('',*,*,#2141,.T.);
#3012=ORIENTED_EDGE('',*,*,#2142,.T.);
#3013=ORIENTED_EDGE('',*,*,#2143,.T.);
#3014=ORIENTED_EDGE('',*,*,#2144,.T.);
#3015=ORIENTED_EDGE('',*,*,#2145,.T.);
#3016=ORIENTED_EDGE('',*,*,#2146,.F.);
#3017=ORIENTED_EDGE('',*,*,#2127,.F.);
#3018=ORIENTED_EDGE('',*,*,#2147,.F.);
#3019=ORIENTED_EDGE('',*,*,#2148,.F.);
#3020=ORIENTED_EDGE('',*,*,#2149,.F.);
#3021=ORIENTED_EDGE('',*,*,#2150,.F.);
#3022=ORIENTED_EDGE('',*,*,#2151,.F.);
#3023=ORIENTED_EDGE('',*,*,#2152,.T.);
#3024=ORIENTED_EDGE('',*,*,#2153,.T.);
#3025=ORIENTED_EDGE('',*,*,#2148,.T.);
#3026=ORIENTED_EDGE('',*,*,#2154,.F.);
#3027=ORIENTED_EDGE('',*,*,#1882,.T.);
#3028=ORIENTED_EDGE('',*,*,#2155,.F.);
#3029=ORIENTED_EDGE('',*,*,#2152,.F.);
#3030=ORIENTED_EDGE('',*,*,#2131,.F.);
#3031=ORIENTED_EDGE('',*,*,#2156,.T.);
#3032=ORIENTED_EDGE('',*,*,#2157,.T.);
#3033=ORIENTED_EDGE('',*,*,#2158,.T.);
#3034=ORIENTED_EDGE('',*,*,#2134,.F.);
#3035=ORIENTED_EDGE('',*,*,#2159,.F.);
#3036=ORIENTED_EDGE('',*,*,#2160,.T.);
#3037=ORIENTED_EDGE('',*,*,#1885,.T.);
#3038=ORIENTED_EDGE('',*,*,#2132,.F.);
#3039=ORIENTED_EDGE('',*,*,#2158,.F.);
#3040=ORIENTED_EDGE('',*,*,#2161,.T.);
#3041=ORIENTED_EDGE('',*,*,#2162,.F.);
#3042=ORIENTED_EDGE('',*,*,#2130,.F.);
#3043=ORIENTED_EDGE('',*,*,#2163,.F.);
#3044=ORIENTED_EDGE('',*,*,#2164,.F.);
#3045=ORIENTED_EDGE('',*,*,#2165,.F.);
#3046=ORIENTED_EDGE('',*,*,#2156,.F.);
#3047=ORIENTED_EDGE('',*,*,#2166,.F.);
#3048=ORIENTED_EDGE('',*,*,#2133,.F.);
#3049=ORIENTED_EDGE('',*,*,#2162,.T.);
#3050=ORIENTED_EDGE('',*,*,#2167,.T.);
#3051=ORIENTED_EDGE('',*,*,#2159,.T.);
#3052=ORIENTED_EDGE('',*,*,#2167,.F.);
#3053=ORIENTED_EDGE('',*,*,#1886,.T.);
#3054=ORIENTED_EDGE('',*,*,#2160,.F.);
#3055=ORIENTED_EDGE('',*,*,#2153,.F.);
#3056=ORIENTED_EDGE('',*,*,#2155,.T.);
#3057=ORIENTED_EDGE('',*,*,#1881,.T.);
#3058=ORIENTED_EDGE('',*,*,#1880,.T.);
#3059=ORIENTED_EDGE('',*,*,#1875,.T.);
#3060=ORIENTED_EDGE('',*,*,#1878,.T.);
#3061=ORIENTED_EDGE('',*,*,#1815,.T.);
#3062=ORIENTED_EDGE('',*,*,#1879,.T.);
#3063=ORIENTED_EDGE('',*,*,#1807,.T.);
#3064=ORIENTED_EDGE('',*,*,#1890,.T.);
#3065=ORIENTED_EDGE('',*,*,#1809,.T.);
#3066=ORIENTED_EDGE('',*,*,#1887,.T.);
#3067=ORIENTED_EDGE('',*,*,#2161,.F.);
#3068=ORIENTED_EDGE('',*,*,#2157,.F.);
#3069=ORIENTED_EDGE('',*,*,#2165,.T.);
#3070=ORIENTED_EDGE('',*,*,#2168,.F.);
#3071=ORIENTED_EDGE('',*,*,#2149,.T.);
#3072=ORIENTED_EDGE('',*,*,#2169,.F.);
#3073=ORIENTED_EDGE('',*,*,#2150,.T.);
#3074=ORIENTED_EDGE('',*,*,#2168,.T.);
#3075=ORIENTED_EDGE('',*,*,#2164,.T.);
#3076=ORIENTED_EDGE('',*,*,#1889,.T.);
#3077=ORIENTED_EDGE('',*,*,#2170,.T.);
#3078=ORIENTED_EDGE('',*,*,#2166,.T.);
#3079=ORIENTED_EDGE('',*,*,#2170,.F.);
#3080=ORIENTED_EDGE('',*,*,#2163,.T.);
#3081=ORIENTED_EDGE('',*,*,#2129,.T.);
#3082=ORIENTED_EDGE('',*,*,#2171,.F.);
#3083=ORIENTED_EDGE('',*,*,#2172,.F.);
#3084=ORIENTED_EDGE('',*,*,#2173,.T.);
#3085=ORIENTED_EDGE('',*,*,#2174,.T.);
#3086=ORIENTED_EDGE('',*,*,#2175,.T.);
#3087=ORIENTED_EDGE('',*,*,#2176,.T.);
#3088=ORIENTED_EDGE('',*,*,#2177,.T.);
#3089=ORIENTED_EDGE('',*,*,#1800,.T.);
#3090=ORIENTED_EDGE('',*,*,#2178,.F.);
#3091=ORIENTED_EDGE('',*,*,#2179,.F.);
#3092=ORIENTED_EDGE('',*,*,#2135,.T.);
#3093=ORIENTED_EDGE('',*,*,#1883,.T.);
#3094=ORIENTED_EDGE('',*,*,#2154,.T.);
#3095=ORIENTED_EDGE('',*,*,#2151,.T.);
#3096=ORIENTED_EDGE('',*,*,#2147,.T.);
#3097=ORIENTED_EDGE('',*,*,#2169,.T.);
#3098=ORIENTED_EDGE('',*,*,#2180,.F.);
#3099=ORIENTED_EDGE('',*,*,#2181,.T.);
#3100=ORIENTED_EDGE('',*,*,#2182,.T.);
#3101=ORIENTED_EDGE('',*,*,#2183,.T.);
#3102=ORIENTED_EDGE('',*,*,#2184,.F.);
#3103=ORIENTED_EDGE('',*,*,#2185,.F.);
#3104=ORIENTED_EDGE('',*,*,#2186,.T.);
#3105=ORIENTED_EDGE('',*,*,#2181,.F.);
#3106=ORIENTED_EDGE('',*,*,#2187,.F.);
#3107=ORIENTED_EDGE('',*,*,#2188,.T.);
#3108=ORIENTED_EDGE('',*,*,#2189,.T.);
#3109=ORIENTED_EDGE('',*,*,#2185,.T.);
#3110=ORIENTED_EDGE('',*,*,#2140,.F.);
#3111=ORIENTED_EDGE('',*,*,#2063,.T.);
#3112=ORIENTED_EDGE('',*,*,#2190,.F.);
#3113=ORIENTED_EDGE('',*,*,#2191,.F.);
#3114=ORIENTED_EDGE('',*,*,#2143,.F.);
#3115=ORIENTED_EDGE('',*,*,#2192,.T.);
#3116=ORIENTED_EDGE('',*,*,#2193,.T.);
#3117=ORIENTED_EDGE('',*,*,#2194,.T.);
#3118=ORIENTED_EDGE('',*,*,#2195,.F.);
#3119=ORIENTED_EDGE('',*,*,#2183,.F.);
#3120=ORIENTED_EDGE('',*,*,#2196,.T.);
#3121=ORIENTED_EDGE('',*,*,#2066,.T.);
#3122=ORIENTED_EDGE('',*,*,#2073,.T.);
#3123=ORIENTED_EDGE('',*,*,#2197,.T.);
#3124=ORIENTED_EDGE('',*,*,#2198,.T.);
#3125=ORIENTED_EDGE('',*,*,#2197,.F.);
#3126=ORIENTED_EDGE('',*,*,#2142,.F.);
#3127=ORIENTED_EDGE('',*,*,#2199,.F.);
#3128=ORIENTED_EDGE('',*,*,#2200,.F.);
#3129=ORIENTED_EDGE('',*,*,#2192,.F.);
#3130=ORIENTED_EDGE('',*,*,#2141,.F.);
#3131=ORIENTED_EDGE('',*,*,#2191,.T.);
#3132=ORIENTED_EDGE('',*,*,#2201,.T.);
#3133=ORIENTED_EDGE('',*,*,#2199,.T.);
#3134=ORIENTED_EDGE('',*,*,#2061,.T.);
#3135=ORIENTED_EDGE('',*,*,#1976,.T.);
#3136=ORIENTED_EDGE('',*,*,#2072,.T.);
#3137=ORIENTED_EDGE('',*,*,#2051,.T.);
#3138=ORIENTED_EDGE('',*,*,#2058,.T.);
#3139=ORIENTED_EDGE('',*,*,#1988,.T.);
#3140=ORIENTED_EDGE('',*,*,#2071,.T.);
#3141=ORIENTED_EDGE('',*,*,#2070,.T.);
#3142=ORIENTED_EDGE('',*,*,#2013,.T.);
#3143=ORIENTED_EDGE('',*,*,#2060,.T.);
#3144=ORIENTED_EDGE('',*,*,#1981,.T.);
#3145=ORIENTED_EDGE('',*,*,#2069,.T.);
#3146=ORIENTED_EDGE('',*,*,#2054,.T.);
#3147=ORIENTED_EDGE('',*,*,#2059,.T.);
#3148=ORIENTED_EDGE('',*,*,#1984,.T.);
#3149=ORIENTED_EDGE('',*,*,#2068,.T.);
#3150=ORIENTED_EDGE('',*,*,#2186,.F.);
#3151=ORIENTED_EDGE('',*,*,#2189,.F.);
#3152=ORIENTED_EDGE('',*,*,#2202,.T.);
#3153=ORIENTED_EDGE('',*,*,#2193,.F.);
#3154=ORIENTED_EDGE('',*,*,#2200,.T.);
#3155=ORIENTED_EDGE('',*,*,#2201,.F.);
#3156=ORIENTED_EDGE('',*,*,#2190,.T.);
#3157=ORIENTED_EDGE('',*,*,#2062,.T.);
#3158=ORIENTED_EDGE('',*,*,#2182,.F.);
#3159=ORIENTED_EDGE('',*,*,#2067,.T.);
#3160=ORIENTED_EDGE('',*,*,#2196,.F.);
#3161=ORIENTED_EDGE('',*,*,#2144,.F.);
#3162=ORIENTED_EDGE('',*,*,#2194,.F.);
#3163=ORIENTED_EDGE('',*,*,#2202,.F.);
#3164=ORIENTED_EDGE('',*,*,#2188,.F.);
#3165=ORIENTED_EDGE('',*,*,#2203,.F.);
#3166=ORIENTED_EDGE('',*,*,#2198,.F.);
#3167=ORIENTED_EDGE('',*,*,#2065,.T.);
#3168=ORIENTED_EDGE('',*,*,#2139,.F.);
#3169=ORIENTED_EDGE('',*,*,#2204,.F.);
#3170=ORIENTED_EDGE('',*,*,#2178,.T.);
#3171=ORIENTED_EDGE('',*,*,#1799,.T.);
#3172=ORIENTED_EDGE('',*,*,#2205,.T.);
#3173=ORIENTED_EDGE('',*,*,#2206,.T.);
#3174=ORIENTED_EDGE('',*,*,#2207,.T.);
#3175=ORIENTED_EDGE('',*,*,#2208,.T.);
#3176=ORIENTED_EDGE('',*,*,#2209,.T.);
#3177=ORIENTED_EDGE('',*,*,#2172,.T.);
#3178=ORIENTED_EDGE('',*,*,#2210,.F.);
#3179=ORIENTED_EDGE('',*,*,#2145,.F.);
#3180=ORIENTED_EDGE('',*,*,#2203,.T.);
#3181=ORIENTED_EDGE('',*,*,#2187,.T.);
#3182=ORIENTED_EDGE('',*,*,#2184,.T.);
#3183=ORIENTED_EDGE('',*,*,#2180,.T.);
#3184=ORIENTED_EDGE('',*,*,#2195,.T.);
#3185=ORIENTED_EDGE('',*,*,#2088,.T.);
#3186=ORIENTED_EDGE('',*,*,#2085,.T.);
#3187=ORIENTED_EDGE('',*,*,#2082,.T.);
#3188=ORIENTED_EDGE('',*,*,#2079,.T.);
#3189=ORIENTED_EDGE('',*,*,#2076,.T.);
#3190=ORIENTED_EDGE('',*,*,#2097,.T.);
#3191=ORIENTED_EDGE('',*,*,#2094,.T.);
#3192=ORIENTED_EDGE('',*,*,#2091,.T.);
#3193=ORIENTED_EDGE('',*,*,#2206,.F.);
#3194=ORIENTED_EDGE('',*,*,#2211,.T.);
#3195=ORIENTED_EDGE('',*,*,#2212,.T.);
#3196=ORIENTED_EDGE('',*,*,#2213,.T.);
#3197=ORIENTED_EDGE('',*,*,#2205,.F.);
#3198=ORIENTED_EDGE('',*,*,#1798,.T.);
#3199=ORIENTED_EDGE('',*,*,#2214,.F.);
#3200=ORIENTED_EDGE('',*,*,#2211,.F.);
#3201=ORIENTED_EDGE('',*,*,#2176,.F.);
#3202=ORIENTED_EDGE('',*,*,#2215,.T.);
#3203=ORIENTED_EDGE('',*,*,#2216,.T.);
#3204=ORIENTED_EDGE('',*,*,#2217,.T.);
#3205=ORIENTED_EDGE('',*,*,#2175,.F.);
#3206=ORIENTED_EDGE('',*,*,#2218,.F.);
#3207=ORIENTED_EDGE('',*,*,#2219,.T.);
#3208=ORIENTED_EDGE('',*,*,#2215,.F.);
#3209=ORIENTED_EDGE('',*,*,#2174,.F.);
#3210=ORIENTED_EDGE('',*,*,#2220,.T.);
#3211=ORIENTED_EDGE('',*,*,#2221,.T.);
#3212=ORIENTED_EDGE('',*,*,#2218,.T.);
#3213=ORIENTED_EDGE('',*,*,#1805,.T.);
#3214=ORIENTED_EDGE('',*,*,#2222,.T.);
#3215=ORIENTED_EDGE('',*,*,#2223,.T.);
#3216=ORIENTED_EDGE('',*,*,#2222,.F.);
#3217=ORIENTED_EDGE('',*,*,#2208,.F.);
#3218=ORIENTED_EDGE('',*,*,#2224,.T.);
#3219=ORIENTED_EDGE('',*,*,#2225,.T.);
#3220=ORIENTED_EDGE('',*,*,#2226,.T.);
#3221=ORIENTED_EDGE('',*,*,#2207,.F.);
#3222=ORIENTED_EDGE('',*,*,#2213,.F.);
#3223=ORIENTED_EDGE('',*,*,#2227,.F.);
#3224=ORIENTED_EDGE('',*,*,#2224,.F.);
#3225=ORIENTED_EDGE('',*,*,#1796,.T.);
#3226=ORIENTED_EDGE('',*,*,#1750,.T.);
#3227=ORIENTED_EDGE('',*,*,#1793,.T.);
#3228=ORIENTED_EDGE('',*,*,#1718,.T.);
#3229=ORIENTED_EDGE('',*,*,#1795,.T.);
#3230=ORIENTED_EDGE('',*,*,#1789,.T.);
#3231=ORIENTED_EDGE('',*,*,#1792,.T.);
#3232=ORIENTED_EDGE('',*,*,#1721,.T.);
#3233=ORIENTED_EDGE('',*,*,#1794,.T.);
#3234=ORIENTED_EDGE('',*,*,#1715,.T.);
#3235=ORIENTED_EDGE('',*,*,#1804,.T.);
#3236=ORIENTED_EDGE('',*,*,#1803,.T.);
#3237=ORIENTED_EDGE('',*,*,#2219,.F.);
#3238=ORIENTED_EDGE('',*,*,#2221,.F.);
#3239=ORIENTED_EDGE('',*,*,#2228,.T.);
#3240=ORIENTED_EDGE('',*,*,#2225,.F.);
#3241=ORIENTED_EDGE('',*,*,#2227,.T.);
#3242=ORIENTED_EDGE('',*,*,#2212,.F.);
#3243=ORIENTED_EDGE('',*,*,#2214,.T.);
#3244=ORIENTED_EDGE('',*,*,#1797,.T.);
#3245=ORIENTED_EDGE('',*,*,#2216,.F.);
#3246=ORIENTED_EDGE('',*,*,#1802,.T.);
#3247=ORIENTED_EDGE('',*,*,#2229,.F.);
#3248=ORIENTED_EDGE('',*,*,#2177,.F.);
#3249=ORIENTED_EDGE('',*,*,#2217,.F.);
#3250=ORIENTED_EDGE('',*,*,#2229,.T.);
#3251=ORIENTED_EDGE('',*,*,#1801,.T.);
#3252=ORIENTED_EDGE('',*,*,#2209,.F.);
#3253=ORIENTED_EDGE('',*,*,#2226,.F.);
#3254=ORIENTED_EDGE('',*,*,#2228,.F.);
#3255=ORIENTED_EDGE('',*,*,#2220,.F.);
#3256=ORIENTED_EDGE('',*,*,#2173,.F.);
#3257=ORIENTED_EDGE('',*,*,#2223,.F.);
#3258=ORIENTED_EDGE('',*,*,#2230,.F.);
#3259=ORIENTED_EDGE('',*,*,#2231,.T.);
#3260=ORIENTED_EDGE('',*,*,#2232,.T.);
#3261=ORIENTED_EDGE('',*,*,#2233,.F.);
#3262=ORIENTED_EDGE('',*,*,#2234,.F.);
#3263=ORIENTED_EDGE('',*,*,#2235,.T.);
#3264=ORIENTED_EDGE('',*,*,#2236,.T.);
#3265=ORIENTED_EDGE('',*,*,#2231,.F.);
#3266=ORIENTED_EDGE('',*,*,#2237,.F.);
#3267=ORIENTED_EDGE('',*,*,#2238,.T.);
#3268=ORIENTED_EDGE('',*,*,#2239,.T.);
#3269=ORIENTED_EDGE('',*,*,#2235,.F.);
#3270=ORIENTED_EDGE('',*,*,#2087,.T.);
#3271=ORIENTED_EDGE('',*,*,#2090,.T.);
#3272=ORIENTED_EDGE('',*,*,#2093,.T.);
#3273=ORIENTED_EDGE('',*,*,#2096,.T.);
#3274=ORIENTED_EDGE('',*,*,#2074,.T.);
#3275=ORIENTED_EDGE('',*,*,#2078,.T.);
#3276=ORIENTED_EDGE('',*,*,#2081,.T.);
#3277=ORIENTED_EDGE('',*,*,#2084,.T.);
#3278=ORIENTED_EDGE('',*,*,#2240,.F.);
#3279=ORIENTED_EDGE('',*,*,#2233,.T.);
#3280=ORIENTED_EDGE('',*,*,#2241,.T.);
#3281=ORIENTED_EDGE('',*,*,#2238,.F.);
#3282=ORIENTED_EDGE('',*,*,#2241,.F.);
#3283=ORIENTED_EDGE('',*,*,#2232,.F.);
#3284=ORIENTED_EDGE('',*,*,#2236,.F.);
#3285=ORIENTED_EDGE('',*,*,#2239,.F.);
#3286=ORIENTED_EDGE('',*,*,#2171,.T.);
#3287=ORIENTED_EDGE('',*,*,#2128,.T.);
#3288=ORIENTED_EDGE('',*,*,#2146,.T.);
#3289=ORIENTED_EDGE('',*,*,#2210,.T.);
#3290=ORIENTED_EDGE('',*,*,#2230,.T.);
#3291=ORIENTED_EDGE('',*,*,#2240,.T.);
#3292=ORIENTED_EDGE('',*,*,#2237,.T.);
#3293=ORIENTED_EDGE('',*,*,#2234,.T.);
#3294=ORIENTED_EDGE('',*,*,#2179,.T.);
#3295=ORIENTED_EDGE('',*,*,#2204,.T.);
#3296=ORIENTED_EDGE('',*,*,#2138,.T.);
#3297=ORIENTED_EDGE('',*,*,#2136,.T.);
#3298=PLANE('',#3616);
#3299=PLANE('',#3619);
#3300=PLANE('',#3621);
#3301=PLANE('',#3623);
#3302=PLANE('',#3624);
#3303=PLANE('',#3625);
#3304=PLANE('',#3626);
#3305=PLANE('',#3627);
#3306=PLANE('',#3628);
#3307=PLANE('',#3629);
#3308=PLANE('',#3631);
#3309=PLANE('',#3632);
#3310=PLANE('',#3633);
#3311=PLANE('',#3634);
#3312=PLANE('',#3635);
#3313=PLANE('',#3636);
#3314=PLANE('',#3637);
#3315=PLANE('',#3638);
#3316=PLANE('',#3639);
#3317=PLANE('',#3640);
#3318=PLANE('',#3641);
#3319=PLANE('',#3642);
#3320=PLANE('',#3643);
#3321=PLANE('',#3645);
#3322=PLANE('',#3646);
#3323=PLANE('',#3647);
#3324=PLANE('',#3649);
#3325=PLANE('',#3651);
#3326=PLANE('',#3660);
#3327=PLANE('',#3663);
#3328=PLANE('',#3665);
#3329=PLANE('',#3666);
#3330=PLANE('',#3667);
#3331=PLANE('',#3668);
#3332=PLANE('',#3669);
#3333=PLANE('',#3670);
#3334=PLANE('',#3671);
#3335=PLANE('',#3672);
#3336=PLANE('',#3673);
#3337=PLANE('',#3674);
#3338=PLANE('',#3675);
#3339=PLANE('',#3676);
#3340=PLANE('',#3677);
#3341=PLANE('',#3678);
#3342=PLANE('',#3679);
#3343=PLANE('',#3680);
#3344=PLANE('',#3681);
#3345=PLANE('',#3682);
#3346=PLANE('',#3684);
#3347=PLANE('',#3685);
#3348=PLANE('',#3686);
#3349=PLANE('',#3688);
#3350=PLANE('',#3695);
#3351=PLANE('',#3697);
#3352=PLANE('',#3700);
#3353=PLANE('',#3702);
#3354=PLANE('',#3703);
#3355=PLANE('',#3704);
#3356=PLANE('',#3705);
#3357=PLANE('',#3706);
#3358=PLANE('',#3707);
#3359=PLANE('',#3708);
#3360=PLANE('',#3709);
#3361=PLANE('',#3710);
#3362=PLANE('',#3711);
#3363=PLANE('',#3712);
#3364=PLANE('',#3713);
#3365=PLANE('',#3714);
#3366=PLANE('',#3715);
#3367=PLANE('',#3716);
#3368=PLANE('',#3717);
#3369=PLANE('',#3718);
#3370=PLANE('',#3720);
#3371=PLANE('',#3721);
#3372=PLANE('',#3722);
#3373=PLANE('',#3730);
#3374=PLANE('',#3732);
#3375=PLANE('',#3734);
#3376=PLANE('',#3736);
#3377=PLANE('',#3738);
#3378=PLANE('',#3741);
#3379=PLANE('',#3742);
#3380=PLANE('',#3743);
#3381=PLANE('',#3744);
#3382=PLANE('',#3745);
#3383=PLANE('',#3746);
#3384=PLANE('',#3748);
#3385=PLANE('',#3749);
#3386=PLANE('',#3750);
#3387=PLANE('',#3751);
#3388=PLANE('',#3752);
#3389=PLANE('',#3753);
#3390=PLANE('',#3754);
#3391=PLANE('',#3755);
#3392=PLANE('',#3756);
#3393=PLANE('',#3757);
#3394=PLANE('',#3759);
#3395=PLANE('',#3760);
#3396=PLANE('',#3761);
#3397=PLANE('',#3763);
#3398=PLANE('',#3764);
#3399=PLANE('',#3765);
#3400=PLANE('',#3767);
#3401=PLANE('',#3769);
#3402=PLANE('',#3771);
#3403=PLANE('',#3781);
#3404=PLANE('',#3785);
#3405=PLANE('',#3789);
#3406=PLANE('',#3793);
#3407=PLANE('',#3797);
#3408=PLANE('',#3800);
#3409=PLANE('',#3803);
#3410=PLANE('',#3806);
#3411=PLANE('',#3814);
#3412=PLANE('',#3816);
#3413=PLANE('',#3819);
#3414=PLANE('',#3822);
#3415=PLANE('',#3825);
#3416=PLANE('',#3827);
#3417=PLANE('',#3828);
#3418=PLANE('',#3829);
#3419=PLANE('',#3839);
#3420=PLANE('',#3844);
#3421=PLANE('',#3847);
#3422=PLANE('',#3849);
#3423=PLANE('',#3852);
#3424=PLANE('',#3858);
#3425=PLANE('',#3859);
#3426=PLANE('',#3863);
#3427=PLANE('',#3865);
#3428=PLANE('',#3870);
#3429=PLANE('',#3875);
#3430=PLANE('',#3876);
#3431=PLANE('',#3877);
#3432=PLANE('',#3878);
#3433=PLANE('',#3879);
#3434=PLANE('',#3880);
#3435=PLANE('',#3881);
#3436=PLANE('',#3882);
#3437=PLANE('',#3883);
#3438=ADVANCED_FACE('',(#98),#3298,.T.);
#3439=ADVANCED_FACE('',(#99),#3299,.T.);
#3440=ADVANCED_FACE('',(#100),#3300,.T.);
#3441=ADVANCED_FACE('',(#101),#3301,.T.);
#3442=ADVANCED_FACE('',(#102),#3302,.T.);
#3443=ADVANCED_FACE('',(#103),#3303,.F.);
#3444=ADVANCED_FACE('',(#104),#3304,.T.);
#3445=ADVANCED_FACE('',(#105),#3305,.T.);
#3446=ADVANCED_FACE('',(#106),#3306,.T.);
#3447=ADVANCED_FACE('',(#107),#3307,.T.);
#3448=ADVANCED_FACE('',(#108),#3308,.T.);
#3449=ADVANCED_FACE('',(#109),#3309,.T.);
#3450=ADVANCED_FACE('',(#110),#3310,.F.);
#3451=ADVANCED_FACE('',(#111),#3311,.T.);
#3452=ADVANCED_FACE('',(#112),#3312,.T.);
#3453=ADVANCED_FACE('',(#113),#3313,.T.);
#3454=ADVANCED_FACE('',(#114),#3314,.F.);
#3455=ADVANCED_FACE('',(#115),#3315,.F.);
#3456=ADVANCED_FACE('',(#116),#3316,.T.);
#3457=ADVANCED_FACE('',(#117),#3317,.T.);
#3458=ADVANCED_FACE('',(#118),#3318,.T.);
#3459=ADVANCED_FACE('',(#119),#3319,.T.);
#3460=ADVANCED_FACE('',(#120),#3320,.T.);
#3461=ADVANCED_FACE('',(#121),#3321,.T.);
#3462=ADVANCED_FACE('',(#122),#3322,.T.);
#3463=ADVANCED_FACE('',(#123),#3323,.T.);
#3464=ADVANCED_FACE('',(#124),#3324,.T.);
#3465=ADVANCED_FACE('',(#125,#83,#84),#3325,.T.);
#3466=ADVANCED_FACE('',(#126),#3326,.T.);
#3467=ADVANCED_FACE('',(#127),#3327,.T.);
#3468=ADVANCED_FACE('',(#128),#3328,.T.);
#3469=ADVANCED_FACE('',(#129),#3329,.T.);
#3470=ADVANCED_FACE('',(#130),#3330,.F.);
#3471=ADVANCED_FACE('',(#131),#3331,.T.);
#3472=ADVANCED_FACE('',(#132),#3332,.T.);
#3473=ADVANCED_FACE('',(#133),#3333,.T.);
#3474=ADVANCED_FACE('',(#134),#3334,.T.);
#3475=ADVANCED_FACE('',(#135),#3335,.F.);
#3476=ADVANCED_FACE('',(#136),#3336,.T.);
#3477=ADVANCED_FACE('',(#137),#3337,.T.);
#3478=ADVANCED_FACE('',(#138),#3338,.T.);
#3479=ADVANCED_FACE('',(#139),#3339,.F.);
#3480=ADVANCED_FACE('',(#140),#3340,.F.);
#3481=ADVANCED_FACE('',(#141),#3341,.T.);
#3482=ADVANCED_FACE('',(#142),#3342,.T.);
#3483=ADVANCED_FACE('',(#143),#3343,.T.);
#3484=ADVANCED_FACE('',(#144),#3344,.T.);
#3485=ADVANCED_FACE('',(#145),#3345,.T.);
#3486=ADVANCED_FACE('',(#146),#3346,.T.);
#3487=ADVANCED_FACE('',(#147),#3347,.T.);
#3488=ADVANCED_FACE('',(#148),#3348,.T.);
#3489=ADVANCED_FACE('',(#149,#85,#86,#87),#3349,.T.);
#3490=ADVANCED_FACE('',(#150),#3350,.T.);
#3491=ADVANCED_FACE('',(#151),#3351,.T.);
#3492=ADVANCED_FACE('',(#152),#3352,.T.);
#3493=ADVANCED_FACE('',(#153),#3353,.T.);
#3494=ADVANCED_FACE('',(#154),#3354,.T.);
#3495=ADVANCED_FACE('',(#155),#3355,.F.);
#3496=ADVANCED_FACE('',(#156),#3356,.T.);
#3497=ADVANCED_FACE('',(#157),#3357,.T.);
#3498=ADVANCED_FACE('',(#158),#3358,.T.);
#3499=ADVANCED_FACE('',(#159),#3359,.T.);
#3500=ADVANCED_FACE('',(#160),#3360,.F.);
#3501=ADVANCED_FACE('',(#161),#3361,.T.);
#3502=ADVANCED_FACE('',(#162),#3362,.T.);
#3503=ADVANCED_FACE('',(#163),#3363,.T.);
#3504=ADVANCED_FACE('',(#164),#3364,.F.);
#3505=ADVANCED_FACE('',(#165),#3365,.F.);
#3506=ADVANCED_FACE('',(#166),#3366,.T.);
#3507=ADVANCED_FACE('',(#167),#3367,.T.);
#3508=ADVANCED_FACE('',(#168),#3368,.T.);
#3509=ADVANCED_FACE('',(#169),#3369,.T.);
#3510=ADVANCED_FACE('',(#170),#3370,.T.);
#3511=ADVANCED_FACE('',(#171),#3371,.T.);
#3512=ADVANCED_FACE('',(#172,#88,#89),#3372,.T.);
#3513=ADVANCED_FACE('',(#173),#3373,.T.);
#3514=ADVANCED_FACE('',(#174),#3374,.T.);
#3515=ADVANCED_FACE('',(#175),#3375,.T.);
#3516=ADVANCED_FACE('',(#176),#3376,.T.);
#3517=ADVANCED_FACE('',(#177),#3377,.T.);
#3518=ADVANCED_FACE('',(#178),#3378,.T.);
#3519=ADVANCED_FACE('',(#179),#3379,.T.);
#3520=ADVANCED_FACE('',(#180),#3380,.F.);
#3521=ADVANCED_FACE('',(#181),#3381,.T.);
#3522=ADVANCED_FACE('',(#182),#3382,.T.);
#3523=ADVANCED_FACE('',(#183),#3383,.T.);
#3524=ADVANCED_FACE('',(#184),#3384,.T.);
#3525=ADVANCED_FACE('',(#185),#3385,.T.);
#3526=ADVANCED_FACE('',(#186),#3386,.F.);
#3527=ADVANCED_FACE('',(#187),#3387,.T.);
#3528=ADVANCED_FACE('',(#188),#3388,.T.);
#3529=ADVANCED_FACE('',(#189),#3389,.T.);
#3530=ADVANCED_FACE('',(#190),#3390,.F.);
#3531=ADVANCED_FACE('',(#191),#3391,.F.);
#3532=ADVANCED_FACE('',(#192),#3392,.T.);
#3533=ADVANCED_FACE('',(#193),#3393,.T.);
#3534=ADVANCED_FACE('',(#194),#3394,.T.);
#3535=ADVANCED_FACE('',(#195),#3395,.T.);
#3536=ADVANCED_FACE('',(#196),#3396,.T.);
#3537=ADVANCED_FACE('',(#197),#3397,.T.);
#3538=ADVANCED_FACE('',(#198),#3398,.T.);
#3539=ADVANCED_FACE('',(#199),#3399,.T.);
#3540=ADVANCED_FACE('',(#200),#3400,.T.);
#3541=ADVANCED_FACE('',(#201),#3401,.T.);
#3542=ADVANCED_FACE('',(#202,#90),#3402,.T.);
#3543=ADVANCED_FACE('',(#203),#3403,.F.);
#3544=ADVANCED_FACE('',(#204),#47,.F.);
#3545=ADVANCED_FACE('',(#205),#3404,.F.);
#3546=ADVANCED_FACE('',(#206),#48,.F.);
#3547=ADVANCED_FACE('',(#207),#3405,.F.);
#3548=ADVANCED_FACE('',(#208),#49,.F.);
#3549=ADVANCED_FACE('',(#209),#3406,.F.);
#3550=ADVANCED_FACE('',(#210),#50,.F.);
#3551=ADVANCED_FACE('',(#211),#3407,.T.);
#3552=ADVANCED_FACE('',(#212),#51,.T.);
#3553=ADVANCED_FACE('',(#213),#3408,.F.);
#3554=ADVANCED_FACE('',(#214),#52,.T.);
#3555=ADVANCED_FACE('',(#215),#3409,.F.);
#3556=ADVANCED_FACE('',(#216),#53,.T.);
#3557=ADVANCED_FACE('',(#217,#91),#3410,.F.);
#3558=ADVANCED_FACE('',(#218),#54,.T.);
#3559=ADVANCED_FACE('',(#219),#55,.F.);
#3560=ADVANCED_FACE('',(#220),#56,.F.);
#3561=ADVANCED_FACE('',(#221),#57,.T.);
#3562=ADVANCED_FACE('',(#222),#3411,.T.);
#3563=ADVANCED_FACE('',(#223),#58,.F.);
#3564=ADVANCED_FACE('',(#224),#3412,.T.);
#3565=ADVANCED_FACE('',(#225),#3413,.T.);
#3566=ADVANCED_FACE('',(#226),#3414,.T.);
#3567=ADVANCED_FACE('',(#227),#59,.T.);
#3568=ADVANCED_FACE('',(#228),#3415,.F.);
#3569=ADVANCED_FACE('',(#229),#60,.T.);
#3570=ADVANCED_FACE('',(#230),#3416,.F.);
#3571=ADVANCED_FACE('',(#231),#3417,.T.);
#3572=ADVANCED_FACE('',(#232,#92),#3418,.F.);
#3573=ADVANCED_FACE('',(#233),#61,.T.);
#3574=ADVANCED_FACE('',(#234),#62,.F.);
#3575=ADVANCED_FACE('',(#235),#63,.F.);
#3576=ADVANCED_FACE('',(#236),#64,.T.);
#3577=ADVANCED_FACE('',(#237),#65,.T.);
#3578=ADVANCED_FACE('',(#238),#66,.F.);
#3579=ADVANCED_FACE('',(#239),#3419,.T.);
#3580=ADVANCED_FACE('',(#240),#67,.T.);
#3581=ADVANCED_FACE('',(#241),#3420,.T.);
#3582=ADVANCED_FACE('',(#242),#68,.T.);
#3583=ADVANCED_FACE('',(#243),#3421,.F.);
#3584=ADVANCED_FACE('',(#244),#69,.T.);
#3585=ADVANCED_FACE('',(#245),#3422,.F.);
#3586=ADVANCED_FACE('',(#246),#70,.F.);
#3587=ADVANCED_FACE('',(#247),#3423,.T.);
#3588=ADVANCED_FACE('',(#248),#71,.T.);
#3589=ADVANCED_FACE('',(#249),#72,.T.);
#3590=ADVANCED_FACE('',(#250),#73,.F.);
#3591=ADVANCED_FACE('',(#251),#74,.F.);
#3592=ADVANCED_FACE('',(#252,#93),#3424,.F.);
#3593=ADVANCED_FACE('',(#253,#94),#3425,.T.);
#3594=ADVANCED_FACE('',(#254),#75,.T.);
#3595=ADVANCED_FACE('',(#255),#3426,.F.);
#3596=ADVANCED_FACE('',(#256),#76,.T.);
#3597=ADVANCED_FACE('',(#257),#3427,.T.);
#3598=ADVANCED_FACE('',(#258),#77,.T.);
#3599=ADVANCED_FACE('',(#259),#78,.F.);
#3600=ADVANCED_FACE('',(#260),#79,.T.);
#3601=ADVANCED_FACE('',(#261),#3428,.T.);
#3602=ADVANCED_FACE('',(#262),#80,.T.);
#3603=ADVANCED_FACE('',(#263),#81,.F.);
#3604=ADVANCED_FACE('',(#264),#82,.F.);
#3605=ADVANCED_FACE('',(#265),#3429,.F.);
#3606=ADVANCED_FACE('',(#266,#95),#3430,.F.);
#3607=ADVANCED_FACE('',(#267),#3431,.F.);
#3608=ADVANCED_FACE('',(#268),#3432,.F.);
#3609=ADVANCED_FACE('',(#269,#96),#3433,.F.);
#3610=ADVANCED_FACE('',(#270),#3434,.F.);
#3611=ADVANCED_FACE('',(#271),#3435,.F.);
#3612=ADVANCED_FACE('',(#272,#97),#3436,.T.);
#3613=ADVANCED_FACE('',(#273),#3437,.F.);
#3614=CLOSED_SHELL('',(#3438,#3439,#3440,#3441,#3442,#3443,#3444,#3445,
#3446,#3447,#3448,#3449,#3450,#3451,#3452,#3453,#3454,#3455,#3456,#3457,
#3458,#3459,#3460,#3461,#3462,#3463,#3464,#3465,#3466,#3467,#3468,#3469,
#3470,#3471,#3472,#3473,#3474,#3475,#3476,#3477,#3478,#3479,#3480,#3481,
#3482,#3483,#3484,#3485,#3486,#3487,#3488,#3489,#3490,#3491,#3492,#3493,
#3494,#3495,#3496,#3497,#3498,#3499,#3500,#3501,#3502,#3503,#3504,#3505,
#3506,#3507,#3508,#3509,#3510,#3511,#3512,#3513,#3514,#3515,#3516,#3517,
#3518,#3519,#3520,#3521,#3522,#3523,#3524,#3525,#3526,#3527,#3528,#3529,
#3530,#3531,#3532,#3533,#3534,#3535,#3536,#3537,#3538,#3539,#3540,#3541,
#3542,#3543,#3544,#3545,#3546,#3547,#3548,#3549,#3550,#3551,#3552,#3553,
#3554,#3555,#3556,#3557,#3558,#3559,#3560,#3561,#3562,#3563,#3564,#3565,
#3566,#3567,#3568,#3569,#3570,#3571,#3572,#3573,#3574,#3575,#3576,#3577,
#3578,#3579,#3580,#3581,#3582,#3583,#3584,#3585,#3586,#3587,#3588,#3589,
#3590,#3591,#3592,#3593,#3594,#3595,#3596,#3597,#3598,#3599,#3600,#3601,
#3602,#3603,#3604,#3605,#3606,#3607,#3608,#3609,#3610,#3611,#3612,#3613));
#3615=AXIS2_PLACEMENT_3D('',#4842,#3884,#3885);
#3616=AXIS2_PLACEMENT_3D('',#4843,#3886,#3887);
#3617=AXIS2_PLACEMENT_3D('',#4846,#3888,#3889);
#3618=AXIS2_PLACEMENT_3D('',#4848,#3890,#3891);
#3619=AXIS2_PLACEMENT_3D('',#4852,#3894,#3895);
#3620=AXIS2_PLACEMENT_3D('',#4855,#3896,#3897);
#3621=AXIS2_PLACEMENT_3D('',#4859,#3900,#3901);
#3622=AXIS2_PLACEMENT_3D('',#4862,#3902,#3903);
#3623=AXIS2_PLACEMENT_3D('',#4866,#3906,#3907);
#3624=AXIS2_PLACEMENT_3D('',#4878,#3914,#3915);
#3625=AXIS2_PLACEMENT_3D('',#4893,#3923,#3924);
#3626=AXIS2_PLACEMENT_3D('',#4908,#3932,#3933);
#3627=AXIS2_PLACEMENT_3D('',#4911,#3936,#3937);
#3628=AXIS2_PLACEMENT_3D('',#4913,#3939,#3940);
#3629=AXIS2_PLACEMENT_3D('',#4919,#3944,#3945);
#3630=AXIS2_PLACEMENT_3D('',#4921,#3946,#3947);
#3631=AXIS2_PLACEMENT_3D('',#4923,#3949,#3950);
#3632=AXIS2_PLACEMENT_3D('',#4928,#3954,#3955);
#3633=AXIS2_PLACEMENT_3D('',#4931,#3958,#3959);
#3634=AXIS2_PLACEMENT_3D('',#4938,#3964,#3965);
#3635=AXIS2_PLACEMENT_3D('',#4949,#3972,#3973);
#3636=AXIS2_PLACEMENT_3D('',#4957,#3978,#3979);
#3637=AXIS2_PLACEMENT_3D('',#4967,#3985,#3986);
#3638=AXIS2_PLACEMENT_3D('',#4974,#3991,#3992);
#3639=AXIS2_PLACEMENT_3D('',#4982,#3997,#3998);
#3640=AXIS2_PLACEMENT_3D('',#4985,#4001,#4002);
#3641=AXIS2_PLACEMENT_3D('',#4988,#4005,#4006);
#3642=AXIS2_PLACEMENT_3D('',#4989,#4007,#4008);
#3643=AXIS2_PLACEMENT_3D('',#4991,#4010,#4011);
#3644=AXIS2_PLACEMENT_3D('',#4993,#4012,#4013);
#3645=AXIS2_PLACEMENT_3D('',#4995,#4015,#4016);
#3646=AXIS2_PLACEMENT_3D('',#4997,#4018,#4019);
#3647=AXIS2_PLACEMENT_3D('',#4998,#4020,#4021);
#3648=AXIS2_PLACEMENT_3D('',#4999,#4022,#4023);
#3649=AXIS2_PLACEMENT_3D('',#5000,#4024,#4025);
#3650=AXIS2_PLACEMENT_3D('',#5001,#4026,#4027);
#3651=AXIS2_PLACEMENT_3D('',#5002,#4028,#4029);
#3652=AXIS2_PLACEMENT_3D('',#5003,#4030,#4031);
#3653=AXIS2_PLACEMENT_3D('',#5004,#4032,#4033);
#3654=AXIS2_PLACEMENT_3D('',#5006,#4034,#4035);
#3655=AXIS2_PLACEMENT_3D('',#5008,#4036,#4037);
#3656=AXIS2_PLACEMENT_3D('',#5018,#4042,#4043);
#3657=AXIS2_PLACEMENT_3D('',#5019,#4044,#4045);
#3658=AXIS2_PLACEMENT_3D('',#5020,#4046,#4047);
#3659=AXIS2_PLACEMENT_3D('',#5022,#4048,#4049);
#3660=AXIS2_PLACEMENT_3D('',#5024,#4051,#4052);
#3661=AXIS2_PLACEMENT_3D('',#5027,#4053,#4054);
#3662=AXIS2_PLACEMENT_3D('',#5031,#4056,#4057);
#3663=AXIS2_PLACEMENT_3D('',#5041,#4063,#4064);
#3664=AXIS2_PLACEMENT_3D('',#5044,#4065,#4066);
#3665=AXIS2_PLACEMENT_3D('',#5048,#4069,#4070);
#3666=AXIS2_PLACEMENT_3D('',#5058,#4076,#4077);
#3667=AXIS2_PLACEMENT_3D('',#5071,#4084,#4085);
#3668=AXIS2_PLACEMENT_3D('',#5081,#4091,#4092);
#3669=AXIS2_PLACEMENT_3D('',#5083,#4094,#4095);
#3670=AXIS2_PLACEMENT_3D('',#5089,#4099,#4100);
#3671=AXIS2_PLACEMENT_3D('',#5095,#4104,#4105);
#3672=AXIS2_PLACEMENT_3D('',#5098,#4108,#4109);
#3673=AXIS2_PLACEMENT_3D('',#5105,#4114,#4115);
#3674=AXIS2_PLACEMENT_3D('',#5116,#4122,#4123);
#3675=AXIS2_PLACEMENT_3D('',#5124,#4128,#4129);
#3676=AXIS2_PLACEMENT_3D('',#5134,#4135,#4136);
#3677=AXIS2_PLACEMENT_3D('',#5141,#4141,#4142);
#3678=AXIS2_PLACEMENT_3D('',#5149,#4147,#4148);
#3679=AXIS2_PLACEMENT_3D('',#5152,#4151,#4152);
#3680=AXIS2_PLACEMENT_3D('',#5155,#4155,#4156);
#3681=AXIS2_PLACEMENT_3D('',#5156,#4157,#4158);
#3682=AXIS2_PLACEMENT_3D('',#5158,#4160,#4161);
#3683=AXIS2_PLACEMENT_3D('',#5160,#4162,#4163);
#3684=AXIS2_PLACEMENT_3D('',#5162,#4165,#4166);
#3685=AXIS2_PLACEMENT_3D('',#5164,#4168,#4169);
#3686=AXIS2_PLACEMENT_3D('',#5165,#4170,#4171);
#3687=AXIS2_PLACEMENT_3D('',#5166,#4172,#4173);
#3688=AXIS2_PLACEMENT_3D('',#5167,#4174,#4175);
#3689=AXIS2_PLACEMENT_3D('',#5168,#4176,#4177);
#3690=AXIS2_PLACEMENT_3D('',#5170,#4178,#4179);
#3691=AXIS2_PLACEMENT_3D('',#5172,#4180,#4181);
#3692=AXIS2_PLACEMENT_3D('',#5182,#4186,#4187);
#3693=AXIS2_PLACEMENT_3D('',#5183,#4188,#4189);
#3694=AXIS2_PLACEMENT_3D('',#5186,#4191,#4192);
#3695=AXIS2_PLACEMENT_3D('',#5187,#4193,#4194);
#3696=AXIS2_PLACEMENT_3D('',#5188,#4195,#4196);
#3697=AXIS2_PLACEMENT_3D('',#5189,#4197,#4198);
#3698=AXIS2_PLACEMENT_3D('',#5192,#4199,#4200);
#3699=AXIS2_PLACEMENT_3D('',#5196,#4202,#4203);
#3700=AXIS2_PLACEMENT_3D('',#5206,#4209,#4210);
#3701=AXIS2_PLACEMENT_3D('',#5209,#4211,#4212);
#3702=AXIS2_PLACEMENT_3D('',#5219,#4218,#4219);
#3703=AXIS2_PLACEMENT_3D('',#5229,#4225,#4226);
#3704=AXIS2_PLACEMENT_3D('',#5242,#4233,#4234);
#3705=AXIS2_PLACEMENT_3D('',#5252,#4240,#4241);
#3706=AXIS2_PLACEMENT_3D('',#5254,#4243,#4244);
#3707=AXIS2_PLACEMENT_3D('',#5260,#4248,#4249);
#3708=AXIS2_PLACEMENT_3D('',#5266,#4253,#4254);
#3709=AXIS2_PLACEMENT_3D('',#5269,#4257,#4258);
#3710=AXIS2_PLACEMENT_3D('',#5276,#4263,#4264);
#3711=AXIS2_PLACEMENT_3D('',#5287,#4271,#4272);
#3712=AXIS2_PLACEMENT_3D('',#5294,#4277,#4278);
#3713=AXIS2_PLACEMENT_3D('',#5302,#4283,#4284);
#3714=AXIS2_PLACEMENT_3D('',#5312,#4290,#4291);
#3715=AXIS2_PLACEMENT_3D('',#5317,#4295,#4296);
#3716=AXIS2_PLACEMENT_3D('',#5320,#4299,#4300);
#3717=AXIS2_PLACEMENT_3D('',#5321,#4301,#4302);
#3718=AXIS2_PLACEMENT_3D('',#5323,#4304,#4305);
#3719=AXIS2_PLACEMENT_3D('',#5325,#4306,#4307);
#3720=AXIS2_PLACEMENT_3D('',#5327,#4309,#4310);
#3721=AXIS2_PLACEMENT_3D('',#5329,#4312,#4313);
#3722=AXIS2_PLACEMENT_3D('',#5331,#4315,#4316);
#3723=AXIS2_PLACEMENT_3D('',#5332,#4317,#4318);
#3724=AXIS2_PLACEMENT_3D('',#5334,#4319,#4320);
#3725=AXIS2_PLACEMENT_3D('',#5336,#4321,#4322);
#3726=AXIS2_PLACEMENT_3D('',#5346,#4327,#4328);
#3727=AXIS2_PLACEMENT_3D('',#5347,#4329,#4330);
#3728=AXIS2_PLACEMENT_3D('',#5348,#4331,#4332);
#3729=AXIS2_PLACEMENT_3D('',#5350,#4333,#4334);
#3730=AXIS2_PLACEMENT_3D('',#5351,#4335,#4336);
#3731=AXIS2_PLACEMENT_3D('',#5352,#4337,#4338);
#3732=AXIS2_PLACEMENT_3D('',#5353,#4339,#4340);
#3733=AXIS2_PLACEMENT_3D('',#5358,#4342,#4343);
#3734=AXIS2_PLACEMENT_3D('',#5366,#4348,#4349);
#3735=AXIS2_PLACEMENT_3D('',#5369,#4350,#4351);
#3736=AXIS2_PLACEMENT_3D('',#5373,#4354,#4355);
#3737=AXIS2_PLACEMENT_3D('',#5376,#4356,#4357);
#3738=AXIS2_PLACEMENT_3D('',#5380,#4360,#4361);
#3739=AXIS2_PLACEMENT_3D('',#5383,#4362,#4363);
#3740=AXIS2_PLACEMENT_3D('',#5385,#4364,#4365);
#3741=AXIS2_PLACEMENT_3D('',#5389,#4368,#4369);
#3742=AXIS2_PLACEMENT_3D('',#5399,#4375,#4376);
#3743=AXIS2_PLACEMENT_3D('',#5414,#4384,#4385);
#3744=AXIS2_PLACEMENT_3D('',#5426,#4392,#4393);
#3745=AXIS2_PLACEMENT_3D('',#5428,#4395,#4396);
#3746=AXIS2_PLACEMENT_3D('',#5434,#4400,#4401);
#3747=AXIS2_PLACEMENT_3D('',#5436,#4402,#4403);
#3748=AXIS2_PLACEMENT_3D('',#5438,#4405,#4406);
#3749=AXIS2_PLACEMENT_3D('',#5443,#4410,#4411);
#3750=AXIS2_PLACEMENT_3D('',#5446,#4414,#4415);
#3751=AXIS2_PLACEMENT_3D('',#5453,#4420,#4421);
#3752=AXIS2_PLACEMENT_3D('',#5464,#4428,#4429);
#3753=AXIS2_PLACEMENT_3D('',#5471,#4434,#4435);
#3754=AXIS2_PLACEMENT_3D('',#5481,#4441,#4442);
#3755=AXIS2_PLACEMENT_3D('',#5488,#4447,#4448);
#3756=AXIS2_PLACEMENT_3D('',#5496,#4453,#4454);
#3757=AXIS2_PLACEMENT_3D('',#5499,#4457,#4458);
#3758=AXIS2_PLACEMENT_3D('',#5504,#4461,#4462);
#3759=AXIS2_PLACEMENT_3D('',#5506,#4464,#4465);
#3760=AXIS2_PLACEMENT_3D('',#5507,#4466,#4467);
#3761=AXIS2_PLACEMENT_3D('',#5509,#4469,#4470);
#3762=AXIS2_PLACEMENT_3D('',#5511,#4471,#4472);
#3763=AXIS2_PLACEMENT_3D('',#5513,#4474,#4475);
#3764=AXIS2_PLACEMENT_3D('',#5515,#4477,#4478);
#3765=AXIS2_PLACEMENT_3D('',#5517,#4480,#4481);
#3766=AXIS2_PLACEMENT_3D('',#5518,#4482,#4483);
#3767=AXIS2_PLACEMENT_3D('',#5519,#4484,#4485);
#3768=AXIS2_PLACEMENT_3D('',#5520,#4486,#4487);
#3769=AXIS2_PLACEMENT_3D('',#5521,#4488,#4489);
#3770=AXIS2_PLACEMENT_3D('',#5522,#4490,#4491);
#3771=AXIS2_PLACEMENT_3D('',#5523,#4492,#4493);
#3772=AXIS2_PLACEMENT_3D('',#5525,#4494,#4495);
#3773=AXIS2_PLACEMENT_3D('',#5527,#4496,#4497);
#3774=AXIS2_PLACEMENT_3D('',#5537,#4502,#4503);
#3775=AXIS2_PLACEMENT_3D('',#5538,#4504,#4505);
#3776=AXIS2_PLACEMENT_3D('',#5539,#4506,#4507);
#3777=AXIS2_PLACEMENT_3D('',#5540,#4508,#4509);
#3778=AXIS2_PLACEMENT_3D('',#5541,#4510,#4511);
#3779=AXIS2_PLACEMENT_3D('',#5542,#4512,#4513);
#3780=AXIS2_PLACEMENT_3D('',#5544,#4514,#4515);
#3781=AXIS2_PLACEMENT_3D('',#5545,#4516,#4517);
#3782=AXIS2_PLACEMENT_3D('',#5554,#4522,#4523);
#3783=AXIS2_PLACEMENT_3D('',#5556,#4524,#4525);
#3784=AXIS2_PLACEMENT_3D('',#5558,#4526,#4527);
#3785=AXIS2_PLACEMENT_3D('',#5560,#4529,#4530);
#3786=AXIS2_PLACEMENT_3D('',#5566,#4534,#4535);
#3787=AXIS2_PLACEMENT_3D('',#5568,#4536,#4537);
#3788=AXIS2_PLACEMENT_3D('',#5570,#4538,#4539);
#3789=AXIS2_PLACEMENT_3D('',#5572,#4541,#4542);
#3790=AXIS2_PLACEMENT_3D('',#5578,#4546,#4547);
#3791=AXIS2_PLACEMENT_3D('',#5580,#4548,#4549);
#3792=AXIS2_PLACEMENT_3D('',#5582,#4550,#4551);
#3793=AXIS2_PLACEMENT_3D('',#5584,#4553,#4554);
#3794=AXIS2_PLACEMENT_3D('',#5590,#4558,#4559);
#3795=AXIS2_PLACEMENT_3D('',#5591,#4560,#4561);
#3796=AXIS2_PLACEMENT_3D('',#5592,#4562,#4563);
#3797=AXIS2_PLACEMENT_3D('',#5593,#4564,#4565);
#3798=AXIS2_PLACEMENT_3D('',#5601,#4570,#4571);
#3799=AXIS2_PLACEMENT_3D('',#5603,#4572,#4573);
#3800=AXIS2_PLACEMENT_3D('',#5616,#4575,#4576);
#3801=AXIS2_PLACEMENT_3D('',#5619,#4579,#4580);
#3802=AXIS2_PLACEMENT_3D('',#5622,#4581,#4582);
#3803=AXIS2_PLACEMENT_3D('',#5637,#4585,#4586);
#3804=AXIS2_PLACEMENT_3D('',#5643,#4590,#4591);
#3805=AXIS2_PLACEMENT_3D('',#5645,#4592,#4593);
#3806=AXIS2_PLACEMENT_3D('',#5657,#4595,#4596);
#3807=AXIS2_PLACEMENT_3D('',#5664,#4600,#4601);
#3808=AXIS2_PLACEMENT_3D('',#5666,#4602,#4603);
#3809=AXIS2_PLACEMENT_3D('',#5667,#4604,#4605);
#3810=AXIS2_PLACEMENT_3D('',#5668,#4606,#4607);
#3811=AXIS2_PLACEMENT_3D('',#5679,#4608,#4609);
#3812=AXIS2_PLACEMENT_3D('',#5680,#4610,#4611);
#3813=AXIS2_PLACEMENT_3D('',#5681,#4612,#4613);
#3814=AXIS2_PLACEMENT_3D('',#5683,#4615,#4616);
#3815=AXIS2_PLACEMENT_3D('',#5685,#4618,#4619);
#3816=AXIS2_PLACEMENT_3D('',#5687,#4621,#4622);
#3817=AXIS2_PLACEMENT_3D('',#5697,#4627,#4628);
#3818=AXIS2_PLACEMENT_3D('',#5701,#4630,#4631);
#3819=AXIS2_PLACEMENT_3D('',#5708,#4636,#4637);
#3820=AXIS2_PLACEMENT_3D('',#5715,#4641,#4642);
#3821=AXIS2_PLACEMENT_3D('',#5719,#4644,#4645);
#3822=AXIS2_PLACEMENT_3D('',#5725,#4649,#4650);
#3823=AXIS2_PLACEMENT_3D('',#5733,#4655,#4656);
#3824=AXIS2_PLACEMENT_3D('',#5735,#4657,#4658);
#3825=AXIS2_PLACEMENT_3D('',#5748,#4660,#4661);
#3826=AXIS2_PLACEMENT_3D('',#5751,#4664,#4665);
#3827=AXIS2_PLACEMENT_3D('',#5766,#4668,#4669);
#3828=AXIS2_PLACEMENT_3D('',#5770,#4672,#4673);
#3829=AXIS2_PLACEMENT_3D('',#5773,#4676,#4677);
#3830=AXIS2_PLACEMENT_3D('',#5778,#4680,#4681);
#3831=AXIS2_PLACEMENT_3D('',#5780,#4682,#4683);
#3832=AXIS2_PLACEMENT_3D('',#5781,#4684,#4685);
#3833=AXIS2_PLACEMENT_3D('',#5792,#4686,#4687);
#3834=AXIS2_PLACEMENT_3D('',#5793,#4688,#4689);
#3835=AXIS2_PLACEMENT_3D('',#5794,#4690,#4691);
#3836=AXIS2_PLACEMENT_3D('',#5805,#4692,#4693);
#3837=AXIS2_PLACEMENT_3D('',#5806,#4694,#4695);
#3838=AXIS2_PLACEMENT_3D('',#5807,#4696,#4697);
#3839=AXIS2_PLACEMENT_3D('',#5809,#4699,#4700);
#3840=AXIS2_PLACEMENT_3D('',#5817,#4704,#4705);
#3841=AXIS2_PLACEMENT_3D('',#5821,#4707,#4708);
#3842=AXIS2_PLACEMENT_3D('',#5826,#4712,#4713);
#3843=AXIS2_PLACEMENT_3D('',#5829,#4714,#4715);
#3844=AXIS2_PLACEMENT_3D('',#5843,#4718,#4719);
#3845=AXIS2_PLACEMENT_3D('',#5849,#4723,#4724);
#3846=AXIS2_PLACEMENT_3D('',#5851,#4725,#4726);
#3847=AXIS2_PLACEMENT_3D('',#5864,#4728,#4729);
#3848=AXIS2_PLACEMENT_3D('',#5868,#4732,#4733);
#3849=AXIS2_PLACEMENT_3D('',#5883,#4736,#4737);
#3850=AXIS2_PLACEMENT_3D('',#5886,#4740,#4741);
#3851=AXIS2_PLACEMENT_3D('',#5889,#4743,#4744);
#3852=AXIS2_PLACEMENT_3D('',#5890,#4745,#4746);
#3853=AXIS2_PLACEMENT_3D('',#5893,#4749,#4750);
#3854=AXIS2_PLACEMENT_3D('',#5904,#4751,#4752);
#3855=AXIS2_PLACEMENT_3D('',#5905,#4753,#4754);
#3856=AXIS2_PLACEMENT_3D('',#5906,#4755,#4756);
#3857=AXIS2_PLACEMENT_3D('',#5907,#4757,#4758);
#3858=AXIS2_PLACEMENT_3D('',#5908,#4759,#4760);
#3859=AXIS2_PLACEMENT_3D('',#5910,#4762,#4763);
#3860=AXIS2_PLACEMENT_3D('',#5915,#4766,#4767);
#3861=AXIS2_PLACEMENT_3D('',#5919,#4769,#4770);
#3862=AXIS2_PLACEMENT_3D('',#5922,#4773,#4774);
#3863=AXIS2_PLACEMENT_3D('',#5936,#4777,#4778);
#3864=AXIS2_PLACEMENT_3D('',#5938,#4780,#4781);
#3865=AXIS2_PLACEMENT_3D('',#5952,#4784,#4785);
#3866=AXIS2_PLACEMENT_3D('',#5956,#4788,#4789);
#3867=AXIS2_PLACEMENT_3D('',#5969,#4791,#4792);
#3868=AXIS2_PLACEMENT_3D('',#5972,#4794,#4795);
#3869=AXIS2_PLACEMENT_3D('',#5973,#4796,#4797);
#3870=AXIS2_PLACEMENT_3D('',#5988,#4800,#4801);
#3871=AXIS2_PLACEMENT_3D('',#5990,#4803,#4804);
#3872=AXIS2_PLACEMENT_3D('',#5991,#4805,#4806);
#3873=AXIS2_PLACEMENT_3D('',#5992,#4807,#4808);
#3874=AXIS2_PLACEMENT_3D('',#5993,#4809,#4810);
#3875=AXIS2_PLACEMENT_3D('',#5995,#4812,#4813);
#3876=AXIS2_PLACEMENT_3D('',#5996,#4814,#4815);
#3877=AXIS2_PLACEMENT_3D('',#5997,#4816,#4817);
#3878=AXIS2_PLACEMENT_3D('',#6006,#4822,#4823);
#3879=AXIS2_PLACEMENT_3D('',#6012,#4827,#4828);
#3880=AXIS2_PLACEMENT_3D('',#6018,#4832,#4833);
#3881=AXIS2_PLACEMENT_3D('',#6021,#4836,#4837);
#3882=AXIS2_PLACEMENT_3D('',#6022,#4838,#4839);
#3883=AXIS2_PLACEMENT_3D('',#6023,#4840,#4841);
#3884=DIRECTION('axis',(0.,0.,1.));
#3885=DIRECTION('refdir',(1.,0.,0.));
#3886=DIRECTION('center_axis',(0.00809746963294273,1.79799944553921E-18,
0.999967214955342));
#3887=DIRECTION('ref_axis',(-0.999967214955342,-2.22037325182743E-16,0.00809746963294273));
#3888=DIRECTION('center_axis',(1.22464679914735E-16,0.,1.));
#3889=DIRECTION('ref_axis',(-1.,0.,1.22464679914735E-16));
#3890=DIRECTION('center_axis',(1.22464679914735E-16,0.,1.));
#3891=DIRECTION('ref_axis',(-1.,0.,1.22464679914735E-16));
#3892=DIRECTION('',(2.22044604925031E-16,-1.,0.));
#3893=DIRECTION('',(-0.999967214955342,-2.22037325182743E-16,0.00809746963294273));
#3894=DIRECTION('center_axis',(0.,0.,1.));
#3895=DIRECTION('ref_axis',(-1.,-2.22044604925031E-16,0.));
#3896=DIRECTION('center_axis',(1.22464679914735E-16,0.,1.));
#3897=DIRECTION('ref_axis',(-1.,0.,1.22464679914735E-16));
#3898=DIRECTION('',(2.22044604925031E-16,-1.,0.));
#3899=DIRECTION('',(1.,2.22044604925031E-16,0.));
#3900=DIRECTION('center_axis',(0.,0.,1.));
#3901=DIRECTION('ref_axis',(0.,-1.,0.));
#3902=DIRECTION('center_axis',(1.22464679914735E-16,0.,1.));
#3903=DIRECTION('ref_axis',(-1.,0.,1.22464679914735E-16));
#3904=DIRECTION('',(1.,0.,0.));
#3905=DIRECTION('',(0.,1.,0.));
#3906=DIRECTION('center_axis',(2.22044604925031E-16,-1.,0.));
#3907=DIRECTION('ref_axis',(0.,0.,-1.));
#3908=DIRECTION('',(0.,0.,-1.));
#3909=DIRECTION('',(-1.,-2.22044604925031E-16,0.));
#3910=DIRECTION('',(0.,0.,1.));
#3911=DIRECTION('',(-0.999967214955342,-2.22037325182743E-16,0.00809746963294273));
#3912=DIRECTION('',(0.106340503901746,2.3612335176392E-17,-0.994329772877149));
#3913=DIRECTION('',(1.,2.22044604925031E-16,0.));
#3914=DIRECTION('center_axis',(2.22044604925031E-16,-1.,0.));
#3915=DIRECTION('ref_axis',(0.,0.,-1.));
#3916=DIRECTION('',(0.,0.,1.));
#3917=DIRECTION('',(1.,2.22044604925031E-16,0.));
#3918=DIRECTION('',(0.107444613401784,2.38574967341218E-17,0.994211071679923));
#3919=DIRECTION('',(-1.,-2.22044604925031E-16,0.));
#3920=DIRECTION('',(1.,2.22044604925031E-16,-1.22464679914735E-16));
#3921=DIRECTION('',(0.,0.,-1.));
#3922=DIRECTION('',(-1.,-2.22044604925031E-16,0.));
#3923=DIRECTION('center_axis',(2.22044604925031E-16,-1.,0.));
#3924=DIRECTION('ref_axis',(1.,2.22044604925031E-16,0.));
#3925=DIRECTION('',(0.,0.,1.));
#3926=DIRECTION('',(-1.,-2.22044604925031E-16,0.));
#3927=DIRECTION('',(-0.106340503901746,-2.3612335176392E-17,0.994329772877149));
#3928=DIRECTION('',(0.999967214955342,2.22037325182743E-16,-0.00809746963294273));
#3929=DIRECTION('',(0.999967214955342,2.22037325182743E-16,-0.00809746963294273));
#3930=DIRECTION('',(0.,0.,-1.));
#3931=DIRECTION('',(1.,2.22044604925031E-16,0.));
#3932=DIRECTION('center_axis',(0.00809746963294273,1.79799944553921E-18,
0.999967214955342));
#3933=DIRECTION('ref_axis',(-0.999967214955342,-2.22037325182743E-16,0.00809746963294273));
#3934=DIRECTION('',(2.22044604925031E-16,-1.,0.));
#3935=DIRECTION('',(-2.22044604925035E-16,1.,2.71926214689382E-32));
#3936=DIRECTION('center_axis',(1.,2.22044604925031E-16,0.));
#3937=DIRECTION('ref_axis',(0.,0.,1.));
#3938=DIRECTION('',(2.22044604925031E-16,-1.,0.));
#3939=DIRECTION('center_axis',(-1.,-2.22044604925031E-16,0.));
#3940=DIRECTION('ref_axis',(0.,0.,-1.));
#3941=DIRECTION('',(0.,0.,1.));
#3942=DIRECTION('',(2.22044604925031E-16,-1.,0.));
#3943=DIRECTION('',(2.22044604925031E-16,-1.,-2.71926214689378E-32));
#3944=DIRECTION('center_axis',(0.,0.,1.));
#3945=DIRECTION('ref_axis',(-1.,-2.22044604925031E-16,0.));
#3946=DIRECTION('center_axis',(1.22464679914735E-16,0.,1.));
#3947=DIRECTION('ref_axis',(-1.,0.,1.22464679914735E-16));
#3948=DIRECTION('',(2.22044604925031E-16,-1.,0.));
#3949=DIRECTION('center_axis',(0.994211071679923,2.20759204623261E-16,-0.107444613401784));
#3950=DIRECTION('ref_axis',(0.107444613401784,2.38574967341218E-17,0.994211071679923));
#3951=DIRECTION('',(-0.107444613401784,-2.38574967341218E-17,-0.994211071679923));
#3952=DIRECTION('',(-2.22044604925031E-16,1.,2.71926214689378E-32));
#3953=DIRECTION('',(2.22044604925031E-16,-1.,0.));
#3954=DIRECTION('center_axis',(-0.994329772877149,-2.20785561583703E-16,
-0.106340503901746));
#3955=DIRECTION('ref_axis',(0.106340503901746,2.3612335176392E-17,-0.994329772877149));
#3956=DIRECTION('',(2.22044604925031E-16,-1.,0.));
#3957=DIRECTION('',(2.22044604925031E-16,-1.,-2.71926214689378E-32));
#3958=DIRECTION('center_axis',(2.22044604925031E-16,-1.,0.));
#3959=DIRECTION('ref_axis',(1.,2.22044604925031E-16,0.));
#3960=DIRECTION('',(0.,0.,-1.));
#3961=DIRECTION('',(1.,2.22044604925031E-16,0.));
#3962=DIRECTION('',(-1.,-2.22044604925031E-16,1.22464679914735E-16));
#3963=DIRECTION('',(-1.,-2.22044604925031E-16,0.));
#3964=DIRECTION('center_axis',(0.,0.,1.));
#3965=DIRECTION('ref_axis',(0.,-1.,0.));
#3966=DIRECTION('',(0.,1.,0.));
#3967=DIRECTION('',(1.,0.,0.));
#3968=DIRECTION('',(0.,-1.,0.));
#3969=DIRECTION('',(0.,-1.,0.));
#3970=DIRECTION('',(1.,0.,0.));
#3971=DIRECTION('',(0.,1.,0.));
#3972=DIRECTION('center_axis',(1.,0.,0.));
#3973=DIRECTION('ref_axis',(0.,0.,-1.));
#3974=DIRECTION('',(0.,0.,1.));
#3975=DIRECTION('',(0.,-0.999967214955342,0.00809746963294273));
#3976=DIRECTION('',(0.,0.106340503901746,-0.994329772877149));
#3977=DIRECTION('',(0.,1.,0.));
#3978=DIRECTION('center_axis',(1.,0.,0.));
#3979=DIRECTION('ref_axis',(0.,0.,-1.));
#3980=DIRECTION('',(0.,1.,0.));
#3981=DIRECTION('',(0.,0.107444613401784,0.994211071679923));
#3982=DIRECTION('',(0.,-1.,0.));
#3983=DIRECTION('',(0.,1.,0.));
#3984=DIRECTION('',(0.,0.,-1.));
#3985=DIRECTION('center_axis',(1.,0.,0.));
#3986=DIRECTION('ref_axis',(0.,1.,0.));
#3987=DIRECTION('',(0.,0.,1.));
#3988=DIRECTION('',(0.,-1.,0.));
#3989=DIRECTION('',(0.,-0.107444613401784,-0.994211071679923));
#3990=DIRECTION('',(0.,-1.,0.));
#3991=DIRECTION('center_axis',(1.,0.,0.));
#3992=DIRECTION('ref_axis',(0.,1.,0.));
#3993=DIRECTION('',(0.,-1.,0.));
#3994=DIRECTION('',(0.,-0.106340503901746,0.994329772877149));
#3995=DIRECTION('',(0.,0.999967214955342,-0.00809746963294273));
#3996=DIRECTION('',(0.,0.,-1.));
#3997=DIRECTION('center_axis',(0.,0.,-1.));
#3998=DIRECTION('ref_axis',(0.,1.,0.));
#3999=DIRECTION('',(1.,0.,0.));
#4000=DIRECTION('',(1.,0.,0.));
#4001=DIRECTION('center_axis',(0.,0.00809746963294273,0.999967214955342));
#4002=DIRECTION('ref_axis',(0.,-0.999967214955342,0.00809746963294273));
#4003=DIRECTION('',(1.,0.,0.));
#4004=DIRECTION('',(1.,0.,0.));
#4005=DIRECTION('center_axis',(0.,1.,0.));
#4006=DIRECTION('ref_axis',(0.,0.,1.));
#4007=DIRECTION('center_axis',(0.,-1.,0.));
#4008=DIRECTION('ref_axis',(0.,0.,-1.));
#4009=DIRECTION('',(1.,0.,-1.22464679914735E-16));
#4010=DIRECTION('center_axis',(0.,0.,1.));
#4011=DIRECTION('ref_axis',(0.,-1.,0.));
#4012=DIRECTION('center_axis',(1.22464679914735E-16,0.,1.));
#4013=DIRECTION('ref_axis',(-1.,0.,1.22464679914735E-16));
#4014=DIRECTION('',(1.,0.,0.));
#4015=DIRECTION('center_axis',(0.,0.994211071679923,-0.107444613401784));
#4016=DIRECTION('ref_axis',(0.,0.107444613401784,0.994211071679923));
#4017=DIRECTION('',(-1.,1.32347854128988E-17,1.22464679914735E-16));
#4018=DIRECTION('center_axis',(0.,-0.994329772877149,-0.106340503901746));
#4019=DIRECTION('ref_axis',(0.,0.106340503901746,-0.994329772877149));
#4020=DIRECTION('center_axis',(-1.22464679914735E-16,0.,-1.));
#4021=DIRECTION('ref_axis',(-1.,0.,1.22464679914735E-16));
#4022=DIRECTION('center_axis',(1.22464679914735E-16,0.,1.));
#4023=DIRECTION('ref_axis',(-1.,0.,1.22464679914735E-16));
#4024=DIRECTION('center_axis',(-1.22464679914735E-16,0.,-1.));
#4025=DIRECTION('ref_axis',(-1.,0.,1.22464679914735E-16));
#4026=DIRECTION('center_axis',(1.22464679914735E-16,0.,1.));
#4027=DIRECTION('ref_axis',(-1.,0.,1.22464679914735E-16));
#4028=DIRECTION('center_axis',(-1.22464679914735E-16,0.,-1.));
#4029=DIRECTION('ref_axis',(-1.,0.,1.22464679914735E-16));
#4030=DIRECTION('center_axis',(1.22464679914735E-16,0.,1.));
#4031=DIRECTION('ref_axis',(-1.,0.,1.22464679914735E-16));
#4032=DIRECTION('center_axis',(1.22464679914735E-16,0.,1.));
#4033=DIRECTION('ref_axis',(-1.,0.,1.22464679914735E-16));
#4034=DIRECTION('center_axis',(1.22464679914735E-16,0.,1.));
#4035=DIRECTION('ref_axis',(-1.,0.,1.22464679914735E-16));
#4036=DIRECTION('center_axis',(1.22464679914735E-16,0.,1.));
#4037=DIRECTION('ref_axis',(-1.,0.,1.22464679914735E-16));
#4038=DIRECTION('',(0.780868809443031,0.624695047554423,-9.56288488038413E-17));
#4039=DIRECTION('',(0.,-1.,0.));
#4040=DIRECTION('',(1.,0.,-1.22464679914735E-16));
#4041=DIRECTION('',(0.780868809443031,0.624695047554423,-9.56288488038412E-17));
#4042=DIRECTION('center_axis',(1.22464679914735E-16,0.,1.));
#4043=DIRECTION('ref_axis',(-1.,0.,1.22464679914735E-16));
#4044=DIRECTION('center_axis',(1.22464679914735E-16,0.,1.));
#4045=DIRECTION('ref_axis',(-1.,0.,1.22464679914735E-16));
#4046=DIRECTION('center_axis',(1.22464679914735E-16,0.,1.));
#4047=DIRECTION('ref_axis',(-1.,0.,1.22464679914735E-16));
#4048=DIRECTION('center_axis',(-1.22464679914735E-16,0.,-1.));
#4049=DIRECTION('ref_axis',(-1.,0.,1.22464679914735E-16));
#4050=DIRECTION('',(1.,0.,0.));
#4051=DIRECTION('center_axis',(0.00809746963294273,1.79799944553921E-18,
0.999967214955342));
#4052=DIRECTION('ref_axis',(-0.999967214955342,-2.22037325182743E-16,0.00809746963294273));
#4053=DIRECTION('center_axis',(1.22464679914735E-16,0.,1.));
#4054=DIRECTION('ref_axis',(-1.,0.,1.22464679914735E-16));
#4055=DIRECTION('',(-2.22044604925035E-16,1.,2.71926214689382E-32));
#4056=DIRECTION('center_axis',(1.22464679914735E-16,0.,1.));
#4057=DIRECTION('ref_axis',(-1.,0.,1.22464679914735E-16));
#4058=DIRECTION('',(2.22044604925031E-16,-1.,0.));
#4059=DIRECTION('',(-0.999967214955342,-2.22037325182743E-16,0.00809746963294273));
#4060=DIRECTION('',(2.22044604925031E-16,-1.,0.));
#4061=DIRECTION('',(0.999967214955342,2.22037325182743E-16,-0.00809746963294273));
#4062=DIRECTION('',(2.22044604925031E-16,-1.,0.));
#4063=DIRECTION('center_axis',(0.,0.,1.));
#4064=DIRECTION('ref_axis',(0.,-1.,0.));
#4065=DIRECTION('center_axis',(1.22464679914735E-16,0.,1.));
#4066=DIRECTION('ref_axis',(-1.,0.,1.22464679914735E-16));
#4067=DIRECTION('',(1.,0.,0.));
#4068=DIRECTION('',(0.,1.,0.));
#4069=DIRECTION('center_axis',(2.22044604925031E-16,-1.,0.));
#4070=DIRECTION('ref_axis',(0.,0.,-1.));
#4071=DIRECTION('',(0.,0.,-1.));
#4072=DIRECTION('',(-1.,-2.22044604925031E-16,0.));
#4073=DIRECTION('',(0.,0.,1.));
#4074=DIRECTION('',(0.106340503901746,2.3612335176392E-17,-0.994329772877149));
#4075=DIRECTION('',(1.,2.22044604925031E-16,0.));
#4076=DIRECTION('center_axis',(2.22044604925031E-16,-1.,0.));
#4077=DIRECTION('ref_axis',(0.,0.,-1.));
#4078=DIRECTION('',(0.,0.,1.));
#4079=DIRECTION('',(1.,2.22044604925031E-16,0.));
#4080=DIRECTION('',(0.107444613401784,2.38574967341218E-17,0.994211071679923));
#4081=DIRECTION('',(1.,2.22044604925031E-16,-1.22464679914735E-16));
#4082=DIRECTION('',(0.,0.,-1.));
#4083=DIRECTION('',(-1.,-2.22044604925031E-16,0.));
#4084=DIRECTION('center_axis',(2.22044604925031E-16,-1.,0.));
#4085=DIRECTION('ref_axis',(1.,2.22044604925031E-16,0.));
#4086=DIRECTION('',(0.,0.,1.));
#4087=DIRECTION('',(-1.,-2.22044604925031E-16,0.));
#4088=DIRECTION('',(-0.106340503901746,-2.3612335176392E-17,0.994329772877149));
#4089=DIRECTION('',(0.,0.,-1.));
#4090=DIRECTION('',(1.,2.22044604925031E-16,0.));
#4091=DIRECTION('center_axis',(1.,2.22044604925031E-16,0.));
#4092=DIRECTION('ref_axis',(0.,0.,1.));
#4093=DIRECTION('',(2.22044604925031E-16,-1.,0.));
#4094=DIRECTION('center_axis',(-1.,-2.22044604925031E-16,0.));
#4095=DIRECTION('ref_axis',(0.,0.,-1.));
#4096=DIRECTION('',(0.,0.,1.));
#4097=DIRECTION('',(2.22044604925031E-16,-1.,0.));
#4098=DIRECTION('',(2.22044604925031E-16,-1.,-2.71926214689378E-32));
#4099=DIRECTION('center_axis',(0.994211071679923,2.20759204623261E-16,-0.107444613401784));
#4100=DIRECTION('ref_axis',(0.107444613401784,2.38574967341218E-17,0.994211071679923));
#4101=DIRECTION('',(-0.107444613401784,-2.38574967341218E-17,-0.994211071679923));
#4102=DIRECTION('',(-2.22044604925031E-16,1.,2.71926214689378E-32));
#4103=DIRECTION('',(2.22044604925031E-16,-1.,0.));
#4104=DIRECTION('center_axis',(-0.994329772877149,-2.20785561583703E-16,
-0.106340503901746));
#4105=DIRECTION('ref_axis',(0.106340503901746,2.3612335176392E-17,-0.994329772877149));
#4106=DIRECTION('',(2.22044604925031E-16,-1.,0.));
#4107=DIRECTION('',(2.22044604925031E-16,-1.,-2.71926214689378E-32));
#4108=DIRECTION('center_axis',(2.22044604925031E-16,-1.,0.));
#4109=DIRECTION('ref_axis',(1.,2.22044604925031E-16,0.));
#4110=DIRECTION('',(0.,0.,-1.));
#4111=DIRECTION('',(1.,2.22044604925031E-16,0.));
#4112=DIRECTION('',(-1.,-2.22044604925031E-16,1.22464679914735E-16));
#4113=DIRECTION('',(-1.,-2.22044604925031E-16,0.));
#4114=DIRECTION('center_axis',(0.,0.,1.));
#4115=DIRECTION('ref_axis',(0.,-1.,0.));
#4116=DIRECTION('',(0.,1.,0.));
#4117=DIRECTION('',(1.,0.,0.));
#4118=DIRECTION('',(0.,-1.,0.));
#4119=DIRECTION('',(0.,-1.,0.));
#4120=DIRECTION('',(1.,0.,0.));
#4121=DIRECTION('',(0.,1.,0.));
#4122=DIRECTION('center_axis',(1.,0.,0.));
#4123=DIRECTION('ref_axis',(0.,0.,-1.));
#4124=DIRECTION('',(0.,0.,1.));
#4125=DIRECTION('',(0.,-0.999967214955342,0.00809746963294273));
#4126=DIRECTION('',(0.,0.106340503901746,-0.994329772877149));
#4127=DIRECTION('',(0.,1.,0.));
#4128=DIRECTION('center_axis',(1.,0.,0.));
#4129=DIRECTION('ref_axis',(0.,0.,-1.));
#4130=DIRECTION('',(0.,1.,0.));
#4131=DIRECTION('',(0.,0.107444613401784,0.994211071679923));
#4132=DIRECTION('',(0.,-1.,0.));
#4133=DIRECTION('',(0.,1.,0.));
#4134=DIRECTION('',(0.,0.,-1.));
#4135=DIRECTION('center_axis',(1.,0.,0.));
#4136=DIRECTION('ref_axis',(0.,1.,0.));
#4137=DIRECTION('',(0.,0.,1.));
#4138=DIRECTION('',(0.,-1.,0.));
#4139=DIRECTION('',(0.,-0.107444613401784,-0.994211071679923));
#4140=DIRECTION('',(0.,-1.,0.));
#4141=DIRECTION('center_axis',(1.,0.,0.));
#4142=DIRECTION('ref_axis',(0.,1.,0.));
#4143=DIRECTION('',(0.,-1.,0.));
#4144=DIRECTION('',(0.,-0.106340503901746,0.994329772877149));
#4145=DIRECTION('',(0.,0.999967214955342,-0.00809746963294273));
#4146=DIRECTION('',(0.,0.,-1.));
#4147=DIRECTION('center_axis',(0.,0.,-1.));
#4148=DIRECTION('ref_axis',(0.,1.,0.));
#4149=DIRECTION('',(1.,0.,0.));
#4150=DIRECTION('',(1.,0.,0.));
#4151=DIRECTION('center_axis',(0.,0.00809746963294273,0.999967214955342));
#4152=DIRECTION('ref_axis',(0.,-0.999967214955342,0.00809746963294273));
#4153=DIRECTION('',(1.,0.,0.));
#4154=DIRECTION('',(1.,0.,0.));
#4155=DIRECTION('center_axis',(0.,1.,0.));
#4156=DIRECTION('ref_axis',(0.,0.,1.));
#4157=DIRECTION('center_axis',(0.,-1.,0.));
#4158=DIRECTION('ref_axis',(0.,0.,-1.));
#4159=DIRECTION('',(1.,0.,-1.22464679914735E-16));
#4160=DIRECTION('center_axis',(0.,0.,1.));
#4161=DIRECTION('ref_axis',(0.,-1.,0.));
#4162=DIRECTION('center_axis',(1.22464679914735E-16,0.,1.));
#4163=DIRECTION('ref_axis',(-1.,0.,1.22464679914735E-16));
#4164=DIRECTION('',(1.,0.,0.));
#4165=DIRECTION('center_axis',(0.,0.994211071679923,-0.107444613401784));
#4166=DIRECTION('ref_axis',(0.,0.107444613401784,0.994211071679923));
#4167=DIRECTION('',(-1.,1.32347854128988E-17,1.22464679914735E-16));
#4168=DIRECTION('center_axis',(0.,-0.994329772877149,-0.106340503901746));
#4169=DIRECTION('ref_axis',(0.,0.106340503901746,-0.994329772877149));
#4170=DIRECTION('center_axis',(-1.22464679914735E-16,0.,-1.));
#4171=DIRECTION('ref_axis',(-1.,0.,1.22464679914735E-16));
#4172=DIRECTION('center_axis',(1.22464679914735E-16,0.,1.));
#4173=DIRECTION('ref_axis',(-1.,0.,1.22464679914735E-16));
#4174=DIRECTION('center_axis',(-1.22464679914735E-16,0.,-1.));
#4175=DIRECTION('ref_axis',(-1.,0.,1.22464679914735E-16));
#4176=DIRECTION('center_axis',(1.22464679914735E-16,0.,1.));
#4177=DIRECTION('ref_axis',(-1.,0.,1.22464679914735E-16));
#4178=DIRECTION('center_axis',(1.22464679914735E-16,0.,1.));
#4179=DIRECTION('ref_axis',(-1.,0.,1.22464679914735E-16));
#4180=DIRECTION('center_axis',(1.22464679914735E-16,0.,1.));
#4181=DIRECTION('ref_axis',(-1.,0.,1.22464679914735E-16));
#4182=DIRECTION('',(-0.780868809443031,0.624695047554423,9.56288488038412E-17));
#4183=DIRECTION('',(1.,0.,-1.22464679914735E-16));
#4184=DIRECTION('',(0.,1.,0.));
#4185=DIRECTION('',(0.780868809443031,-0.624695047554423,-9.56288488038412E-17));
#4186=DIRECTION('center_axis',(1.22464679914735E-16,0.,1.));
#4187=DIRECTION('ref_axis',(-1.,0.,1.22464679914735E-16));
#4188=DIRECTION('center_axis',(1.22464679914735E-16,0.,1.));
#4189=DIRECTION('ref_axis',(-1.,0.,1.22464679914735E-16));
#4190=DIRECTION('',(1.,0.,0.));
#4191=DIRECTION('center_axis',(-1.22464679914735E-16,0.,-1.));
#4192=DIRECTION('ref_axis',(-1.,0.,1.22464679914735E-16));
#4193=DIRECTION('center_axis',(-1.22464679914735E-16,0.,-1.));
#4194=DIRECTION('ref_axis',(-1.,0.,1.22464679914735E-16));
#4195=DIRECTION('center_axis',(1.22464679914735E-16,0.,1.));
#4196=DIRECTION('ref_axis',(-1.,0.,1.22464679914735E-16));
#4197=DIRECTION('center_axis',(0.00809746963294273,1.79799944553921E-18,
0.999967214955342));
#4198=DIRECTION('ref_axis',(-0.999967214955342,-2.22037325182743E-16,0.00809746963294273));
#4199=DIRECTION('center_axis',(1.22464679914735E-16,0.,1.));
#4200=DIRECTION('ref_axis',(-1.,0.,1.22464679914735E-16));
#4201=DIRECTION('',(-2.22044604925035E-16,1.,2.71926214689382E-32));
#4202=DIRECTION('center_axis',(1.22464679914735E-16,0.,1.));
#4203=DIRECTION('ref_axis',(-1.,0.,1.22464679914735E-16));
#4204=DIRECTION('',(2.22044604925031E-16,-1.,0.));
#4205=DIRECTION('',(-0.999967214955342,-2.22037325182743E-16,0.00809746963294273));
#4206=DIRECTION('',(2.22044604925031E-16,-1.,0.));
#4207=DIRECTION('',(0.999967214955342,2.22037325182743E-16,-0.00809746963294273));
#4208=DIRECTION('',(2.22044604925031E-16,-1.,0.));
#4209=DIRECTION('center_axis',(0.,0.00809746963294273,0.999967214955342));
#4210=DIRECTION('ref_axis',(0.,-0.999967214955342,0.00809746963294273));
#4211=DIRECTION('center_axis',(1.22464679914735E-16,0.,1.));
#4212=DIRECTION('ref_axis',(-1.,0.,1.22464679914735E-16));
#4213=DIRECTION('',(-1.,-1.51233249960619E-14,1.22464679914735E-16));
#4214=DIRECTION('',(0.,-0.999967214955342,0.00809746963294273));
#4215=DIRECTION('',(1.,0.,0.));
#4216=DIRECTION('',(0.,0.999967214955342,-0.00809746963294273));
#4217=DIRECTION('',(1.,0.,0.));
#4218=DIRECTION('center_axis',(2.22044604925031E-16,-1.,0.));
#4219=DIRECTION('ref_axis',(0.,0.,-1.));
#4220=DIRECTION('',(0.,0.,-1.));
#4221=DIRECTION('',(-1.,-2.22044604925031E-16,0.));
#4222=DIRECTION('',(0.,0.,1.));
#4223=DIRECTION('',(0.106340503901746,2.3612335176392E-17,-0.994329772877149));
#4224=DIRECTION('',(1.,2.22044604925031E-16,0.));
#4225=DIRECTION('center_axis',(2.22044604925031E-16,-1.,0.));
#4226=DIRECTION('ref_axis',(0.,0.,-1.));
#4227=DIRECTION('',(0.,0.,1.));
#4228=DIRECTION('',(1.,2.22044604925031E-16,0.));
#4229=DIRECTION('',(0.107444613401784,2.38574967341218E-17,0.994211071679923));
#4230=DIRECTION('',(1.,2.22044604925031E-16,-1.22464679914735E-16));
#4231=DIRECTION('',(0.,0.,-1.));
#4232=DIRECTION('',(-1.,-2.22044604925031E-16,0.));
#4233=DIRECTION('center_axis',(2.22044604925031E-16,-1.,0.));
#4234=DIRECTION('ref_axis',(1.,2.22044604925031E-16,0.));
#4235=DIRECTION('',(0.,0.,1.));
#4236=DIRECTION('',(-1.,-2.22044604925031E-16,0.));
#4237=DIRECTION('',(-0.106340503901746,-2.3612335176392E-17,0.994329772877149));
#4238=DIRECTION('',(0.,0.,-1.));
#4239=DIRECTION('',(1.,2.22044604925031E-16,0.));
#4240=DIRECTION('center_axis',(1.,2.22044604925031E-16,0.));
#4241=DIRECTION('ref_axis',(0.,0.,1.));
#4242=DIRECTION('',(2.22044604925031E-16,-1.,0.));
#4243=DIRECTION('center_axis',(-1.,-2.22044604925031E-16,0.));
#4244=DIRECTION('ref_axis',(0.,0.,-1.));
#4245=DIRECTION('',(0.,0.,1.));
#4246=DIRECTION('',(2.22044604925031E-16,-1.,0.));
#4247=DIRECTION('',(2.22044604925031E-16,-1.,-2.71926214689378E-32));
#4248=DIRECTION('center_axis',(0.994211071679923,2.20759204623261E-16,-0.107444613401784));
#4249=DIRECTION('ref_axis',(0.107444613401784,2.38574967341218E-17,0.994211071679923));
#4250=DIRECTION('',(-0.107444613401784,-2.38574967341218E-17,-0.994211071679923));
#4251=DIRECTION('',(-2.22044604925031E-16,1.,2.71926214689378E-32));
#4252=DIRECTION('',(2.22044604925031E-16,-1.,0.));
#4253=DIRECTION('center_axis',(-0.994329772877149,-2.20785561583703E-16,
-0.106340503901746));
#4254=DIRECTION('ref_axis',(0.106340503901746,2.3612335176392E-17,-0.994329772877149));
#4255=DIRECTION('',(2.22044604925031E-16,-1.,0.));
#4256=DIRECTION('',(2.22044604925031E-16,-1.,-2.71926214689378E-32));
#4257=DIRECTION('center_axis',(2.22044604925031E-16,-1.,0.));
#4258=DIRECTION('ref_axis',(1.,2.22044604925031E-16,0.));
#4259=DIRECTION('',(0.,0.,-1.));
#4260=DIRECTION('',(1.,2.22044604925031E-16,0.));
#4261=DIRECTION('',(-1.,-2.22044604925031E-16,1.22464679914735E-16));
#4262=DIRECTION('',(-1.,-2.22044604925031E-16,0.));
#4263=DIRECTION('center_axis',(0.,0.,1.));
#4264=DIRECTION('ref_axis',(0.,-1.,0.));
#4265=DIRECTION('',(0.,1.,0.));
#4266=DIRECTION('',(1.,0.,0.));
#4267=DIRECTION('',(0.,-1.,0.));
#4268=DIRECTION('',(0.,-1.,0.));
#4269=DIRECTION('',(1.,0.,0.));
#4270=DIRECTION('',(0.,1.,0.));
#4271=DIRECTION('center_axis',(1.,0.,0.));
#4272=DIRECTION('ref_axis',(0.,0.,-1.));
#4273=DIRECTION('',(0.,0.,1.));
#4274=DIRECTION('',(0.,-0.999967214955342,0.00809746963294273));
#4275=DIRECTION('',(0.,0.106340503901746,-0.994329772877149));
#4276=DIRECTION('',(0.,1.,0.));
#4277=DIRECTION('center_axis',(1.,0.,0.));
#4278=DIRECTION('ref_axis',(0.,0.,-1.));
#4279=DIRECTION('',(0.,1.,0.));
#4280=DIRECTION('',(0.,0.107444613401784,0.994211071679923));
#4281=DIRECTION('',(0.,1.,0.));
#4282=DIRECTION('',(0.,0.,-1.));
#4283=DIRECTION('center_axis',(1.,0.,0.));
#4284=DIRECTION('ref_axis',(0.,1.,0.));
#4285=DIRECTION('',(0.,0.,1.));
#4286=DIRECTION('',(0.,-1.,0.));
#4287=DIRECTION('',(0.,1.,0.));
#4288=DIRECTION('',(0.,-0.107444613401784,-0.994211071679923));
#4289=DIRECTION('',(0.,-1.,0.));
#4290=DIRECTION('center_axis',(1.,0.,0.));
#4291=DIRECTION('ref_axis',(0.,1.,0.));
#4292=DIRECTION('',(0.,-1.,0.));
#4293=DIRECTION('',(0.,-0.106340503901746,0.994329772877149));
#4294=DIRECTION('',(0.,0.,-1.));
#4295=DIRECTION('center_axis',(0.,0.,-1.));
#4296=DIRECTION('ref_axis',(0.,1.,0.));
#4297=DIRECTION('',(1.,0.,0.));
#4298=DIRECTION('',(1.,0.,0.));
#4299=DIRECTION('center_axis',(0.,1.,0.));
#4300=DIRECTION('ref_axis',(0.,0.,1.));
#4301=DIRECTION('center_axis',(0.,-1.,0.));
#4302=DIRECTION('ref_axis',(0.,0.,-1.));
#4303=DIRECTION('',(1.,0.,-1.22464679914735E-16));
#4304=DIRECTION('center_axis',(0.,0.,1.));
#4305=DIRECTION('ref_axis',(0.,-1.,0.));
#4306=DIRECTION('center_axis',(1.22464679914735E-16,0.,1.));
#4307=DIRECTION('ref_axis',(-1.,0.,1.22464679914735E-16));
#4308=DIRECTION('',(1.,0.,0.));
#4309=DIRECTION('center_axis',(0.,0.994211071679923,-0.107444613401784));
#4310=DIRECTION('ref_axis',(0.,0.107444613401784,0.994211071679923));
#4311=DIRECTION('',(-1.,1.32347854128988E-17,1.22464679914735E-16));
#4312=DIRECTION('center_axis',(0.,-0.994329772877149,-0.106340503901746));
#4313=DIRECTION('ref_axis',(0.,0.106340503901746,-0.994329772877149));
#4314=DIRECTION('',(1.,1.30972199842879E-17,-1.22464679914735E-16));
#4315=DIRECTION('center_axis',(-1.22464679914735E-16,0.,-1.));
#4316=DIRECTION('ref_axis',(-1.,0.,1.22464679914735E-16));
#4317=DIRECTION('center_axis',(1.22464679914735E-16,0.,1.));
#4318=DIRECTION('ref_axis',(-1.,0.,1.22464679914735E-16));
#4319=DIRECTION('center_axis',(1.22464679914735E-16,0.,1.));
#4320=DIRECTION('ref_axis',(-1.,0.,1.22464679914735E-16));
#4321=DIRECTION('center_axis',(1.22464679914735E-16,0.,1.));
#4322=DIRECTION('ref_axis',(-1.,0.,1.22464679914735E-16));
#4323=DIRECTION('',(-0.780868809443031,-0.624695047554423,9.56288488038412E-17));
#4324=DIRECTION('',(0.,1.,0.));
#4325=DIRECTION('',(-1.,0.,1.22464679914735E-16));
#4326=DIRECTION('',(-0.780868809443031,-0.624695047554423,9.56288488038412E-17));
#4327=DIRECTION('center_axis',(1.22464679914735E-16,0.,1.));
#4328=DIRECTION('ref_axis',(-1.,0.,1.22464679914735E-16));
#4329=DIRECTION('center_axis',(1.22464679914735E-16,0.,1.));
#4330=DIRECTION('ref_axis',(-1.,0.,1.22464679914735E-16));
#4331=DIRECTION('center_axis',(1.22464679914735E-16,0.,1.));
#4332=DIRECTION('ref_axis',(-1.,0.,1.22464679914735E-16));
#4333=DIRECTION('center_axis',(-1.22464679914735E-16,0.,-1.));
#4334=DIRECTION('ref_axis',(-1.,0.,1.22464679914735E-16));
#4335=DIRECTION('center_axis',(-1.22464679914735E-16,0.,-1.));
#4336=DIRECTION('ref_axis',(-1.,0.,1.22464679914735E-16));
#4337=DIRECTION('center_axis',(1.22464679914735E-16,0.,1.));
#4338=DIRECTION('ref_axis',(-1.,0.,1.22464679914735E-16));
#4339=DIRECTION('center_axis',(0.00809746963294273,1.79799944553921E-18,
0.999967214955342));
#4340=DIRECTION('ref_axis',(-0.999967214955342,-2.22037325182743E-16,0.00809746963294273));
#4341=DIRECTION('',(-2.22044604925035E-16,1.,2.71926214689382E-32));
#4342=DIRECTION('center_axis',(1.22464679914735E-16,0.,1.));
#4343=DIRECTION('ref_axis',(-1.,0.,1.22464679914735E-16));
#4344=DIRECTION('',(2.22044604925031E-16,-1.,0.));
#4345=DIRECTION('',(-0.999967214955342,-2.22037325182743E-16,0.00809746963294273));
#4346=DIRECTION('',(2.22044604925031E-16,-1.,0.));
#4347=DIRECTION('',(0.999967214955342,2.22037325182743E-16,-0.00809746963294273));
#4348=DIRECTION('center_axis',(0.,0.,1.));
#4349=DIRECTION('ref_axis',(-1.,-2.22044604925031E-16,0.));
#4350=DIRECTION('center_axis',(1.22464679914735E-16,0.,1.));
#4351=DIRECTION('ref_axis',(-1.,0.,1.22464679914735E-16));
#4352=DIRECTION('',(2.22044604925031E-16,-1.,0.));
#4353=DIRECTION('',(1.,2.22044604925031E-16,0.));
#4354=DIRECTION('center_axis',(0.,0.,1.));
#4355=DIRECTION('ref_axis',(0.,-1.,0.));
#4356=DIRECTION('center_axis',(1.22464679914735E-16,0.,1.));
#4357=DIRECTION('ref_axis',(-1.,0.,1.22464679914735E-16));
#4358=DIRECTION('',(1.,0.,0.));
#4359=DIRECTION('',(0.,1.,0.));
#4360=DIRECTION('center_axis',(0.,0.00809746963294273,0.999967214955342));
#4361=DIRECTION('ref_axis',(0.,-0.999967214955342,0.00809746963294273));
#4362=DIRECTION('center_axis',(1.22464679914735E-16,0.,1.));
#4363=DIRECTION('ref_axis',(-1.,0.,1.22464679914735E-16));
#4364=DIRECTION('center_axis',(1.22464679914735E-16,0.,1.));
#4365=DIRECTION('ref_axis',(-1.,0.,1.22464679914735E-16));
#4366=DIRECTION('',(1.,0.,0.));
#4367=DIRECTION('',(0.,-0.999967214955342,0.00809746963294273));
#4368=DIRECTION('center_axis',(2.22044604925031E-16,-1.,0.));
#4369=DIRECTION('ref_axis',(0.,0.,-1.));
#4370=DIRECTION('',(0.,0.,-1.));
#4371=DIRECTION('',(-1.,-2.22044604925031E-16,0.));
#4372=DIRECTION('',(0.,0.,1.));
#4373=DIRECTION('',(0.106340503901746,2.3612335176392E-17,-0.994329772877149));
#4374=DIRECTION('',(1.,2.22044604925031E-16,0.));
#4375=DIRECTION('center_axis',(2.22044604925031E-16,-1.,0.));
#4376=DIRECTION('ref_axis',(0.,0.,-1.));
#4377=DIRECTION('',(0.,0.,1.));
#4378=DIRECTION('',(1.,2.22044604925031E-16,0.));
#4379=DIRECTION('',(0.107444613401784,2.38574967341218E-17,0.994211071679923));
#4380=DIRECTION('',(-1.,-2.22044604925031E-16,0.));
#4381=DIRECTION('',(1.,2.22044604925031E-16,-1.22464679914735E-16));
#4382=DIRECTION('',(0.,0.,-1.));
#4383=DIRECTION('',(-1.,-2.22044604925031E-16,0.));
#4384=DIRECTION('center_axis',(2.22044604925031E-16,-1.,0.));
#4385=DIRECTION('ref_axis',(1.,2.22044604925031E-16,0.));
#4386=DIRECTION('',(0.,0.,1.));
#4387=DIRECTION('',(-1.,-2.22044604925031E-16,0.));
#4388=DIRECTION('',(-0.106340503901746,-2.3612335176392E-17,0.994329772877149));
#4389=DIRECTION('',(0.999967214955342,2.22037325182743E-16,-0.00809746963294273));
#4390=DIRECTION('',(0.,0.,-1.));
#4391=DIRECTION('',(1.,2.22044604925031E-16,0.));
#4392=DIRECTION('center_axis',(1.,2.22044604925031E-16,0.));
#4393=DIRECTION('ref_axis',(0.,0.,1.));
#4394=DIRECTION('',(2.22044604925031E-16,-1.,0.));
#4395=DIRECTION('center_axis',(-1.,-2.22044604925031E-16,0.));
#4396=DIRECTION('ref_axis',(0.,0.,-1.));
#4397=DIRECTION('',(0.,0.,1.));
#4398=DIRECTION('',(2.22044604925031E-16,-1.,0.));
#4399=DIRECTION('',(2.22044604925031E-16,-1.,-2.71926214689378E-32));
#4400=DIRECTION('center_axis',(0.,0.,1.));
#4401=DIRECTION('ref_axis',(-1.,-2.22044604925031E-16,0.));
#4402=DIRECTION('center_axis',(1.22464679914735E-16,0.,1.));
#4403=DIRECTION('ref_axis',(-1.,0.,1.22464679914735E-16));
#4404=DIRECTION('',(2.22044604925031E-16,-1.,0.));
#4405=DIRECTION('center_axis',(0.994211071679923,2.20759204623261E-16,-0.107444613401784));
#4406=DIRECTION('ref_axis',(0.107444613401784,2.38574967341218E-17,0.994211071679923));
#4407=DIRECTION('',(-0.107444613401784,-2.38574967341218E-17,-0.994211071679923));
#4408=DIRECTION('',(-2.22044604925031E-16,1.,2.71926214689378E-32));
#4409=DIRECTION('',(2.22044604925031E-16,-1.,0.));
#4410=DIRECTION('center_axis',(-0.994329772877149,-2.20785561583703E-16,
-0.106340503901746));
#4411=DIRECTION('ref_axis',(0.106340503901746,2.3612335176392E-17,-0.994329772877149));
#4412=DIRECTION('',(2.22044604925031E-16,-1.,0.));
#4413=DIRECTION('',(2.22044604925031E-16,-1.,-2.71926214689378E-32));
#4414=DIRECTION('center_axis',(2.22044604925031E-16,-1.,0.));
#4415=DIRECTION('ref_axis',(1.,2.22044604925031E-16,0.));
#4416=DIRECTION('',(0.,0.,-1.));
#4417=DIRECTION('',(1.,2.22044604925031E-16,0.));
#4418=DIRECTION('',(-1.,-2.22044604925031E-16,1.22464679914735E-16));
#4419=DIRECTION('',(-1.,-2.22044604925031E-16,0.));
#4420=DIRECTION('center_axis',(0.,0.,1.));
#4421=DIRECTION('ref_axis',(0.,-1.,0.));
#4422=DIRECTION('',(0.,1.,0.));
#4423=DIRECTION('',(1.,0.,0.));
#4424=DIRECTION('',(0.,-1.,0.));
#4425=DIRECTION('',(0.,-1.,0.));
#4426=DIRECTION('',(1.,0.,0.));
#4427=DIRECTION('',(0.,1.,0.));
#4428=DIRECTION('center_axis',(1.,0.,0.));
#4429=DIRECTION('ref_axis',(0.,0.,-1.));
#4430=DIRECTION('',(0.,0.,1.));
#4431=DIRECTION('',(0.,-0.999967214955342,0.00809746963294273));
#4432=DIRECTION('',(0.,0.106340503901746,-0.994329772877149));
#4433=DIRECTION('',(0.,1.,0.));
#4434=DIRECTION('center_axis',(1.,0.,0.));
#4435=DIRECTION('ref_axis',(0.,0.,-1.));
#4436=DIRECTION('',(0.,1.,0.));
#4437=DIRECTION('',(0.,0.107444613401784,0.994211071679923));
#4438=DIRECTION('',(0.,-1.,0.));
#4439=DIRECTION('',(0.,1.,0.));
#4440=DIRECTION('',(0.,0.,-1.));
#4441=DIRECTION('center_axis',(1.,0.,0.));
#4442=DIRECTION('ref_axis',(0.,1.,0.));
#4443=DIRECTION('',(0.,0.,1.));
#4444=DIRECTION('',(0.,-1.,0.));
#4445=DIRECTION('',(0.,-0.107444613401784,-0.994211071679923));
#4446=DIRECTION('',(0.,-1.,0.));
#4447=DIRECTION('center_axis',(1.,0.,0.));
#4448=DIRECTION('ref_axis',(0.,1.,0.));
#4449=DIRECTION('',(0.,-1.,0.));
#4450=DIRECTION('',(0.,-0.106340503901746,0.994329772877149));
#4451=DIRECTION('',(0.,0.999967214955342,-0.00809746963294273));
#4452=DIRECTION('',(0.,0.,-1.));
#4453=DIRECTION('center_axis',(0.,0.,-1.));
#4454=DIRECTION('ref_axis',(0.,1.,0.));
#4455=DIRECTION('',(1.,0.,0.));
#4456=DIRECTION('',(1.,0.,0.));
#4457=DIRECTION('center_axis',(0.,0.00809746963294273,0.999967214955342));
#4458=DIRECTION('ref_axis',(0.,-0.999967214955342,0.00809746963294273));
#4459=DIRECTION('',(1.,0.,0.));
#4460=DIRECTION('',(1.,0.,0.));
#4461=DIRECTION('center_axis',(1.22464679914735E-16,0.,1.));
#4462=DIRECTION('ref_axis',(-1.,0.,1.22464679914735E-16));
#4463=DIRECTION('',(-1.,-1.51233249960619E-14,1.22464679914735E-16));
#4464=DIRECTION('center_axis',(0.,1.,0.));
#4465=DIRECTION('ref_axis',(0.,0.,1.));
#4466=DIRECTION('center_axis',(0.,-1.,0.));
#4467=DIRECTION('ref_axis',(0.,0.,-1.));
#4468=DIRECTION('',(1.,0.,-1.22464679914735E-16));
#4469=DIRECTION('center_axis',(0.,0.,1.));
#4470=DIRECTION('ref_axis',(0.,-1.,0.));
#4471=DIRECTION('center_axis',(1.22464679914735E-16,0.,1.));
#4472=DIRECTION('ref_axis',(-1.,0.,1.22464679914735E-16));
#4473=DIRECTION('',(1.,0.,0.));
#4474=DIRECTION('center_axis',(0.,0.994211071679923,-0.107444613401784));
#4475=DIRECTION('ref_axis',(0.,0.107444613401784,0.994211071679923));
#4476=DIRECTION('',(-1.,1.32347854128988E-17,1.22464679914735E-16));
#4477=DIRECTION('center_axis',(0.,-0.994329772877149,-0.106340503901746));
#4478=DIRECTION('ref_axis',(0.,0.106340503901746,-0.994329772877149));
#4479=DIRECTION('',(1.,1.30972199842879E-17,-1.22464679914735E-16));
#4480=DIRECTION('center_axis',(-1.22464679914735E-16,0.,-1.));
#4481=DIRECTION('ref_axis',(-1.,0.,1.22464679914735E-16));
#4482=DIRECTION('center_axis',(1.22464679914735E-16,0.,1.));
#4483=DIRECTION('ref_axis',(-1.,0.,1.22464679914735E-16));
#4484=DIRECTION('center_axis',(-1.22464679914735E-16,0.,-1.));
#4485=DIRECTION('ref_axis',(-1.,0.,1.22464679914735E-16));
#4486=DIRECTION('center_axis',(1.22464679914735E-16,0.,1.));
#4487=DIRECTION('ref_axis',(-1.,0.,1.22464679914735E-16));
#4488=DIRECTION('center_axis',(-1.22464679914735E-16,0.,-1.));
#4489=DIRECTION('ref_axis',(-1.,0.,1.22464679914735E-16));
#4490=DIRECTION('center_axis',(1.22464679914735E-16,0.,1.));
#4491=DIRECTION('ref_axis',(-1.,0.,1.22464679914735E-16));
#4492=DIRECTION('center_axis',(-1.22464679914735E-16,0.,-1.));
#4493=DIRECTION('ref_axis',(-1.,0.,1.22464679914735E-16));
#4494=DIRECTION('center_axis',(1.22464679914735E-16,0.,1.));
#4495=DIRECTION('ref_axis',(-1.,0.,1.22464679914735E-16));
#4496=DIRECTION('center_axis',(1.22464679914735E-16,0.,1.));
#4497=DIRECTION('ref_axis',(-1.,0.,1.22464679914735E-16));
#4498=DIRECTION('',(0.780868809443031,-0.624695047554423,-9.56288488038412E-17));
#4499=DIRECTION('',(-1.,0.,1.22464679914735E-16));
#4500=DIRECTION('',(0.,-1.,0.));
#4501=DIRECTION('',(-0.780868809443031,0.624695047554423,9.56288488038412E-17));
#4502=DIRECTION('center_axis',(1.22464679914735E-16,0.,1.));
#4503=DIRECTION('ref_axis',(-1.,0.,1.22464679914735E-16));
#4504=DIRECTION('center_axis',(1.22464679914735E-16,0.,1.));
#4505=DIRECTION('ref_axis',(-1.,0.,1.22464679914735E-16));
#4506=DIRECTION('center_axis',(1.22464679914735E-16,0.,1.));
#4507=DIRECTION('ref_axis',(-1.,0.,1.22464679914735E-16));
#4508=DIRECTION('center_axis',(1.22464679914735E-16,0.,1.));
#4509=DIRECTION('ref_axis',(-1.,0.,1.22464679914735E-16));
#4510=DIRECTION('center_axis',(1.22464679914735E-16,0.,1.));
#4511=DIRECTION('ref_axis',(-1.,0.,1.22464679914735E-16));
#4512=DIRECTION('center_axis',(1.22464679914735E-16,0.,1.));
#4513=DIRECTION('ref_axis',(-1.,0.,1.22464679914735E-16));
#4514=DIRECTION('center_axis',(-1.22464679914735E-16,0.,-1.));
#4515=DIRECTION('ref_axis',(-1.,0.,1.22464679914735E-16));
#4516=DIRECTION('center_axis',(0.,-1.,0.));
#4517=DIRECTION('ref_axis',(0.,0.,1.));
#4518=DIRECTION('',(0.,0.,-1.));
#4519=DIRECTION('',(-1.,0.,0.));
#4520=DIRECTION('',(0.,0.,1.));
#4521=DIRECTION('',(-1.,0.,0.));
#4522=DIRECTION('center_axis',(-1.,0.,0.));
#4523=DIRECTION('ref_axis',(0.,-1.,2.22044604925031E-15));
#4524=DIRECTION('center_axis',(1.,0.,0.));
#4525=DIRECTION('ref_axis',(0.,-1.,2.22044604925031E-15));
#4526=DIRECTION('center_axis',(-1.,0.,0.));
#4527=DIRECTION('ref_axis',(0.,-1.,2.22044604925031E-15));
#4528=DIRECTION('',(-1.,0.,0.));
#4529=DIRECTION('center_axis',(0.,0.,-1.));
#4530=DIRECTION('ref_axis',(0.,-1.,0.));
#4531=DIRECTION('',(0.,1.,0.));
#4532=DIRECTION('',(0.,-1.,0.));
#4533=DIRECTION('',(-1.,0.,0.));
#4534=DIRECTION('center_axis',(-1.,0.,0.));
#4535=DIRECTION('ref_axis',(0.,0.,-1.));
#4536=DIRECTION('center_axis',(1.,0.,0.));
#4537=DIRECTION('ref_axis',(0.,0.,-1.));
#4538=DIRECTION('center_axis',(-1.,0.,0.));
#4539=DIRECTION('ref_axis',(0.,0.,-1.));
#4540=DIRECTION('',(-1.,0.,0.));
#4541=DIRECTION('center_axis',(0.,1.,0.));
#4542=DIRECTION('ref_axis',(0.,0.,-1.));
#4543=DIRECTION('',(0.,0.,1.));
#4544=DIRECTION('',(0.,0.,-1.));
#4545=DIRECTION('',(-1.,0.,0.));
#4546=DIRECTION('center_axis',(-1.,0.,0.));
#4547=DIRECTION('ref_axis',(0.,1.,-2.22044604925031E-15));
#4548=DIRECTION('center_axis',(1.,0.,0.));
#4549=DIRECTION('ref_axis',(0.,1.,-2.22044604925031E-15));
#4550=DIRECTION('center_axis',(-1.,0.,0.));
#4551=DIRECTION('ref_axis',(0.,1.,-2.22044604925031E-15));
#4552=DIRECTION('',(-1.,0.,0.));
#4553=DIRECTION('center_axis',(0.,0.,1.));
#4554=DIRECTION('ref_axis',(0.,1.,0.));
#4555=DIRECTION('',(0.,-1.,0.));
#4556=DIRECTION('',(0.,1.,0.));
#4557=DIRECTION('',(-1.,0.,0.));
#4558=DIRECTION('center_axis',(-1.,0.,0.));
#4559=DIRECTION('ref_axis',(0.,-2.22044604925031E-15,1.));
#4560=DIRECTION('center_axis',(1.,0.,0.));
#4561=DIRECTION('ref_axis',(0.,-2.22044604925031E-15,1.));
#4562=DIRECTION('center_axis',(-1.,0.,0.));
#4563=DIRECTION('ref_axis',(0.,-2.22044604925031E-15,1.));
#4564=DIRECTION('center_axis',(-0.624695047554423,0.780868809443031,7.65030790430728E-17));
#4565=DIRECTION('ref_axis',(0.780868809443031,0.624695047554423,-9.56288488038412E-17));
#4566=DIRECTION('',(0.,-9.7971743931788E-17,1.));
#4567=DIRECTION('',(0.780868809443031,0.624695047554423,-9.56288488038412E-17));
#4568=DIRECTION('',(-1.22464679914735E-16,0.,-1.));
#4569=DIRECTION('',(-0.780868809443031,-0.624695047554423,9.56288488038412E-17));
#4570=DIRECTION('center_axis',(0.780868809443031,0.624695047554423,-9.56288488038413E-17));
#4571=DIRECTION('ref_axis',(-0.441726104299385,0.552157630374233,-0.707106781186547));
#4572=DIRECTION('center_axis',(1.,0.,0.));
#4573=DIRECTION('ref_axis',(0.,1.,3.25101949295733E-16));
#4574=DIRECTION('',(-0.780868809443031,-0.624695047554423,9.56288488038412E-17));
#4575=DIRECTION('center_axis',(-0.624695047554423,0.780868809443031,7.65030790430728E-17));
#4576=DIRECTION('ref_axis',(-0.780868809443031,-0.624695047554423,9.56288488038412E-17));
#4577=DIRECTION('',(0.,9.7971743931788E-17,-1.));
#4578=DIRECTION('',(1.22464679914735E-16,0.,1.));
#4579=DIRECTION('center_axis',(-0.780868809443031,-0.624695047554423,9.56288488038413E-17));
#4580=DIRECTION('ref_axis',(0.441726104299384,-0.552157630374234,0.707106781186548));
#4581=DIRECTION('center_axis',(0.,1.,0.));
#4582=DIRECTION('ref_axis',(1.,3.0650905723197E-17,-4.76816192300407E-16));
#4583=DIRECTION('',(-0.780868809443031,-0.624695047554423,9.56288488038412E-17));
#4584=DIRECTION('',(0.780868809443031,0.624695047554423,-9.56288488038412E-17));
#4585=DIRECTION('center_axis',(0.624695047554423,-0.780868809443031,-7.65030790430728E-17));
#4586=DIRECTION('ref_axis',(0.780868809443031,0.624695047554423,-9.56288488038412E-17));
#4587=DIRECTION('',(1.22464679914735E-16,0.,1.));
#4588=DIRECTION('',(0.780868809443031,0.624695047554423,-9.56288488038412E-17));
#4589=DIRECTION('',(1.22464679914735E-16,0.,1.));
#4590=DIRECTION('center_axis',(-0.780868809443031,-0.624695047554423,9.56288488038413E-17));
#4591=DIRECTION('ref_axis',(0.441726104299385,-0.552157630374234,-0.707106781186548));
#4592=DIRECTION('center_axis',(0.,1.,0.));
#4593=DIRECTION('ref_axis',(1.,3.06509057231969E-17,-2.60081559436585E-16));
#4594=DIRECTION('',(-0.780868809443031,-0.624695047554423,9.56288488038412E-17));
#4595=DIRECTION('center_axis',(-1.22464679914735E-16,0.,-1.));
#4596=DIRECTION('ref_axis',(-1.,0.,1.22464679914735E-16));
#4597=DIRECTION('',(1.,0.,-1.22464679914735E-16));
#4598=DIRECTION('',(0.,-1.,0.));
#4599=DIRECTION('',(0.780868809443031,0.624695047554423,-9.56288488038412E-17));
#4600=DIRECTION('center_axis',(-1.22464679914735E-16,0.,-1.));
#4601=DIRECTION('ref_axis',(-1.,0.,1.22464679914735E-16));
#4602=DIRECTION('center_axis',(1.22464679914735E-16,0.,1.));
#4603=DIRECTION('ref_axis',(-1.,0.,1.22464679914735E-16));
#4604=DIRECTION('center_axis',(-0.780868809443031,-0.624695047554423,9.56288488038413E-17));
#4605=DIRECTION('ref_axis',(-0.441726104299386,0.552157630374233,0.707106781186547));
#4606=DIRECTION('center_axis',(1.,0.,0.));
#4607=DIRECTION('ref_axis',(0.,1.,-2.16734632863822E-16));
#4608=DIRECTION('center_axis',(1.22464679914735E-16,0.,1.));
#4609=DIRECTION('ref_axis',(-1.,0.,1.22464679914735E-16));
#4610=DIRECTION('center_axis',(1.22464679914735E-16,0.,1.));
#4611=DIRECTION('ref_axis',(-1.,0.,1.22464679914735E-16));
#4612=DIRECTION('center_axis',(-1.22464679914735E-16,0.,-1.));
#4613=DIRECTION('ref_axis',(-0.722448316950696,-0.691424926752794,8.84744018903063E-17));
#4614=DIRECTION('',(-1.22464679914735E-16,0.,-1.));
#4615=DIRECTION('center_axis',(0.624695047554423,-0.780868809443031,-7.65030790430728E-17));
#4616=DIRECTION('ref_axis',(-0.780868809443031,-0.624695047554423,9.56288488038412E-17));
#4617=DIRECTION('',(-1.22464679914735E-16,0.,-1.));
#4618=DIRECTION('center_axis',(-1.22464679914735E-16,0.,-1.));
#4619=DIRECTION('ref_axis',(-1.,0.,1.22464679914735E-16));
#4620=DIRECTION('',(1.22464679914735E-16,0.,1.));
#4621=DIRECTION('center_axis',(-1.,0.,0.));
#4622=DIRECTION('ref_axis',(0.,-1.,0.));
#4623=DIRECTION('',(0.,0.,1.));
#4624=DIRECTION('',(0.,-1.,0.));
#4625=DIRECTION('',(0.,0.,1.));
#4626=DIRECTION('',(0.,-1.,0.));
#4627=DIRECTION('center_axis',(1.,0.,0.));
#4628=DIRECTION('ref_axis',(0.,-1.,-3.25101949295733E-16));
#4629=DIRECTION('',(0.,-9.7971743931788E-17,-1.));
#4630=DIRECTION('center_axis',(1.,0.,0.));
#4631=DIRECTION('ref_axis',(0.,-1.,2.16734632863822E-16));
#4632=DIRECTION('',(0.,9.7971743931788E-17,1.));
#4633=DIRECTION('',(0.,0.,1.));
#4634=DIRECTION('',(0.,1.,0.));
#4635=DIRECTION('',(0.,0.,1.));
#4636=DIRECTION('center_axis',(0.,-1.,0.));
#4637=DIRECTION('ref_axis',(1.,0.,0.));
#4638=DIRECTION('',(-1.,0.,0.));
#4639=DIRECTION('',(0.,0.,1.));
#4640=DIRECTION('',(-1.22464679914735E-16,0.,-1.));
#4641=DIRECTION('center_axis',(0.,1.,0.));
#4642=DIRECTION('ref_axis',(-1.,0.,2.60081559436585E-16));
#4643=DIRECTION('',(1.22464679914735E-16,0.,1.));
#4644=DIRECTION('center_axis',(0.,1.,0.));
#4645=DIRECTION('ref_axis',(-1.,0.,0.));
#4646=DIRECTION('',(1.,0.,-1.22464679914735E-16));
#4647=DIRECTION('',(0.,0.,1.));
#4648=DIRECTION('',(1.,0.,0.));
#4649=DIRECTION('center_axis',(0.624695047554423,0.780868809443031,-7.65030790430728E-17));
#4650=DIRECTION('ref_axis',(0.780868809443031,-0.624695047554423,-9.56288488038412E-17));
#4651=DIRECTION('',(1.22464679914735E-16,0.,1.));
#4652=DIRECTION('',(0.780868809443031,-0.624695047554423,-9.56288488038412E-17));
#4653=DIRECTION('',(-1.22464679914735E-16,0.,-1.));
#4654=DIRECTION('',(-0.780868809443031,0.624695047554423,9.56288488038412E-17));
#4655=DIRECTION('center_axis',(0.780868809443031,-0.624695047554423,-9.56288488038412E-17));
#4656=DIRECTION('ref_axis',(0.441726104299385,0.552157630374233,-0.707106781186548));
#4657=DIRECTION('center_axis',(0.,-1.,0.));
#4658=DIRECTION('ref_axis',(1.,0.,-1.73387706291057E-16));
#4659=DIRECTION('',(-0.780868809443031,0.624695047554423,9.56288488038412E-17));
#4660=DIRECTION('center_axis',(0.624695047554423,0.780868809443031,-7.65030790430728E-17));
#4661=DIRECTION('ref_axis',(-0.780868809443031,0.624695047554423,9.56288488038412E-17));
#4662=DIRECTION('',(-1.22464679914735E-16,0.,-1.));
#4663=DIRECTION('',(1.22464679914735E-16,0.,1.));
#4664=DIRECTION('center_axis',(-0.780868809443031,0.624695047554423,9.56288488038413E-17));
#4665=DIRECTION('ref_axis',(-0.441726104299385,-0.552157630374233,0.707106781186547));
#4666=DIRECTION('',(-0.780868809443031,0.624695047554423,9.56288488038412E-17));
#4667=DIRECTION('',(0.780868809443031,-0.624695047554423,-9.56288488038412E-17));
#4668=DIRECTION('center_axis',(-0.624695047554423,-0.780868809443031,7.65030790430728E-17));
#4669=DIRECTION('ref_axis',(0.780868809443031,-0.624695047554423,-9.56288488038412E-17));
#4670=DIRECTION('',(0.780868809443031,-0.624695047554423,-9.56288488038412E-17));
#4671=DIRECTION('',(1.22464679914735E-16,0.,1.));
#4672=DIRECTION('center_axis',(-0.624695047554423,-0.780868809443031,7.65030790430728E-17));
#4673=DIRECTION('ref_axis',(-0.780868809443031,0.624695047554423,9.56288488038412E-17));
#4674=DIRECTION('',(-1.22464679914735E-16,0.,-1.));
#4675=DIRECTION('',(-0.780868809443031,0.624695047554423,9.56288488038412E-17));
#4676=DIRECTION('center_axis',(-1.22464679914735E-16,0.,-1.));
#4677=DIRECTION('ref_axis',(-1.,0.,1.22464679914735E-16));
#4678=DIRECTION('',(-1.,0.,1.22464679914735E-16));
#4679=DIRECTION('',(0.780868809443031,-0.624695047554423,-9.56288488038412E-17));
#4680=DIRECTION('center_axis',(-1.22464679914735E-16,0.,-1.));
#4681=DIRECTION('ref_axis',(-1.,0.,1.22464679914735E-16));
#4682=DIRECTION('center_axis',(1.22464679914735E-16,0.,1.));
#4683=DIRECTION('ref_axis',(-1.,0.,1.22464679914735E-16));
#4684=DIRECTION('center_axis',(-0.780868809443031,0.624695047554423,9.56288488038413E-17));
#4685=DIRECTION('ref_axis',(-0.441726104299386,-0.552157630374233,-0.707106781186547));
#4686=DIRECTION('center_axis',(1.22464679914735E-16,0.,1.));
#4687=DIRECTION('ref_axis',(-1.,0.,1.22464679914735E-16));
#4688=DIRECTION('center_axis',(1.22464679914735E-16,0.,1.));
#4689=DIRECTION('ref_axis',(-1.,0.,1.22464679914735E-16));
#4690=DIRECTION('center_axis',(-1.22464679914735E-16,0.,-1.));
#4691=DIRECTION('ref_axis',(-0.722448316950696,0.691424926752794,8.84744018903062E-17));
#4692=DIRECTION('center_axis',(-0.780868809443031,0.624695047554423,9.56288488038412E-17));
#4693=DIRECTION('ref_axis',(0.441726104299386,0.552157630374233,0.707106781186548));
#4694=DIRECTION('center_axis',(0.,-1.,0.));
#4695=DIRECTION('ref_axis',(1.,-3.0650905723197E-17,-1.73387706291057E-16));
#4696=DIRECTION('center_axis',(-1.22464679914735E-16,0.,-1.));
#4697=DIRECTION('ref_axis',(-1.,0.,1.22464679914735E-16));
#4698=DIRECTION('',(1.22464679914735E-16,0.,1.));
#4699=DIRECTION('center_axis',(0.,1.,0.));
#4700=DIRECTION('ref_axis',(-1.,0.,0.));
#4701=DIRECTION('',(-1.,0.,0.));
#4702=DIRECTION('',(0.,0.,1.));
#4703=DIRECTION('',(-1.,0.,1.22464679914735E-16));
#4704=DIRECTION('center_axis',(0.,-1.,0.));
#4705=DIRECTION('ref_axis',(-1.,0.,1.73387706291057E-16));
#4706=DIRECTION('',(-1.22464679914735E-16,0.,-1.));
#4707=DIRECTION('center_axis',(0.,-1.,0.));
#4708=DIRECTION('ref_axis',(-1.,0.,2.16734632863821E-16));
#4709=DIRECTION('',(1.22464679914735E-16,0.,1.));
#4710=DIRECTION('',(0.,0.,1.));
#4711=DIRECTION('',(1.,0.,0.));
#4712=DIRECTION('center_axis',(0.780868809443031,-0.624695047554423,-9.56288488038413E-17));
#4713=DIRECTION('ref_axis',(0.441726104299385,0.552157630374234,-0.707106781186548));
#4714=DIRECTION('center_axis',(-1.,0.,0.));
#4715=DIRECTION('ref_axis',(0.,1.,3.25101949295733E-16));
#4716=DIRECTION('',(0.780868809443031,-0.624695047554423,-9.56288488038412E-17));
#4717=DIRECTION('',(-0.780868809443031,0.624695047554423,9.56288488038412E-17));
#4718=DIRECTION('center_axis',(0.624695047554423,0.780868809443031,-7.65030790430728E-17));
#4719=DIRECTION('ref_axis',(0.780868809443031,-0.624695047554423,-9.56288488038412E-17));
#4720=DIRECTION('',(0.,-9.7971743931788E-17,-1.));
#4721=DIRECTION('',(-0.780868809443031,0.624695047554423,9.56288488038412E-17));
#4722=DIRECTION('',(-1.22464679914735E-16,0.,-1.));
#4723=DIRECTION('center_axis',(0.780868809443031,-0.624695047554423,-9.56288488038413E-17));
#4724=DIRECTION('ref_axis',(0.441726104299385,0.552157630374234,0.707106781186548));
#4725=DIRECTION('center_axis',(-1.,0.,0.));
#4726=DIRECTION('ref_axis',(0.,1.,-5.9602024037551E-16));
#4727=DIRECTION('',(0.780868809443031,-0.624695047554423,-9.56288488038412E-17));
#4728=DIRECTION('center_axis',(-0.624695047554423,-0.780868809443031,7.65030790430728E-17));
#4729=DIRECTION('ref_axis',(0.780868809443031,-0.624695047554423,-9.56288488038412E-17));
#4730=DIRECTION('',(1.22464679914735E-16,0.,1.));
#4731=DIRECTION('',(0.780868809443031,-0.624695047554423,-9.56288488038412E-17));
#4732=DIRECTION('center_axis',(0.780868809443031,-0.624695047554423,-9.56288488038413E-17));
#4733=DIRECTION('ref_axis',(-0.441726104299386,-0.552157630374233,0.707106781186547));
#4734=DIRECTION('',(0.780868809443031,-0.624695047554423,-9.56288488038412E-17));
#4735=DIRECTION('',(-0.780868809443031,0.624695047554423,9.56288488038412E-17));
#4736=DIRECTION('center_axis',(0.624695047554423,0.780868809443031,-7.65030790430728E-17));
#4737=DIRECTION('ref_axis',(-0.780868809443031,0.624695047554423,9.56288488038412E-17));
#4738=DIRECTION('',(0.,9.7971743931788E-17,1.));
#4739=DIRECTION('',(1.22464679914735E-16,0.,1.));
#4740=DIRECTION('center_axis',(-1.22464679914735E-16,0.,-1.));
#4741=DIRECTION('ref_axis',(-1.,0.,1.22464679914735E-16));
#4742=DIRECTION('',(1.22464679914735E-16,0.,1.));
#4743=DIRECTION('center_axis',(1.22464679914735E-16,0.,1.));
#4744=DIRECTION('ref_axis',(-1.,0.,1.22464679914735E-16));
#4745=DIRECTION('center_axis',(-0.624695047554423,-0.780868809443031,7.65030790430728E-17));
#4746=DIRECTION('ref_axis',(-0.780868809443031,0.624695047554423,9.56288488038412E-17));
#4747=DIRECTION('',(-0.780868809443031,0.624695047554423,9.56288488038412E-17));
#4748=DIRECTION('',(-1.22464679914735E-16,0.,-1.));
#4749=DIRECTION('center_axis',(-0.780868809443031,0.624695047554423,9.56288488038413E-17));
#4750=DIRECTION('ref_axis',(-0.441726104299386,-0.552157630374233,-0.707106781186547));
#4751=DIRECTION('center_axis',(-1.22464679914735E-16,0.,-1.));
#4752=DIRECTION('ref_axis',(0.722448316950697,-0.691424926752793,-8.84744018903063E-17));
#4753=DIRECTION('center_axis',(-1.22464679914735E-16,0.,-1.));
#4754=DIRECTION('ref_axis',(-1.,0.,1.22464679914735E-16));
#4755=DIRECTION('center_axis',(1.22464679914735E-16,0.,1.));
#4756=DIRECTION('ref_axis',(-1.,0.,1.22464679914735E-16));
#4757=DIRECTION('center_axis',(1.22464679914735E-16,0.,1.));
#4758=DIRECTION('ref_axis',(-1.,0.,1.22464679914735E-16));
#4759=DIRECTION('center_axis',(-1.22464679914735E-16,0.,-1.));
#4760=DIRECTION('ref_axis',(-1.,0.,1.22464679914735E-16));
#4761=DIRECTION('',(0.,1.,0.));
#4762=DIRECTION('center_axis',(1.,0.,0.));
#4763=DIRECTION('ref_axis',(0.,1.,0.));
#4764=DIRECTION('',(0.,-1.,0.));
#4765=DIRECTION('',(0.,9.7971743931788E-17,-1.));
#4766=DIRECTION('center_axis',(-1.,0.,0.));
#4767=DIRECTION('ref_axis',(0.,-1.,5.41836582159554E-17));
#4768=DIRECTION('',(0.,-9.7971743931788E-17,1.));
#4769=DIRECTION('center_axis',(-1.,0.,0.));
#4770=DIRECTION('ref_axis',(0.,-1.,-2.16734632863822E-16));
#4771=DIRECTION('',(0.,1.,0.));
#4772=DIRECTION('',(0.,1.,0.));
#4773=DIRECTION('center_axis',(-0.780868809443031,-0.624695047554423,9.56288488038413E-17));
#4774=DIRECTION('ref_axis',(0.441726104299386,-0.552157630374234,-0.707106781186547));
#4775=DIRECTION('',(0.780868809443031,0.624695047554423,-9.56288488038413E-17));
#4776=DIRECTION('',(-0.780868809443031,-0.624695047554423,9.56288488038412E-17));
#4777=DIRECTION('center_axis',(0.624695047554423,-0.780868809443031,-7.65030790430728E-17));
#4778=DIRECTION('ref_axis',(0.780868809443031,0.624695047554423,-9.56288488038413E-17));
#4779=DIRECTION('',(1.22464679914735E-16,0.,1.));
#4780=DIRECTION('center_axis',(0.780868809443031,0.624695047554423,-9.56288488038412E-17));
#4781=DIRECTION('ref_axis',(-0.441726104299386,0.552157630374233,-0.707106781186547));
#4782=DIRECTION('',(0.780868809443031,0.624695047554423,-9.56288488038412E-17));
#4783=DIRECTION('',(-0.780868809443031,-0.624695047554423,9.56288488038412E-17));
#4784=DIRECTION('center_axis',(-0.624695047554423,0.780868809443031,7.65030790430728E-17));
#4785=DIRECTION('ref_axis',(0.780868809443031,0.624695047554423,-9.56288488038412E-17));
#4786=DIRECTION('',(-0.780868809443031,-0.624695047554423,9.56288488038412E-17));
#4787=DIRECTION('',(-1.22464679914735E-16,0.,-1.));
#4788=DIRECTION('center_axis',(0.780868809443031,0.624695047554423,-9.56288488038412E-17));
#4789=DIRECTION('ref_axis',(-0.441726104299386,0.552157630374234,0.707106781186547));
#4790=DIRECTION('',(0.780868809443031,0.624695047554423,-9.56288488038412E-17));
#4791=DIRECTION('center_axis',(-1.22464679914735E-16,0.,-1.));
#4792=DIRECTION('ref_axis',(-1.,0.,1.22464679914735E-16));
#4793=DIRECTION('',(1.22464679914735E-16,0.,1.));
#4794=DIRECTION('center_axis',(1.22464679914735E-16,0.,1.));
#4795=DIRECTION('ref_axis',(-1.,0.,1.22464679914735E-16));
#4796=DIRECTION('center_axis',(0.780868809443031,0.624695047554423,-9.56288488038413E-17));
#4797=DIRECTION('ref_axis',(0.441726104299386,-0.552157630374234,0.707106781186547));
#4798=DIRECTION('',(0.780868809443031,0.624695047554423,-9.56288488038412E-17));
#4799=DIRECTION('',(-0.780868809443031,-0.624695047554423,9.56288488038413E-17));
#4800=DIRECTION('center_axis',(0.624695047554423,-0.780868809443031,-7.65030790430728E-17));
#4801=DIRECTION('ref_axis',(-0.780868809443031,-0.624695047554423,9.56288488038413E-17));
#4802=DIRECTION('',(-1.22464679914735E-16,0.,-1.));
#4803=DIRECTION('center_axis',(-1.22464679914735E-16,0.,-1.));
#4804=DIRECTION('ref_axis',(0.722448316950697,0.691424926752793,-8.84744018903063E-17));
#4805=DIRECTION('center_axis',(-1.22464679914735E-16,0.,-1.));
#4806=DIRECTION('ref_axis',(-1.,0.,1.22464679914735E-16));
#4807=DIRECTION('center_axis',(1.22464679914735E-16,0.,1.));
#4808=DIRECTION('ref_axis',(-1.,0.,1.22464679914735E-16));
#4809=DIRECTION('center_axis',(1.22464679914735E-16,0.,1.));
#4810=DIRECTION('ref_axis',(-1.,0.,1.22464679914735E-16));
#4811=DIRECTION('',(1.22464679914735E-16,0.,1.));
#4812=DIRECTION('center_axis',(-0.624695047554423,0.780868809443031,7.65030790430728E-17));
#4813=DIRECTION('ref_axis',(-0.780868809443031,-0.624695047554423,9.56288488038412E-17));
#4814=DIRECTION('center_axis',(-1.22464679914735E-16,0.,-1.));
#4815=DIRECTION('ref_axis',(-1.,0.,1.22464679914735E-16));
#4816=DIRECTION('center_axis',(-1.,0.,0.));
#4817=DIRECTION('ref_axis',(0.,1.,0.));
#4818=DIRECTION('',(0.,1.,0.));
#4819=DIRECTION('',(0.,0.,-1.));
#4820=DIRECTION('',(0.,1.,0.));
#4821=DIRECTION('',(0.,0.,-1.));
#4822=DIRECTION('center_axis',(0.,-1.,0.));
#4823=DIRECTION('ref_axis',(-1.,0.,0.));
#4824=DIRECTION('',(-1.,0.,0.));
#4825=DIRECTION('',(0.,0.,-1.));
#4826=DIRECTION('',(-1.,0.,0.));
#4827=DIRECTION('center_axis',(1.,0.,0.));
#4828=DIRECTION('ref_axis',(0.,-1.,0.));
#4829=DIRECTION('',(0.,-1.,0.));
#4830=DIRECTION('',(0.,0.,-1.));
#4831=DIRECTION('',(0.,-1.,0.));
#4832=DIRECTION('center_axis',(0.,1.,0.));
#4833=DIRECTION('ref_axis',(1.,0.,0.));
#4834=DIRECTION('',(1.,0.,0.));
#4835=DIRECTION('',(1.,0.,0.));
#4836=DIRECTION('center_axis',(0.,0.,-1.));
#4837=DIRECTION('ref_axis',(-1.,0.,0.));
#4838=DIRECTION('center_axis',(0.,0.,1.));
#4839=DIRECTION('ref_axis',(1.,0.,0.));
#4840=DIRECTION('center_axis',(0.,0.,1.));
#4841=DIRECTION('ref_axis',(-1.,0.,0.));
#4842=CARTESIAN_POINT('',(0.,0.,0.));
#4843=CARTESIAN_POINT('Origin',(91.5364721847916,25.7220187042945,7.97444379577244));
#4844=CARTESIAN_POINT('',(88.3805027863644,24.2311223390901,7.99999999999999));
#4845=CARTESIAN_POINT('',(88.3814315793489,24.2220187042945,7.99999247888043));
#4846=CARTESIAN_POINT('Origin',(95.8422342234242,24.987801902177,7.99999999999999));
#4847=CARTESIAN_POINT('',(88.380488065051,24.2312675222554,8.00000011920929));
#4848=CARTESIAN_POINT('Origin',(95.8422342234242,24.987801902177,7.99999999999999));
#4849=CARTESIAN_POINT('',(88.380488065051,24.2220187042945,8.00000011920929));
#4850=CARTESIAN_POINT('',(88.380488065051,25.7220187042945,8.00000011920929));
#4851=CARTESIAN_POINT('',(88.380488065051,24.2220187042945,8.00000011920929));
#4852=CARTESIAN_POINT('Origin',(103.325882539852,25.7220187042945,8.00000011920929));
#4853=CARTESIAN_POINT('',(103.325882539852,25.4827846049286,8.00000011920929));
#4854=CARTESIAN_POINT('',(103.306209416811,25.7220187042945,8.00000011920929));
#4855=CARTESIAN_POINT('Origin',(95.8422342234242,24.987801902177,7.99999999999999));
#4856=CARTESIAN_POINT('',(103.325882539852,25.7220187042945,8.00000011920929));
#4857=CARTESIAN_POINT('',(103.325882539852,25.7220187042945,8.00000011920929));
#4858=CARTESIAN_POINT('',(100.039137834805,25.7220187042945,8.00000011920929));
#4859=CARTESIAN_POINT('Origin',(95.,32.4856145972037,8.00000011920929));
#4860=CARTESIAN_POINT('',(95.6611132961537,32.4856145972037,8.00000011920929));
#4861=CARTESIAN_POINT('',(95.,32.4403612956265,8.00000011920929));
#4862=CARTESIAN_POINT('Origin',(95.8422342234242,24.987801902177,7.99999999999999));
#4863=CARTESIAN_POINT('',(95.,32.4856145972037,8.00000011920929));
#4864=CARTESIAN_POINT('',(95.,32.4856145972037,8.00000011920929));
#4865=CARTESIAN_POINT('',(95.,29.1988698921565,8.00000011920929));
#4866=CARTESIAN_POINT('Origin',(95.8531853024516,24.2220187042945,-3.50000005215406));
#4867=CARTESIAN_POINT('',(95.,24.2220187042945,-7.566142581353));
#4868=CARTESIAN_POINT('',(95.,24.2220187042945,-15.0000002235174));
#4869=CARTESIAN_POINT('',(95.,24.2220187042945,-3.50000005215406));
#4870=CARTESIAN_POINT('',(91.5364721847916,24.2220187042945,-7.566142581353));
#4871=CARTESIAN_POINT('',(91.5364721847916,24.2220187042945,-7.566142581353));
#4872=CARTESIAN_POINT('',(91.5364721847916,24.2220187042945,7.97444379577243));
#4873=CARTESIAN_POINT('',(91.5364721847916,24.2220187042945,7.97444379577244));
#4874=CARTESIAN_POINT('',(88.380488065051,24.2220187042945,8.00000011920929));
#4875=CARTESIAN_POINT('',(90.8402671975904,24.2220187042945,-15.0000002235174));
#4876=CARTESIAN_POINT('',(90.8402671975904,24.2220187042945,-15.0000002235174));
#4877=CARTESIAN_POINT('',(100.840267346602,24.2220187042945,-15.0000002235174));
#4878=CARTESIAN_POINT('Origin',(95.8531853024516,24.2220187042945,-3.50000005215406));
#4879=CARTESIAN_POINT('',(96.5,24.2220187042945,-15.0000002235174));
#4880=CARTESIAN_POINT('',(96.5,24.2220187042945,-7.566142581353));
#4881=CARTESIAN_POINT('',(96.5,24.2220187042945,-3.50000005215406));
#4882=CARTESIAN_POINT('',(100.840267346602,24.2220187042945,-15.0000002235174));
#4883=CARTESIAN_POINT('',(100.840267346602,24.2220187042945,-15.0000002235174));
#4884=CARTESIAN_POINT('',(103.325882539852,24.2220187042945,8.00000011920929));
#4885=CARTESIAN_POINT('',(103.325882539852,24.2220187042945,8.00000011920929));
#4886=CARTESIAN_POINT('',(103.303036867499,24.2220187042945,8.00000011920929));
#4887=CARTESIAN_POINT('',(100.039137834805,24.2220187042945,8.00000011920929));
#4888=CARTESIAN_POINT('',(100.039137834805,24.2220187042945,8.00000011920929));
#4889=CARTESIAN_POINT('',(73.9803336672096,24.2220187042945,8.));
#4890=CARTESIAN_POINT('',(100.039137834805,24.2220187042945,-7.566142581353));
#4891=CARTESIAN_POINT('',(100.039137834805,24.2220187042945,-7.566142581353));
#4892=CARTESIAN_POINT('',(91.5364721847916,24.2220187042945,-7.566142581353));
#4893=CARTESIAN_POINT('Origin',(95.8531853024516,25.7220187042945,-3.50000005215406));
#4894=CARTESIAN_POINT('',(95.,25.7220187042945,-15.0000002235174));
#4895=CARTESIAN_POINT('',(95.,25.7220187042945,-7.566142581353));
#4896=CARTESIAN_POINT('',(95.,25.7220187042945,-3.50000005215406));
#4897=CARTESIAN_POINT('',(90.8402671975904,25.7220187042945,-15.0000002235174));
#4898=CARTESIAN_POINT('',(100.840267346602,25.7220187042945,-15.0000002235174));
#4899=CARTESIAN_POINT('',(88.380488065051,25.7220187042945,8.00000011920929));
#4900=CARTESIAN_POINT('',(90.8402671975904,25.7220187042945,-15.0000002235174));
#4901=CARTESIAN_POINT('',(88.3805027863644,25.7220187042945,7.99999999999999));
#4902=CARTESIAN_POINT('',(88.380488065051,25.7220187042945,8.00000011920929));
#4903=CARTESIAN_POINT('',(91.5364721847916,25.7220187042945,7.97444379577244));
#4904=CARTESIAN_POINT('',(88.380488065051,25.7220187042945,8.00000011920929));
#4905=CARTESIAN_POINT('',(91.5364721847916,25.7220187042945,-7.566142581353));
#4906=CARTESIAN_POINT('',(91.5364721847916,25.7220187042945,7.97444379577244));
#4907=CARTESIAN_POINT('',(91.5364721847916,25.7220187042945,-7.566142581353));
#4908=CARTESIAN_POINT('Origin',(91.5364721847916,25.7220187042945,7.97444379577244));
#4909=CARTESIAN_POINT('',(91.5364721847916,25.7220187042945,7.97444379577244));
#4910=CARTESIAN_POINT('',(88.3805027863644,7.86100935214726,7.99999999999999));
#4911=CARTESIAN_POINT('Origin',(91.5364721847916,25.7220187042945,-7.566142581353));
#4912=CARTESIAN_POINT('',(91.5364721847916,25.7220187042945,-7.566142581353));
#4913=CARTESIAN_POINT('Origin',(100.039137834805,25.7220187042945,8.00000011920929));
#4914=CARTESIAN_POINT('',(100.039137834805,25.7220187042945,-7.566142581353));
#4915=CARTESIAN_POINT('',(100.039137834805,25.7220187042945,8.00000011920929));
#4916=CARTESIAN_POINT('',(100.039137834805,25.7220187042945,-7.566142581353));
#4917=CARTESIAN_POINT('',(100.039137834805,25.7220187042945,-7.566142581353));
#4918=CARTESIAN_POINT('',(100.039137834805,7.86100935214727,7.99999999999999));
#4919=CARTESIAN_POINT('Origin',(103.325882539852,25.7220187042945,8.00000011920929));
#4920=CARTESIAN_POINT('',(103.325882539852,24.4928191994253,8.00000011920929));
#4921=CARTESIAN_POINT('Origin',(95.8422342234242,24.987801902177,7.99999999999999));
#4922=CARTESIAN_POINT('',(103.325882539852,25.7220187042945,8.00000011920929));
#4923=CARTESIAN_POINT('Origin',(100.840267346602,25.7220187042945,-15.0000002235174));
#4924=CARTESIAN_POINT('',(100.840267346602,25.7220187042945,-15.0000002235174));
#4925=CARTESIAN_POINT('',(103.325882539852,25.7220187042945,8.00000011920929));
#4926=CARTESIAN_POINT('',(103.325882526969,7.86100935214727,7.99999999999999));
#4927=CARTESIAN_POINT('',(100.840267346602,25.7220187042945,-15.0000002235174));
#4928=CARTESIAN_POINT('Origin',(88.380488065051,25.7220187042945,8.00000011920929));
#4929=CARTESIAN_POINT('',(90.8402671975904,25.7220187042945,-15.0000002235174));
#4930=CARTESIAN_POINT('',(88.3804880778001,7.86100935214726,7.99999999999999));
#4931=CARTESIAN_POINT('Origin',(95.8531853024516,25.7220187042945,-3.50000005215406));
#4932=CARTESIAN_POINT('',(96.5,25.7220187042945,-7.566142581353));
#4933=CARTESIAN_POINT('',(96.5,25.7220187042945,-15.0000002235174));
#4934=CARTESIAN_POINT('',(96.5,25.7220187042945,-3.50000005215406));
#4935=CARTESIAN_POINT('',(91.5364721847916,25.7220187042945,-7.566142581353));
#4936=CARTESIAN_POINT('',(73.9803336672096,25.7220187042945,8.));
#4937=CARTESIAN_POINT('',(100.840267346602,25.7220187042945,-15.0000002235174));
#4938=CARTESIAN_POINT('Origin',(95.,29.1988698921565,-7.566142581353));
#4939=CARTESIAN_POINT('',(95.,20.6962042421431,-7.566142581353));
#4940=CARTESIAN_POINT('',(95.,20.6962042421431,-7.566142581353));
#4941=CARTESIAN_POINT('',(96.5,20.6962042421431,-7.566142581353));
#4942=CARTESIAN_POINT('',(95.,20.6962042421431,-7.566142581353));
#4943=CARTESIAN_POINT('',(96.5,20.6962042421431,-7.566142581353));
#4944=CARTESIAN_POINT('',(96.5,29.1988698921565,-7.566142581353));
#4945=CARTESIAN_POINT('',(96.5,20.6962042421431,-7.566142581353));
#4946=CARTESIAN_POINT('',(95.,29.1988698921565,-7.566142581353));
#4947=CARTESIAN_POINT('',(95.,29.1988698921565,-7.566142581353));
#4948=CARTESIAN_POINT('',(95.,20.6962042421431,-7.566142581353));
#4949=CARTESIAN_POINT('Origin',(96.5,25.0129173598031,-3.50000005215406));
#4950=CARTESIAN_POINT('',(96.5,20.6962042421431,7.97444379577243));
#4951=CARTESIAN_POINT('',(96.5,20.6962042421431,7.97444379577244));
#4952=CARTESIAN_POINT('',(96.5,17.5402201224025,8.00000011920929));
#4953=CARTESIAN_POINT('',(96.5,17.5402201224025,8.00000011920929));
#4954=CARTESIAN_POINT('',(96.5,19.9999992549419,-15.0000002235174));
#4955=CARTESIAN_POINT('',(96.5,19.9999992549419,-15.0000002235174));
#4956=CARTESIAN_POINT('',(96.5,29.9999994039536,-15.0000002235174));
#4957=CARTESIAN_POINT('Origin',(96.5,25.0129173598031,-3.50000005215406));
#4958=CARTESIAN_POINT('',(96.5,29.9999994039536,-15.0000002235174));
#4959=CARTESIAN_POINT('',(96.5,29.9999994039536,-15.0000002235174));
#4960=CARTESIAN_POINT('',(96.5,32.4856145972037,8.00000011920929));
#4961=CARTESIAN_POINT('',(96.5,32.4856145972037,8.00000011920929));
#4962=CARTESIAN_POINT('',(96.5,32.458902502702,8.00000011920929));
#4963=CARTESIAN_POINT('',(96.5,29.1988698921565,8.00000011920929));
#4964=CARTESIAN_POINT('',(96.5,29.1988698921565,8.00000011920929));
#4965=CARTESIAN_POINT('',(96.5,7.50645867990156,7.99999999999999));
#4966=CARTESIAN_POINT('',(96.5,29.1988698921565,-7.566142581353));
#4967=CARTESIAN_POINT('Origin',(95.,25.0129173598031,-3.50000005215406));
#4968=CARTESIAN_POINT('',(95.,29.1988698921565,8.00000011920929));
#4969=CARTESIAN_POINT('',(95.,29.1988698921565,-7.566142581353));
#4970=CARTESIAN_POINT('',(95.,7.50645867990156,7.99999999999999));
#4971=CARTESIAN_POINT('',(95.,29.9999994039536,-15.0000002235174));
#4972=CARTESIAN_POINT('',(95.,32.4856145972037,8.00000011920929));
#4973=CARTESIAN_POINT('',(95.,29.9999994039536,-15.0000002235174));
#4974=CARTESIAN_POINT('Origin',(95.,25.0129173598031,-3.50000005215406));
#4975=CARTESIAN_POINT('',(95.,19.9999992549419,-15.0000002235174));
#4976=CARTESIAN_POINT('',(95.,29.9999994039536,-15.0000002235174));
#4977=CARTESIAN_POINT('',(95.,17.5402201224025,8.00000011920929));
#4978=CARTESIAN_POINT('',(95.,19.9999992549419,-15.0000002235174));
#4979=CARTESIAN_POINT('',(95.,20.6962042421431,7.97444379577244));
#4980=CARTESIAN_POINT('',(95.,17.5402201224025,8.00000011920929));
#4981=CARTESIAN_POINT('',(95.,20.6962042421431,7.97444379577244));
#4982=CARTESIAN_POINT('Origin',(95.,19.9999992549419,-15.0000002235174));
#4983=CARTESIAN_POINT('',(95.,29.9999994039536,-15.0000002235174));
#4984=CARTESIAN_POINT('',(95.,19.9999992549419,-15.0000002235174));
#4985=CARTESIAN_POINT('Origin',(95.,20.6962042421431,7.97444379577244));
#4986=CARTESIAN_POINT('',(95.,17.5402201224025,8.00000011920929));
#4987=CARTESIAN_POINT('',(95.,20.6962042421431,7.97444379577244));
#4988=CARTESIAN_POINT('Origin',(95.,20.6962042421431,-7.566142581353));
#4989=CARTESIAN_POINT('Origin',(95.,29.1988698921565,8.00000011920929));
#4990=CARTESIAN_POINT('',(73.5537410159837,29.1988698921565,7.99999999999999));
#4991=CARTESIAN_POINT('Origin',(95.,32.4856145972037,8.00000011920929));
#4992=CARTESIAN_POINT('',(96.0233551506947,32.4856145972037,8.00000011920929));
#4993=CARTESIAN_POINT('Origin',(95.8422342234242,24.987801902177,7.99999999999999));
#4994=CARTESIAN_POINT('',(95.,32.4856145972037,8.00000011920929));
#4995=CARTESIAN_POINT('Origin',(95.,29.9999994039536,-15.0000002235174));
#4996=CARTESIAN_POINT('',(73.5537410159837,32.4856145843208,8.));
#4997=CARTESIAN_POINT('Origin',(95.,17.5402201224025,8.00000011920929));
#4998=CARTESIAN_POINT('Origin',(52.1074820319675,-10.,8.));
#4999=CARTESIAN_POINT('Origin',(95.8422342234242,24.987801902177,7.99999999999999));
#5000=CARTESIAN_POINT('Origin',(52.1074820319675,-10.,8.));
#5001=CARTESIAN_POINT('Origin',(95.8422342234242,24.987801902177,7.99999999999999));
#5002=CARTESIAN_POINT('Origin',(52.1074820319675,-10.,8.));
#5003=CARTESIAN_POINT('Origin',(95.8422342234242,24.987801902177,7.99999999999999));
#5004=CARTESIAN_POINT('Origin',(95.8422342234242,24.987801902177,7.99999999999999));
#5005=CARTESIAN_POINT('',(93.0152424449258,18.04099562272,7.99999999999999));
#5006=CARTESIAN_POINT('Origin',(95.8422342234242,24.987801902177,7.99999999999999));
#5007=CARTESIAN_POINT('',(91.1667905674192,19.1234838156879,7.99999999999999));
#5008=CARTESIAN_POINT('Origin',(95.8422342234242,24.987801902177,7.99999999999999));
#5009=CARTESIAN_POINT('',(67.0000009983778,-0.209947839545194,8.));
#5010=CARTESIAN_POINT('',(72.4547069500808,4.15381692181723,7.99999999999999));
#5011=CARTESIAN_POINT('',(67.0000009983778,1.00000001490116,8.));
#5012=CARTESIAN_POINT('',(67.0000009983778,-15.5000001564622,7.99999999999999));
#5013=CARTESIAN_POINT('',(65.3108736977193,1.00000001490116,8.));
#5014=CARTESIAN_POINT('',(59.5537415151726,1.00000001490116,8.));
#5015=CARTESIAN_POINT('',(89.7784806083506,20.5740855434061,7.99999999999999));
#5016=CARTESIAN_POINT('',(70.8363260317932,5.42036188216028,7.99999999999999));
#5017=CARTESIAN_POINT('',(88.8157379227307,22.3651410898834,7.99999999999999));
#5018=CARTESIAN_POINT('Origin',(95.8422342234242,24.987801902177,7.99999999999999));
#5019=CARTESIAN_POINT('Origin',(95.8422342234242,24.987801902177,7.99999999999999));
#5020=CARTESIAN_POINT('Origin',(95.8422342234242,24.987801902177,7.99999999999999));
#5021=CARTESIAN_POINT('',(99.8422342234242,24.987801902177,7.99999999999999));
#5022=CARTESIAN_POINT('Origin',(95.8422342234242,24.987801902177,7.99999999999999));
#5023=CARTESIAN_POINT('',(95.,17.5402201224025,8.00000011920929));
#5024=CARTESIAN_POINT('Origin',(4.03647218479158,25.7220187042945,7.97444379577244));
#5025=CARTESIAN_POINT('',(0.880502786363284,25.3291723301584,8.));
#5026=CARTESIAN_POINT('',(0.880488065051014,25.3288490808127,8.00000011920929));
#5027=CARTESIAN_POINT('Origin',(8.37272984051079,24.987801902177,8.));
#5028=CARTESIAN_POINT('',(0.880502786363284,24.6464314741956,8.));
#5029=CARTESIAN_POINT('',(0.880502786363131,7.86100935214725,8.));
#5030=CARTESIAN_POINT('',(0.880488065051015,24.6467547235412,8.00000011920929));
#5031=CARTESIAN_POINT('Origin',(8.37272984051079,24.987801902177,8.));
#5032=CARTESIAN_POINT('',(0.880488065051015,24.2220187042945,8.00000011920929));
#5033=CARTESIAN_POINT('',(0.880488065051015,25.7220187042945,8.00000011920929));
#5034=CARTESIAN_POINT('',(4.03647218479158,24.2220187042945,7.97444379577243));
#5035=CARTESIAN_POINT('',(0.880488065051015,24.2220187042945,8.00000011920929));
#5036=CARTESIAN_POINT('',(4.03647218479158,25.7220187042945,7.97444379577244));
#5037=CARTESIAN_POINT('',(4.03647218479158,25.7220187042945,7.97444379577244));
#5038=CARTESIAN_POINT('',(0.880488065051015,25.7220187042945,8.00000011920929));
#5039=CARTESIAN_POINT('',(0.880488065051015,25.7220187042945,8.00000011920929));
#5040=CARTESIAN_POINT('',(0.880488065051015,25.7220187042945,8.00000011920929));
#5041=CARTESIAN_POINT('Origin',(7.5,32.4856145972037,8.00000011920929));
#5042=CARTESIAN_POINT('',(8.19160891324029,32.4856145972037,8.00000011920929));
#5043=CARTESIAN_POINT('',(7.5,32.4368516822148,8.));
#5044=CARTESIAN_POINT('Origin',(8.37272984051079,24.987801902177,8.));
#5045=CARTESIAN_POINT('',(7.5,32.4856145972037,8.00000011920929));
#5046=CARTESIAN_POINT('',(7.5,32.4856145972037,8.00000011920929));
#5047=CARTESIAN_POINT('',(7.5,29.1988698921565,8.00000011920929));
#5048=CARTESIAN_POINT('Origin',(8.35318530245163,24.2220187042945,-3.50000005215406));
#5049=CARTESIAN_POINT('',(7.5,24.2220187042945,-7.566142581353));
#5050=CARTESIAN_POINT('',(7.5,24.2220187042945,-15.0000002235174));
#5051=CARTESIAN_POINT('',(7.5,24.2220187042945,-3.50000005215406));
#5052=CARTESIAN_POINT('',(4.03647218479158,24.2220187042945,-7.566142581353));
#5053=CARTESIAN_POINT('',(4.03647218479158,24.2220187042945,-7.566142581353));
#5054=CARTESIAN_POINT('',(4.03647218479158,24.2220187042945,7.97444379577244));
#5055=CARTESIAN_POINT('',(3.34026719759046,24.2220187042945,-15.0000002235174));
#5056=CARTESIAN_POINT('',(3.34026719759046,24.2220187042945,-15.0000002235174));
#5057=CARTESIAN_POINT('',(13.3402673466021,24.2220187042945,-15.0000002235174));
#5058=CARTESIAN_POINT('Origin',(8.35318530245163,24.2220187042945,-3.50000005215406));
#5059=CARTESIAN_POINT('',(9.,24.2220187042945,-15.0000002235174));
#5060=CARTESIAN_POINT('',(9.,24.2220187042945,-7.566142581353));
#5061=CARTESIAN_POINT('',(9.,24.2220187042945,-3.50000005215406));
#5062=CARTESIAN_POINT('',(13.3402673466021,24.2220187042945,-15.0000002235174));
#5063=CARTESIAN_POINT('',(13.3402673466021,24.2220187042945,-15.0000002235174));
#5064=CARTESIAN_POINT('',(15.8258825398523,24.2220187042945,8.00000011920929));
#5065=CARTESIAN_POINT('',(15.8258825398523,24.2220187042945,8.00000011920929));
#5066=CARTESIAN_POINT('',(12.539137834805,24.2220187042945,8.00000011920929));
#5067=CARTESIAN_POINT('',(30.2303336672096,24.2220187042945,8.));
#5068=CARTESIAN_POINT('',(12.539137834805,24.2220187042945,-7.566142581353));
#5069=CARTESIAN_POINT('',(12.539137834805,24.2220187042945,-7.566142581353));
#5070=CARTESIAN_POINT('',(4.03647218479158,24.2220187042945,-7.566142581353));
#5071=CARTESIAN_POINT('Origin',(8.35318530245163,25.7220187042945,-3.50000005215406));
#5072=CARTESIAN_POINT('',(7.5,25.7220187042945,-15.0000002235174));
#5073=CARTESIAN_POINT('',(7.5,25.7220187042945,-7.566142581353));
#5074=CARTESIAN_POINT('',(7.5,25.7220187042945,-3.50000005215406));
#5075=CARTESIAN_POINT('',(3.34026719759046,25.7220187042945,-15.0000002235174));
#5076=CARTESIAN_POINT('',(13.3402673466021,25.7220187042945,-15.0000002235174));
#5077=CARTESIAN_POINT('',(3.34026719759046,25.7220187042945,-15.0000002235174));
#5078=CARTESIAN_POINT('',(4.03647218479158,25.7220187042945,-7.566142581353));
#5079=CARTESIAN_POINT('',(4.03647218479158,25.7220187042945,7.97444379577244));
#5080=CARTESIAN_POINT('',(4.03647218479158,25.7220187042945,-7.566142581353));
#5081=CARTESIAN_POINT('Origin',(4.03647218479158,25.7220187042945,-7.566142581353));
#5082=CARTESIAN_POINT('',(4.03647218479158,25.7220187042945,-7.566142581353));
#5083=CARTESIAN_POINT('Origin',(12.539137834805,25.7220187042945,8.00000011920929));
#5084=CARTESIAN_POINT('',(12.539137834805,25.7220187042945,-7.566142581353));
#5085=CARTESIAN_POINT('',(12.539137834805,25.7220187042945,8.00000011920929));
#5086=CARTESIAN_POINT('',(12.539137834805,25.7220187042945,-7.566142581353));
#5087=CARTESIAN_POINT('',(12.539137834805,25.7220187042945,-7.566142581353));
#5088=CARTESIAN_POINT('',(12.539137834805,7.86100935214726,8.));
#5089=CARTESIAN_POINT('Origin',(13.3402673466021,25.7220187042945,-15.0000002235174));
#5090=CARTESIAN_POINT('',(15.8258825398523,25.7220187042945,8.00000011920929));
#5091=CARTESIAN_POINT('',(13.3402673466021,25.7220187042945,-15.0000002235174));
#5092=CARTESIAN_POINT('',(15.8258825398523,25.7220187042945,8.00000011920929));
#5093=CARTESIAN_POINT('',(15.8258825269693,7.86100935214726,8.));
#5094=CARTESIAN_POINT('',(13.3402673466021,25.7220187042945,-15.0000002235174));
#5095=CARTESIAN_POINT('Origin',(0.880488065051015,25.7220187042945,8.00000011920929));
#5096=CARTESIAN_POINT('',(3.34026719759046,25.7220187042945,-15.0000002235174));
#5097=CARTESIAN_POINT('',(0.880488077800085,7.86100935214725,8.));
#5098=CARTESIAN_POINT('Origin',(8.35318530245163,25.7220187042945,-3.50000005215406));
#5099=CARTESIAN_POINT('',(9.,25.7220187042945,-7.566142581353));
#5100=CARTESIAN_POINT('',(9.,25.7220187042945,-15.0000002235174));
#5101=CARTESIAN_POINT('',(9.,25.7220187042945,-3.50000005215406));
#5102=CARTESIAN_POINT('',(4.03647218479158,25.7220187042945,-7.566142581353));
#5103=CARTESIAN_POINT('',(30.2303336672096,25.7220187042945,8.));
#5104=CARTESIAN_POINT('',(13.3402673466021,25.7220187042945,-15.0000002235174));
#5105=CARTESIAN_POINT('Origin',(7.5,29.1988698921565,-7.566142581353));
#5106=CARTESIAN_POINT('',(7.5,20.6962042421431,-7.566142581353));
#5107=CARTESIAN_POINT('',(7.5,20.6962042421431,-7.566142581353));
#5108=CARTESIAN_POINT('',(9.,20.6962042421431,-7.566142581353));
#5109=CARTESIAN_POINT('',(7.5,20.6962042421431,-7.566142581353));
#5110=CARTESIAN_POINT('',(9.,20.6962042421431,-7.566142581353));
#5111=CARTESIAN_POINT('',(9.,29.1988698921565,-7.566142581353));
#5112=CARTESIAN_POINT('',(9.,20.6962042421431,-7.566142581353));
#5113=CARTESIAN_POINT('',(7.5,29.1988698921565,-7.566142581353));
#5114=CARTESIAN_POINT('',(7.5,29.1988698921565,-7.566142581353));
#5115=CARTESIAN_POINT('',(7.5,20.6962042421431,-7.566142581353));
#5116=CARTESIAN_POINT('Origin',(9.,25.0129173598031,-3.50000005215406));
#5117=CARTESIAN_POINT('',(9.,20.6962042421431,7.97444379577243));
#5118=CARTESIAN_POINT('',(9.,20.6962042421431,7.97444379577244));
#5119=CARTESIAN_POINT('',(9.,17.5402201224025,8.00000011920929));
#5120=CARTESIAN_POINT('',(9.,17.5402201224025,8.00000011920929));
#5121=CARTESIAN_POINT('',(9.,19.9999992549419,-15.0000002235174));
#5122=CARTESIAN_POINT('',(9.,19.9999992549419,-15.0000002235174));
#5123=CARTESIAN_POINT('',(9.,29.9999994039536,-15.0000002235174));
#5124=CARTESIAN_POINT('Origin',(9.,25.0129173598031,-3.50000005215406));
#5125=CARTESIAN_POINT('',(9.,29.9999994039536,-15.0000002235174));
#5126=CARTESIAN_POINT('',(9.,29.9999994039536,-15.0000002235174));
#5127=CARTESIAN_POINT('',(9.,32.4856145972037,8.00000011920929));
#5128=CARTESIAN_POINT('',(9.,32.4856145972037,8.00000011920929));
#5129=CARTESIAN_POINT('',(9.,32.4615246791479,8.));
#5130=CARTESIAN_POINT('',(9.,29.1988698921565,8.00000011920929));
#5131=CARTESIAN_POINT('',(9.,29.1988698921565,8.00000011920929));
#5132=CARTESIAN_POINT('',(9.,7.50645867990156,8.));
#5133=CARTESIAN_POINT('',(9.,29.1988698921565,-7.566142581353));
#5134=CARTESIAN_POINT('Origin',(7.5,25.0129173598031,-3.50000005215406));
#5135=CARTESIAN_POINT('',(7.5,29.1988698921565,8.00000011920929));
#5136=CARTESIAN_POINT('',(7.5,29.1988698921565,-7.566142581353));
#5137=CARTESIAN_POINT('',(7.5,7.50645867990156,8.));
#5138=CARTESIAN_POINT('',(7.5,29.9999994039536,-15.0000002235174));
#5139=CARTESIAN_POINT('',(7.5,32.4856145972037,8.00000011920929));
#5140=CARTESIAN_POINT('',(7.5,29.9999994039536,-15.0000002235174));
#5141=CARTESIAN_POINT('Origin',(7.5,25.0129173598031,-3.50000005215406));
#5142=CARTESIAN_POINT('',(7.5,19.9999992549419,-15.0000002235174));
#5143=CARTESIAN_POINT('',(7.5,29.9999994039536,-15.0000002235174));
#5144=CARTESIAN_POINT('',(7.5,17.5402201224025,8.00000011920929));
#5145=CARTESIAN_POINT('',(7.5,19.9999992549419,-15.0000002235174));
#5146=CARTESIAN_POINT('',(7.5,20.6962042421431,7.97444379577244));
#5147=CARTESIAN_POINT('',(7.5,17.5402201224025,8.00000011920929));
#5148=CARTESIAN_POINT('',(7.5,20.6962042421431,7.97444379577244));
#5149=CARTESIAN_POINT('Origin',(7.5,19.9999992549419,-15.0000002235174));
#5150=CARTESIAN_POINT('',(7.5,29.9999994039536,-15.0000002235174));
#5151=CARTESIAN_POINT('',(7.5,19.9999992549419,-15.0000002235174));
#5152=CARTESIAN_POINT('Origin',(7.5,20.6962042421431,7.97444379577244));
#5153=CARTESIAN_POINT('',(7.5,17.5402201224025,8.00000011920929));
#5154=CARTESIAN_POINT('',(7.5,20.6962042421431,7.97444379577244));
#5155=CARTESIAN_POINT('Origin',(7.5,20.6962042421431,-7.566142581353));
#5156=CARTESIAN_POINT('Origin',(7.5,29.1988698921565,8.00000011920929));
#5157=CARTESIAN_POINT('',(29.8037410159837,29.1988698921565,8.));
#5158=CARTESIAN_POINT('Origin',(7.5,32.4856145972037,8.00000011920929));
#5159=CARTESIAN_POINT('',(8.55385076778129,32.4856145972037,8.00000011920929));
#5160=CARTESIAN_POINT('Origin',(8.37272984051079,24.987801902177,8.));
#5161=CARTESIAN_POINT('',(7.5,32.4856145972037,8.00000011920929));
#5162=CARTESIAN_POINT('Origin',(7.5,29.9999994039536,-15.0000002235174));
#5163=CARTESIAN_POINT('',(29.8037410159837,32.4856145843208,8.));
#5164=CARTESIAN_POINT('Origin',(7.5,17.5402201224025,8.00000011920929));
#5165=CARTESIAN_POINT('Origin',(52.1074820319675,-10.,8.));
#5166=CARTESIAN_POINT('Origin',(8.37272984051079,24.987801902177,8.));
#5167=CARTESIAN_POINT('Origin',(52.1074820319675,-10.,8.));
#5168=CARTESIAN_POINT('Origin',(8.37272984051079,24.987801902177,8.));
#5169=CARTESIAN_POINT('',(15.3992261412043,22.3651410898834,8.));
#5170=CARTESIAN_POINT('Origin',(8.37272984051079,24.987801902177,8.));
#5171=CARTESIAN_POINT('',(14.4364834555844,20.5740855434061,8.));
#5172=CARTESIAN_POINT('Origin',(8.37272984051079,24.987801902177,8.));
#5173=CARTESIAN_POINT('',(38.9040903662156,1.00000001490116,8.));
#5174=CARTESIAN_POINT('',(33.2353143273972,5.53502084595588,8.));
#5175=CARTESIAN_POINT('',(38.0000005662441,1.00000001490116,8.));
#5176=CARTESIAN_POINT('',(59.5537415151726,1.00000001490116,8.));
#5177=CARTESIAN_POINT('',(38.0000005662441,-0.837977840094756,8.));
#5178=CARTESIAN_POINT('',(38.0000005662441,-4.49999999254942,8.));
#5179=CARTESIAN_POINT('',(13.0481734965158,19.1234838156879,8.));
#5180=CARTESIAN_POINT('',(32.059788005053,3.91419220885815,8.));
#5181=CARTESIAN_POINT('',(11.1997216190092,18.04099562272,8.));
#5182=CARTESIAN_POINT('Origin',(8.37272984051079,24.987801902177,8.));
#5183=CARTESIAN_POINT('Origin',(8.37272984051079,24.987801902177,8.));
#5184=CARTESIAN_POINT('',(7.5,17.5402201224025,8.00000011920929));
#5185=CARTESIAN_POINT('',(12.3727298405108,24.987801902177,8.));
#5186=CARTESIAN_POINT('Origin',(8.37272984051079,24.987801902177,8.));
#5187=CARTESIAN_POINT('Origin',(52.1074820319675,-10.,8.));
#5188=CARTESIAN_POINT('Origin',(8.37272984051079,24.987801902177,8.));
#5189=CARTESIAN_POINT('Origin',(4.03647218479158,-44.2779812957055,7.97444379577244));
#5190=CARTESIAN_POINT('',(0.880502786363284,-44.6464314741956,8.));
#5191=CARTESIAN_POINT('',(0.880488065051014,-44.6467547235412,8.00000011920929));
#5192=CARTESIAN_POINT('Origin',(8.37272984051079,-44.987801902177,8.));
#5193=CARTESIAN_POINT('',(0.880502786363284,-45.3291723301584,8.));
#5194=CARTESIAN_POINT('',(0.880502786363131,-27.1389906478527,8.));
#5195=CARTESIAN_POINT('',(0.880488065051015,-45.3288490808127,8.00000011920929));
#5196=CARTESIAN_POINT('Origin',(8.37272984051079,-44.987801902177,8.));
#5197=CARTESIAN_POINT('',(0.880488065051015,-45.7779812957055,8.00000011920929));
#5198=CARTESIAN_POINT('',(0.880488065051015,-44.2779812957055,8.00000011920929));
#5199=CARTESIAN_POINT('',(4.03647218479158,-45.7779812957055,7.97444379577243));
#5200=CARTESIAN_POINT('',(0.880488065051015,-45.7779812957055,8.00000011920929));
#5201=CARTESIAN_POINT('',(4.03647218479158,-44.2779812957055,7.97444379577244));
#5202=CARTESIAN_POINT('',(4.03647218479158,-44.2779812957055,7.97444379577244));
#5203=CARTESIAN_POINT('',(0.880488065051015,-44.2779812957055,8.00000011920929));
#5204=CARTESIAN_POINT('',(0.880488065051015,-44.2779812957055,8.00000011920929));
#5205=CARTESIAN_POINT('',(0.880488065051015,-44.2779812957055,8.00000011920929));
#5206=CARTESIAN_POINT('Origin',(7.5,-49.3037957578569,7.97444379577244));
#5207=CARTESIAN_POINT('',(7.72483700272285,-52.4597651562851,8.));
#5208=CARTESIAN_POINT('',(7.72500680183585,-52.4597798775975,8.00000011920929));
#5209=CARTESIAN_POINT('Origin',(8.37272984051079,-44.987801902177,8.));
#5210=CARTESIAN_POINT('',(9.,-52.4597651562852,8.));
#5211=CARTESIAN_POINT('',(29.8037410159841,-52.4597651562849,8.));
#5212=CARTESIAN_POINT('',(9.,-49.3037957578569,7.97444379577243));
#5213=CARTESIAN_POINT('',(9.,-52.4597798775975,8.00000011920929));
#5214=CARTESIAN_POINT('',(7.5,-49.3037957578569,7.97444379577244));
#5215=CARTESIAN_POINT('',(7.5,-49.3037957578569,7.97444379577244));
#5216=CARTESIAN_POINT('',(7.5,-52.4597798775975,8.00000011920929));
#5217=CARTESIAN_POINT('',(7.5,-52.4597798775975,8.00000011920929));
#5218=CARTESIAN_POINT('',(7.5,-52.4597798775975,8.00000011920929));
#5219=CARTESIAN_POINT('Origin',(8.35318530245163,-45.7779812957055,-3.50000005215406));
#5220=CARTESIAN_POINT('',(7.5,-45.7779812957055,-7.566142581353));
#5221=CARTESIAN_POINT('',(7.5,-45.7779812957055,-15.0000002235174));
#5222=CARTESIAN_POINT('',(7.5,-45.7779812957055,-3.50000005215406));
#5223=CARTESIAN_POINT('',(4.03647218479158,-45.7779812957055,-7.566142581353));
#5224=CARTESIAN_POINT('',(4.03647218479158,-45.7779812957055,-7.566142581353));
#5225=CARTESIAN_POINT('',(4.03647218479158,-45.7779812957055,7.97444379577244));
#5226=CARTESIAN_POINT('',(3.34026719759046,-45.7779812957055,-15.0000002235174));
#5227=CARTESIAN_POINT('',(3.34026719759046,-45.7779812957055,-15.0000002235174));
#5228=CARTESIAN_POINT('',(13.3402673466021,-45.7779812957055,-15.0000002235174));
#5229=CARTESIAN_POINT('Origin',(8.35318530245163,-45.7779812957055,-3.50000005215406));
#5230=CARTESIAN_POINT('',(9.,-45.7779812957055,-15.0000002235174));
#5231=CARTESIAN_POINT('',(9.,-45.7779812957055,-7.566142581353));
#5232=CARTESIAN_POINT('',(9.,-45.7779812957055,-3.50000005215406));
#5233=CARTESIAN_POINT('',(13.3402673466021,-45.7779812957055,-15.0000002235174));
#5234=CARTESIAN_POINT('',(13.3402673466021,-45.7779812957055,-15.0000002235174));
#5235=CARTESIAN_POINT('',(15.8258825398523,-45.7779812957055,8.00000011920929));
#5236=CARTESIAN_POINT('',(15.8258825398523,-45.7779812957055,8.00000011920929));
#5237=CARTESIAN_POINT('',(12.539137834805,-45.7779812957055,8.00000011920929));
#5238=CARTESIAN_POINT('',(30.2303336672096,-45.7779812957055,8.));
#5239=CARTESIAN_POINT('',(12.539137834805,-45.7779812957055,-7.566142581353));
#5240=CARTESIAN_POINT('',(12.539137834805,-45.7779812957055,-7.566142581353));
#5241=CARTESIAN_POINT('',(4.03647218479158,-45.7779812957055,-7.566142581353));
#5242=CARTESIAN_POINT('Origin',(8.35318530245163,-44.2779812957055,-3.50000005215406));
#5243=CARTESIAN_POINT('',(7.5,-44.2779812957055,-15.0000002235174));
#5244=CARTESIAN_POINT('',(7.5,-44.2779812957055,-7.566142581353));
#5245=CARTESIAN_POINT('',(7.5,-44.2779812957055,-3.50000005215406));
#5246=CARTESIAN_POINT('',(3.34026719759046,-44.2779812957055,-15.0000002235174));
#5247=CARTESIAN_POINT('',(13.3402673466021,-44.2779812957055,-15.0000002235174));
#5248=CARTESIAN_POINT('',(3.34026719759046,-44.2779812957055,-15.0000002235174));
#5249=CARTESIAN_POINT('',(4.03647218479158,-44.2779812957055,-7.566142581353));
#5250=CARTESIAN_POINT('',(4.03647218479158,-44.2779812957055,7.97444379577244));
#5251=CARTESIAN_POINT('',(4.03647218479158,-44.2779812957055,-7.566142581353));
#5252=CARTESIAN_POINT('Origin',(4.03647218479158,-44.2779812957055,-7.566142581353));
#5253=CARTESIAN_POINT('',(4.03647218479158,-44.2779812957055,-7.566142581353));
#5254=CARTESIAN_POINT('Origin',(12.539137834805,-44.2779812957055,8.00000011920929));
#5255=CARTESIAN_POINT('',(12.539137834805,-44.2779812957055,-7.566142581353));
#5256=CARTESIAN_POINT('',(12.539137834805,-44.2779812957055,8.00000011920929));
#5257=CARTESIAN_POINT('',(12.539137834805,-44.2779812957055,-7.566142581353));
#5258=CARTESIAN_POINT('',(12.539137834805,-44.2779812957055,-7.566142581353));
#5259=CARTESIAN_POINT('',(12.539137834805,-27.1389906478527,8.));
#5260=CARTESIAN_POINT('Origin',(13.3402673466021,-44.2779812957055,-15.0000002235174));
#5261=CARTESIAN_POINT('',(15.8258825398523,-44.2779812957055,8.00000011920929));
#5262=CARTESIAN_POINT('',(13.3402673466021,-44.2779812957055,-15.0000002235174));
#5263=CARTESIAN_POINT('',(15.8258825398523,-44.2779812957055,8.00000011920929));
#5264=CARTESIAN_POINT('',(15.8258825269693,-27.1389906478527,8.));
#5265=CARTESIAN_POINT('',(13.3402673466021,-44.2779812957055,-15.0000002235174));
#5266=CARTESIAN_POINT('Origin',(0.880488065051015,-44.2779812957055,8.00000011920929));
#5267=CARTESIAN_POINT('',(3.34026719759046,-44.2779812957055,-15.0000002235174));
#5268=CARTESIAN_POINT('',(0.880488077800076,-27.1389906478527,8.));
#5269=CARTESIAN_POINT('Origin',(8.35318530245163,-44.2779812957055,-3.50000005215406));
#5270=CARTESIAN_POINT('',(9.,-44.2779812957055,-7.566142581353));
#5271=CARTESIAN_POINT('',(9.,-44.2779812957055,-15.0000002235174));
#5272=CARTESIAN_POINT('',(9.,-44.2779812957055,-3.50000005215406));
#5273=CARTESIAN_POINT('',(4.03647218479158,-44.2779812957055,-7.566142581353));
#5274=CARTESIAN_POINT('',(30.2303336672096,-44.2779812957055,8.));
#5275=CARTESIAN_POINT('',(13.3402673466021,-44.2779812957055,-15.0000002235174));
#5276=CARTESIAN_POINT('Origin',(7.5,-40.8011301078435,-7.566142581353));
#5277=CARTESIAN_POINT('',(7.5,-49.3037957578569,-7.566142581353));
#5278=CARTESIAN_POINT('',(7.5,-49.3037957578569,-7.566142581353));
#5279=CARTESIAN_POINT('',(9.,-49.3037957578569,-7.566142581353));
#5280=CARTESIAN_POINT('',(7.5,-49.3037957578569,-7.566142581353));
#5281=CARTESIAN_POINT('',(9.,-49.3037957578569,-7.566142581353));
#5282=CARTESIAN_POINT('',(9.,-40.8011301078435,-7.566142581353));
#5283=CARTESIAN_POINT('',(9.,-49.3037957578569,-7.566142581353));
#5284=CARTESIAN_POINT('',(7.5,-40.8011301078435,-7.566142581353));
#5285=CARTESIAN_POINT('',(7.5,-40.8011301078435,-7.566142581353));
#5286=CARTESIAN_POINT('',(7.5,-49.3037957578569,-7.566142581353));
#5287=CARTESIAN_POINT('Origin',(9.,-44.9870826401969,-3.50000005215406));
#5288=CARTESIAN_POINT('',(9.,-49.3037957578569,7.97444379577244));
#5289=CARTESIAN_POINT('',(9.,-52.4597798775975,8.00000011920929));
#5290=CARTESIAN_POINT('',(9.,-52.4597798775975,8.00000011920929));
#5291=CARTESIAN_POINT('',(9.,-50.0000007450581,-15.0000002235174));
#5292=CARTESIAN_POINT('',(9.,-50.0000007450581,-15.0000002235174));
#5293=CARTESIAN_POINT('',(9.,-40.0000005960464,-15.0000002235174));
#5294=CARTESIAN_POINT('Origin',(9.,-44.9870826401969,-3.50000005215406));
#5295=CARTESIAN_POINT('',(9.,-40.0000005960464,-15.0000002235174));
#5296=CARTESIAN_POINT('',(9.,-40.0000005960464,-15.0000002235174));
#5297=CARTESIAN_POINT('',(9.,-37.5143854027963,8.00000011920929));
#5298=CARTESIAN_POINT('',(9.,-37.5143854027963,8.00000011920929));
#5299=CARTESIAN_POINT('',(9.,-40.8011301078435,8.00000011920929));
#5300=CARTESIAN_POINT('',(9.,-27.4935413200984,8.));
#5301=CARTESIAN_POINT('',(9.,-40.8011301078435,-7.566142581353));
#5302=CARTESIAN_POINT('Origin',(7.5,-44.9870826401969,-3.50000005215406));
#5303=CARTESIAN_POINT('',(7.5,-40.8011301078435,8.00000011920929));
#5304=CARTESIAN_POINT('',(7.5,-40.8011301078435,-7.566142581353));
#5305=CARTESIAN_POINT('',(7.5,-37.5387521221391,8.));
#5306=CARTESIAN_POINT('',(7.5,-27.4935413200984,8.));
#5307=CARTESIAN_POINT('',(7.5,-37.5143854027963,8.00000011920929));
#5308=CARTESIAN_POINT('',(7.5,-40.8011301078435,8.00000011920929));
#5309=CARTESIAN_POINT('',(7.5,-40.0000005960464,-15.0000002235174));
#5310=CARTESIAN_POINT('',(7.5,-37.5143854027963,8.00000011920929));
#5311=CARTESIAN_POINT('',(7.5,-40.0000005960464,-15.0000002235174));
#5312=CARTESIAN_POINT('Origin',(7.5,-44.9870826401969,-3.50000005215406));
#5313=CARTESIAN_POINT('',(7.5,-50.0000007450581,-15.0000002235174));
#5314=CARTESIAN_POINT('',(7.5,-40.0000005960464,-15.0000002235174));
#5315=CARTESIAN_POINT('',(7.5,-50.0000007450581,-15.0000002235174));
#5316=CARTESIAN_POINT('',(7.5,-49.3037957578569,7.97444379577244));
#5317=CARTESIAN_POINT('Origin',(7.5,-50.0000007450581,-15.0000002235174));
#5318=CARTESIAN_POINT('',(7.5,-40.0000005960464,-15.0000002235174));
#5319=CARTESIAN_POINT('',(7.5,-50.0000007450581,-15.0000002235174));
#5320=CARTESIAN_POINT('Origin',(7.5,-49.3037957578569,-7.566142581353));
#5321=CARTESIAN_POINT('Origin',(7.5,-40.8011301078435,8.00000011920929));
#5322=CARTESIAN_POINT('',(29.8037410159837,-40.8011301078435,8.));
#5323=CARTESIAN_POINT('Origin',(7.5,-37.5143854027963,8.00000011920929));
#5324=CARTESIAN_POINT('',(7.74182110956435,-37.5143854027963,8.00000011920929));
#5325=CARTESIAN_POINT('Origin',(8.37272984051079,-44.987801902177,8.));
#5326=CARTESIAN_POINT('',(7.5,-37.5143854027963,8.00000011920929));
#5327=CARTESIAN_POINT('Origin',(7.5,-40.0000005960464,-15.0000002235174));
#5328=CARTESIAN_POINT('',(29.8037410159837,-37.5143854156792,8.));
#5329=CARTESIAN_POINT('Origin',(7.5,-52.4597798775975,8.00000011920929));
#5330=CARTESIAN_POINT('',(29.8037410159837,-52.4597798648484,8.));
#5331=CARTESIAN_POINT('Origin',(52.1074820319675,-10.,8.));
#5332=CARTESIAN_POINT('Origin',(8.37272984051079,-44.987801902177,8.));
#5333=CARTESIAN_POINT('',(11.1997216190092,-38.04099562272,8.));
#5334=CARTESIAN_POINT('Origin',(8.37272984051079,-44.987801902177,8.));
#5335=CARTESIAN_POINT('',(13.0481734965157,-39.1234838156879,8.));
#5336=CARTESIAN_POINT('Origin',(8.37272984051079,-44.987801902177,8.));
#5337=CARTESIAN_POINT('',(38.0000005662441,-19.1620221599052,8.));
#5338=CARTESIAN_POINT('',(31.7602571138541,-24.1538169218172,8.));
#5339=CARTESIAN_POINT('',(38.0000005662441,-21.0000003129244,8.));
#5340=CARTESIAN_POINT('',(38.0000005662441,-4.49999999254942,8.));
#5341=CARTESIAN_POINT('',(38.9040899936866,-21.0000003129244,8.));
#5342=CARTESIAN_POINT('',(45.0537412991058,-21.0000003129244,8.));
#5343=CARTESIAN_POINT('',(14.4364834555844,-40.5740855434061,8.));
#5344=CARTESIAN_POINT('',(33.3786380321417,-25.4203618821603,8.));
#5345=CARTESIAN_POINT('',(15.3992261412043,-42.3651410898833,8.));
#5346=CARTESIAN_POINT('Origin',(8.37272984051079,-44.987801902177,8.));
#5347=CARTESIAN_POINT('Origin',(8.37272984051079,-44.987801902177,8.));
#5348=CARTESIAN_POINT('Origin',(8.37272984051079,-44.987801902177,8.));
#5349=CARTESIAN_POINT('',(12.3727298405108,-44.987801902177,8.));
#5350=CARTESIAN_POINT('Origin',(8.37272984051079,-44.987801902177,8.));
#5351=CARTESIAN_POINT('Origin',(52.1074820319675,-10.,8.));
#5352=CARTESIAN_POINT('Origin',(8.37272984051079,-44.987801902177,8.));
#5353=CARTESIAN_POINT('Origin',(91.5364721847916,-44.2779812957055,7.97444379577244));
#5354=CARTESIAN_POINT('',(88.3805027863644,-45.7444814652638,7.99999999999999));
#5355=CARTESIAN_POINT('',(88.3805027863644,-44.2779812957055,7.99999999999999));
#5356=CARTESIAN_POINT('',(88.3805027863644,-27.1389906478527,7.99999999999999));
#5357=CARTESIAN_POINT('',(88.380488065051,-45.7443362820985,8.00000011920929));
#5358=CARTESIAN_POINT('Origin',(95.8422342234242,-44.987801902177,7.99999999999999));
#5359=CARTESIAN_POINT('',(88.380488065051,-45.7779812957055,8.00000011920929));
#5360=CARTESIAN_POINT('',(88.380488065051,-44.2779812957055,8.00000011920929));
#5361=CARTESIAN_POINT('',(91.5364721847916,-45.7779812957055,7.97444379577243));
#5362=CARTESIAN_POINT('',(88.380488065051,-45.7779812957055,8.00000011920929));
#5363=CARTESIAN_POINT('',(91.5364721847916,-44.2779812957055,7.97444379577244));
#5364=CARTESIAN_POINT('',(91.5364721847916,-44.2779812957055,7.97444379577244));
#5365=CARTESIAN_POINT('',(88.380488065051,-44.2779812957055,8.00000011920929));
#5366=CARTESIAN_POINT('Origin',(103.325882539852,-44.2779812957055,8.00000011920929));
#5367=CARTESIAN_POINT('',(103.325882539852,-44.4928191994253,8.00000011920929));
#5368=CARTESIAN_POINT('',(103.308568980628,-44.2779812957055,8.00000011920929));
#5369=CARTESIAN_POINT('Origin',(95.8422342234242,-44.987801902177,7.99999999999999));
#5370=CARTESIAN_POINT('',(103.325882539852,-44.2779812957055,8.00000011920929));
#5371=CARTESIAN_POINT('',(103.325882539852,-44.2779812957055,8.00000011920929));
#5372=CARTESIAN_POINT('',(100.039137834805,-44.2779812957055,8.00000011920929));
#5373=CARTESIAN_POINT('Origin',(95.,-37.5143854027963,8.00000011920929));
#5374=CARTESIAN_POINT('',(95.2113254924777,-37.5143854027963,8.00000011920929));
#5375=CARTESIAN_POINT('',(95.,-37.5352425087274,8.00000011920929));
#5376=CARTESIAN_POINT('Origin',(95.8422342234242,-44.987801902177,7.99999999999999));
#5377=CARTESIAN_POINT('',(95.,-37.5143854027963,8.00000011920929));
#5378=CARTESIAN_POINT('',(95.,-37.5143854027963,8.00000011920929));
#5379=CARTESIAN_POINT('',(95.,-40.8011301078435,8.00000011920929));
#5380=CARTESIAN_POINT('Origin',(95.,-49.3037957578569,7.97444379577244));
#5381=CARTESIAN_POINT('',(96.4901270612249,-52.459765156284,7.99999999999999));
#5382=CARTESIAN_POINT('',(96.5,-52.458902502702,7.99999301445979));
#5383=CARTESIAN_POINT('Origin',(95.8422342234242,-44.987801902177,7.99999999999999));
#5384=CARTESIAN_POINT('',(96.4899572620991,-52.4597798775975,8.00000011920929));
#5385=CARTESIAN_POINT('Origin',(95.8422342234242,-44.987801902177,7.99999999999999));
#5386=CARTESIAN_POINT('',(96.5,-52.4597798775975,8.00000011920929));
#5387=CARTESIAN_POINT('',(95.,-52.4597798775975,8.00000011920929));
#5388=CARTESIAN_POINT('',(96.5,-52.4597798775975,8.00000011920929));
#5389=CARTESIAN_POINT('Origin',(95.8531853024516,-45.7779812957055,-3.50000005215406));
#5390=CARTESIAN_POINT('',(95.,-45.7779812957055,-7.566142581353));
#5391=CARTESIAN_POINT('',(95.,-45.7779812957055,-15.0000002235174));
#5392=CARTESIAN_POINT('',(95.,-45.7779812957055,-3.50000005215406));
#5393=CARTESIAN_POINT('',(91.5364721847916,-45.7779812957055,-7.566142581353));
#5394=CARTESIAN_POINT('',(91.5364721847916,-45.7779812957055,-7.566142581353));
#5395=CARTESIAN_POINT('',(91.5364721847916,-45.7779812957055,7.97444379577244));
#5396=CARTESIAN_POINT('',(90.8402671975904,-45.7779812957055,-15.0000002235174));
#5397=CARTESIAN_POINT('',(90.8402671975904,-45.7779812957055,-15.0000002235174));
#5398=CARTESIAN_POINT('',(100.840267346602,-45.7779812957055,-15.0000002235174));
#5399=CARTESIAN_POINT('Origin',(95.8531853024516,-45.7779812957055,-3.50000005215406));
#5400=CARTESIAN_POINT('',(96.5,-45.7779812957055,-15.0000002235174));
#5401=CARTESIAN_POINT('',(96.5,-45.7779812957055,-7.566142581353));
#5402=CARTESIAN_POINT('',(96.5,-45.7779812957055,-3.50000005215406));
#5403=CARTESIAN_POINT('',(100.840267346602,-45.7779812957055,-15.0000002235174));
#5404=CARTESIAN_POINT('',(100.840267346602,-45.7779812957055,-15.0000002235174));
#5405=CARTESIAN_POINT('',(103.325882539852,-45.7779812957055,8.00000011920929));
#5406=CARTESIAN_POINT('',(103.325882539852,-45.7779812957055,8.00000011920929));
#5407=CARTESIAN_POINT('',(103.300492500398,-45.7779812957055,8.00000011920929));
#5408=CARTESIAN_POINT('',(100.039137834805,-45.7779812957055,8.00000011920929));
#5409=CARTESIAN_POINT('',(100.039137834805,-45.7779812957055,8.00000011920929));
#5410=CARTESIAN_POINT('',(73.9803336672096,-45.7779812957055,8.));
#5411=CARTESIAN_POINT('',(100.039137834805,-45.7779812957055,-7.566142581353));
#5412=CARTESIAN_POINT('',(100.039137834805,-45.7779812957055,-7.566142581353));
#5413=CARTESIAN_POINT('',(91.5364721847916,-45.7779812957055,-7.566142581353));
#5414=CARTESIAN_POINT('Origin',(95.8531853024516,-44.2779812957055,-3.50000005215406));
#5415=CARTESIAN_POINT('',(95.,-44.2779812957055,-15.0000002235174));
#5416=CARTESIAN_POINT('',(95.,-44.2779812957055,-7.566142581353));
#5417=CARTESIAN_POINT('',(95.,-44.2779812957055,-3.50000005215406));
#5418=CARTESIAN_POINT('',(90.8402671975904,-44.2779812957055,-15.0000002235174));
#5419=CARTESIAN_POINT('',(100.840267346602,-44.2779812957055,-15.0000002235174));
#5420=CARTESIAN_POINT('',(88.380488065051,-44.2779812957055,8.00000011920929));
#5421=CARTESIAN_POINT('',(90.8402671975904,-44.2779812957055,-15.0000002235174));
#5422=CARTESIAN_POINT('',(88.380488065051,-44.2779812957055,8.00000011920929));
#5423=CARTESIAN_POINT('',(91.5364721847916,-44.2779812957055,-7.566142581353));
#5424=CARTESIAN_POINT('',(91.5364721847916,-44.2779812957055,7.97444379577244));
#5425=CARTESIAN_POINT('',(91.5364721847916,-44.2779812957055,-7.566142581353));
#5426=CARTESIAN_POINT('Origin',(91.5364721847916,-44.2779812957055,-7.566142581353));
#5427=CARTESIAN_POINT('',(91.5364721847916,-44.2779812957055,-7.566142581353));
#5428=CARTESIAN_POINT('Origin',(100.039137834805,-44.2779812957055,8.00000011920929));
#5429=CARTESIAN_POINT('',(100.039137834805,-44.2779812957055,-7.566142581353));
#5430=CARTESIAN_POINT('',(100.039137834805,-44.2779812957055,8.00000011920929));
#5431=CARTESIAN_POINT('',(100.039137834805,-44.2779812957055,-7.566142581353));
#5432=CARTESIAN_POINT('',(100.039137834805,-44.2779812957055,-7.566142581353));
#5433=CARTESIAN_POINT('',(100.039137834805,-27.1389906478527,7.99999999999999));
#5434=CARTESIAN_POINT('Origin',(103.325882539852,-44.2779812957055,8.00000011920929));
#5435=CARTESIAN_POINT('',(103.325882539852,-45.4827846049286,8.00000011920929));
#5436=CARTESIAN_POINT('Origin',(95.8422342234242,-44.987801902177,7.99999999999999));
#5437=CARTESIAN_POINT('',(103.325882539852,-44.2779812957055,8.00000011920929));
#5438=CARTESIAN_POINT('Origin',(100.840267346602,-44.2779812957055,-15.0000002235174));
#5439=CARTESIAN_POINT('',(100.840267346602,-44.2779812957055,-15.0000002235174));
#5440=CARTESIAN_POINT('',(103.325882539852,-44.2779812957055,8.00000011920929));
#5441=CARTESIAN_POINT('',(103.325882526969,-27.1389906478527,7.99999999999999));
#5442=CARTESIAN_POINT('',(100.840267346602,-44.2779812957055,-15.0000002235174));
#5443=CARTESIAN_POINT('Origin',(88.380488065051,-44.2779812957055,8.00000011920929));
#5444=CARTESIAN_POINT('',(90.8402671975904,-44.2779812957055,-15.0000002235174));
#5445=CARTESIAN_POINT('',(88.3804880778001,-27.1389906478527,7.99999999999999));
#5446=CARTESIAN_POINT('Origin',(95.8531853024516,-44.2779812957055,-3.50000005215406));
#5447=CARTESIAN_POINT('',(96.5,-44.2779812957055,-7.566142581353));
#5448=CARTESIAN_POINT('',(96.5,-44.2779812957055,-15.0000002235174));
#5449=CARTESIAN_POINT('',(96.5,-44.2779812957055,-3.50000005215406));
#5450=CARTESIAN_POINT('',(91.5364721847916,-44.2779812957055,-7.566142581353));
#5451=CARTESIAN_POINT('',(73.9803336672096,-44.2779812957055,8.));
#5452=CARTESIAN_POINT('',(100.840267346602,-44.2779812957055,-15.0000002235174));
#5453=CARTESIAN_POINT('Origin',(95.,-40.8011301078435,-7.566142581353));
#5454=CARTESIAN_POINT('',(95.,-49.3037957578569,-7.566142581353));
#5455=CARTESIAN_POINT('',(95.,-49.3037957578569,-7.566142581353));
#5456=CARTESIAN_POINT('',(96.5,-49.3037957578569,-7.566142581353));
#5457=CARTESIAN_POINT('',(95.,-49.3037957578569,-7.566142581353));
#5458=CARTESIAN_POINT('',(96.5,-49.3037957578569,-7.566142581353));
#5459=CARTESIAN_POINT('',(96.5,-40.8011301078435,-7.566142581353));
#5460=CARTESIAN_POINT('',(96.5,-49.3037957578569,-7.566142581353));
#5461=CARTESIAN_POINT('',(95.,-40.8011301078435,-7.566142581353));
#5462=CARTESIAN_POINT('',(95.,-40.8011301078435,-7.566142581353));
#5463=CARTESIAN_POINT('',(95.,-49.3037957578569,-7.566142581353));
#5464=CARTESIAN_POINT('Origin',(96.5,-44.9870826401969,-3.50000005215406));
#5465=CARTESIAN_POINT('',(96.5,-49.3037957578569,7.97444379577243));
#5466=CARTESIAN_POINT('',(96.5,-49.3037957578569,7.97444379577244));
#5467=CARTESIAN_POINT('',(96.5,-52.4597798775975,8.00000011920929));
#5468=CARTESIAN_POINT('',(96.5,-50.0000007450581,-15.0000002235174));
#5469=CARTESIAN_POINT('',(96.5,-50.0000007450581,-15.0000002235174));
#5470=CARTESIAN_POINT('',(96.5,-40.0000005960464,-15.0000002235174));
#5471=CARTESIAN_POINT('Origin',(96.5,-44.9870826401969,-3.50000005215406));
#5472=CARTESIAN_POINT('',(96.5,-40.0000005960464,-15.0000002235174));
#5473=CARTESIAN_POINT('',(96.5,-40.0000005960464,-15.0000002235174));
#5474=CARTESIAN_POINT('',(96.5,-37.5143854027963,8.00000011920929));
#5475=CARTESIAN_POINT('',(96.5,-37.5143854027963,8.00000011920929));
#5476=CARTESIAN_POINT('',(96.5,-37.5167013016519,8.00000011920929));
#5477=CARTESIAN_POINT('',(96.5,-40.8011301078435,8.00000011920929));
#5478=CARTESIAN_POINT('',(96.5,-40.8011301078435,8.00000011920929));
#5479=CARTESIAN_POINT('',(96.5,-27.4935413200984,7.99999999999999));
#5480=CARTESIAN_POINT('',(96.5,-40.8011301078435,-7.566142581353));
#5481=CARTESIAN_POINT('Origin',(95.,-44.9870826401969,-3.50000005215406));
#5482=CARTESIAN_POINT('',(95.,-40.8011301078435,8.00000011920929));
#5483=CARTESIAN_POINT('',(95.,-40.8011301078435,-7.566142581353));
#5484=CARTESIAN_POINT('',(95.,-27.4935413200984,7.99999999999999));
#5485=CARTESIAN_POINT('',(95.,-40.0000005960464,-15.0000002235174));
#5486=CARTESIAN_POINT('',(95.,-37.5143854027963,8.00000011920929));
#5487=CARTESIAN_POINT('',(95.,-40.0000005960464,-15.0000002235174));
#5488=CARTESIAN_POINT('Origin',(95.,-44.9870826401969,-3.50000005215406));
#5489=CARTESIAN_POINT('',(95.,-50.0000007450581,-15.0000002235174));
#5490=CARTESIAN_POINT('',(95.,-40.0000005960464,-15.0000002235174));
#5491=CARTESIAN_POINT('',(95.,-52.4597798775975,8.00000011920929));
#5492=CARTESIAN_POINT('',(95.,-50.0000007450581,-15.0000002235174));
#5493=CARTESIAN_POINT('',(95.,-49.3037957578569,7.97444379577244));
#5494=CARTESIAN_POINT('',(95.,-52.4597798775975,8.00000011920929));
#5495=CARTESIAN_POINT('',(95.,-49.3037957578569,7.97444379577244));
#5496=CARTESIAN_POINT('Origin',(95.,-50.0000007450581,-15.0000002235174));
#5497=CARTESIAN_POINT('',(95.,-40.0000005960464,-15.0000002235174));
#5498=CARTESIAN_POINT('',(95.,-50.0000007450581,-15.0000002235174));
#5499=CARTESIAN_POINT('Origin',(95.,-49.3037957578569,7.97444379577244));
#5500=CARTESIAN_POINT('',(95.,-49.3037957578569,7.97444379577244));
#5501=CARTESIAN_POINT('',(95.1945111847493,-52.4597798775975,8.00000011920929));
#5502=CARTESIAN_POINT('',(95.,-52.4597798775975,8.00000011920929));
#5503=CARTESIAN_POINT('',(95.1943413856236,-52.4597651562841,7.99999999999999));
#5504=CARTESIAN_POINT('Origin',(95.8422342234242,-44.987801902177,7.99999999999999));
#5505=CARTESIAN_POINT('',(73.5537410159841,-52.4597651562843,7.99999999999999));
#5506=CARTESIAN_POINT('Origin',(95.,-49.3037957578569,-7.566142581353));
#5507=CARTESIAN_POINT('Origin',(95.,-40.8011301078435,8.00000011920929));
#5508=CARTESIAN_POINT('',(73.5537410159837,-40.8011301078435,7.99999999999999));
#5509=CARTESIAN_POINT('Origin',(95.,-37.5143854027963,8.00000011920929));
#5510=CARTESIAN_POINT('',(96.4731429543706,-37.5143854027963,8.00000011920929));
#5511=CARTESIAN_POINT('Origin',(95.8422342234242,-44.987801902177,7.99999999999999));
#5512=CARTESIAN_POINT('',(95.,-37.5143854027963,8.00000011920929));
#5513=CARTESIAN_POINT('Origin',(95.,-40.0000005960464,-15.0000002235174));
#5514=CARTESIAN_POINT('',(73.5537410159837,-37.5143854156792,8.));
#5515=CARTESIAN_POINT('Origin',(95.,-52.4597798775975,8.00000011920929));
#5516=CARTESIAN_POINT('',(73.5537410159837,-52.4597798648484,7.99999999999999));
#5517=CARTESIAN_POINT('Origin',(52.1074820319675,-10.,8.));
#5518=CARTESIAN_POINT('Origin',(95.8422342234242,-44.987801902177,7.99999999999999));
#5519=CARTESIAN_POINT('Origin',(52.1074820319675,-10.,8.));
#5520=CARTESIAN_POINT('Origin',(95.8422342234242,-44.987801902177,7.99999999999999));
#5521=CARTESIAN_POINT('Origin',(52.1074820319675,-10.,8.));
#5522=CARTESIAN_POINT('Origin',(95.8422342234242,-44.987801902177,7.99999999999999));
#5523=CARTESIAN_POINT('Origin',(52.1074820319675,-10.,8.));
#5524=CARTESIAN_POINT('',(88.8157379227307,-42.3651410898834,7.99999999999999));
#5525=CARTESIAN_POINT('Origin',(95.8422342234242,-44.987801902177,7.99999999999999));
#5526=CARTESIAN_POINT('',(89.7784806083506,-40.5740855434061,7.99999999999999));
#5527=CARTESIAN_POINT('Origin',(95.8422342234242,-44.987801902177,7.99999999999999));
#5528=CARTESIAN_POINT('',(65.3108740702484,-21.0000003129244,8.));
#5529=CARTESIAN_POINT('',(70.9796497365377,-25.5350208459559,7.99999999999999));
#5530=CARTESIAN_POINT('',(67.0000009983778,-21.0000003129244,8.));
#5531=CARTESIAN_POINT('',(45.0537412991058,-21.0000003129244,8.));
#5532=CARTESIAN_POINT('',(67.0000009983778,-19.7900521604548,7.99999999999999));
#5533=CARTESIAN_POINT('',(67.0000009983778,-15.5000001564622,7.99999999999999));
#5534=CARTESIAN_POINT('',(91.1667905674192,-39.1234838156879,7.99999999999999));
#5535=CARTESIAN_POINT('',(72.155176058882,-23.9141922088582,7.99999999999999));
#5536=CARTESIAN_POINT('',(93.0152424449258,-38.04099562272,7.99999999999999));
#5537=CARTESIAN_POINT('Origin',(95.8422342234242,-44.987801902177,7.99999999999999));
#5538=CARTESIAN_POINT('Origin',(95.8422342234242,-44.987801902177,7.99999999999999));
#5539=CARTESIAN_POINT('Origin',(95.8422342234242,-44.987801902177,7.99999999999999));
#5540=CARTESIAN_POINT('Origin',(95.8422342234242,-44.987801902177,7.99999999999999));
#5541=CARTESIAN_POINT('Origin',(95.8422342234242,-44.987801902177,7.99999999999999));
#5542=CARTESIAN_POINT('Origin',(95.8422342234242,-44.987801902177,7.99999999999999));
#5543=CARTESIAN_POINT('',(99.8422342234242,-44.987801902177,7.99999999999999));
#5544=CARTESIAN_POINT('Origin',(95.8422342234242,-44.987801902177,7.99999999999999));
#5545=CARTESIAN_POINT('Origin',(67.0000009983778,-14.494345737507,10.5755442757381));
#5546=CARTESIAN_POINT('',(65.5000009760261,-14.494345737507,11.8623695092442));
#5547=CARTESIAN_POINT('',(65.5000009760261,-14.494345737507,10.5755442757381));
#5548=CARTESIAN_POINT('',(65.5000009760261,-14.494345737507,11.787772137869));
#5549=CARTESIAN_POINT('',(67.0000009983778,-14.494345737507,11.8623695092442));
#5550=CARTESIAN_POINT('',(67.0000009983778,-14.494345737507,11.8623695092442));
#5551=CARTESIAN_POINT('',(67.0000009983778,-14.494345737507,10.5755442757381));
#5552=CARTESIAN_POINT('',(67.0000009983778,-14.494345737507,6.28777213786903));
#5553=CARTESIAN_POINT('',(67.0000009983778,-14.494345737507,10.5755442757381));
#5554=CARTESIAN_POINT('Origin',(67.0000009983778,-13.494345737507,10.5755442757381));
#5555=CARTESIAN_POINT('',(65.5000009760261,-13.494345737507,9.57554427573807));
#5556=CARTESIAN_POINT('Origin',(65.5000009760261,-13.494345737507,10.5755442757381));
#5557=CARTESIAN_POINT('',(67.0000009983778,-13.494345737507,9.57554427573807));
#5558=CARTESIAN_POINT('Origin',(67.0000009983778,-13.494345737507,10.5755442757381));
#5559=CARTESIAN_POINT('',(67.0000009983778,-13.494345737507,9.57554427573807));
#5560=CARTESIAN_POINT('Origin',(67.0000009983778,-6.34767551699239,9.57554427573807));
#5561=CARTESIAN_POINT('',(65.5000009760261,-6.34767551699239,9.57554427573807));
#5562=CARTESIAN_POINT('',(65.5000009760261,-3.42383776222148,9.57554427573807));
#5563=CARTESIAN_POINT('',(67.0000009983778,-6.34767551699239,9.57554427573807));
#5564=CARTESIAN_POINT('',(67.0000009983778,-13.6738379149584,9.57554427573807));
#5565=CARTESIAN_POINT('',(67.0000009983778,-6.34767551699239,9.57554427573807));
#5566=CARTESIAN_POINT('Origin',(67.0000009983778,-6.34767551699239,10.5755442757381));
#5567=CARTESIAN_POINT('',(65.5000009760261,-5.34767551699238,10.5755442757381));
#5568=CARTESIAN_POINT('Origin',(65.5000009760261,-6.34767551699239,10.5755442757381));
#5569=CARTESIAN_POINT('',(67.0000009983778,-5.34767551699238,10.5755442757381));
#5570=CARTESIAN_POINT('Origin',(67.0000009983778,-6.34767551699239,10.5755442757381));
#5571=CARTESIAN_POINT('',(67.0000009983778,-5.34767551699238,10.5755442757381));
#5572=CARTESIAN_POINT('Origin',(67.0000009983778,-5.34767551699238,11.8623695092442));
#5573=CARTESIAN_POINT('',(65.5000009760261,-5.34767551699238,11.8623695092442));
#5574=CARTESIAN_POINT('',(65.5000009760261,-5.34767551699238,12.4311847546221));
#5575=CARTESIAN_POINT('',(67.0000009983778,-5.34767551699238,11.8623695092442));
#5576=CARTESIAN_POINT('',(67.0000009983778,-5.34767551699238,6.93118475462211));
#5577=CARTESIAN_POINT('',(67.0000009983778,-5.34767551699238,11.8623695092442));
#5578=CARTESIAN_POINT('Origin',(67.0000009983778,-6.34767551699238,11.8623695092442));
#5579=CARTESIAN_POINT('',(65.5000009760261,-6.34767551699239,12.8623695092442));
#5580=CARTESIAN_POINT('Origin',(65.5000009760261,-6.34767551699238,11.8623695092442));
#5581=CARTESIAN_POINT('',(67.0000009983778,-6.34767551699239,12.8623695092442));
#5582=CARTESIAN_POINT('Origin',(67.0000009983778,-6.34767551699238,11.8623695092442));
#5583=CARTESIAN_POINT('',(67.0000009983778,-6.34767551699239,12.8623695092442));
#5584=CARTESIAN_POINT('Origin',(67.0000009983778,-13.494345737507,12.8623695092442));
#5585=CARTESIAN_POINT('',(65.5000009760261,-13.494345737507,12.8623695092442));
#5586=CARTESIAN_POINT('',(65.5000009760261,-6.99717287247879,12.8623695092442));
#5587=CARTESIAN_POINT('',(67.0000009983778,-13.494345737507,12.8623695092442));
#5588=CARTESIAN_POINT('',(67.0000009983778,-17.2471730252157,12.8623695092442));
#5589=CARTESIAN_POINT('',(67.0000009983778,-13.494345737507,12.8623695092442));
#5590=CARTESIAN_POINT('Origin',(67.0000009983778,-13.494345737507,11.8623695092442));
#5591=CARTESIAN_POINT('Origin',(65.5000009760261,-13.494345737507,11.8623695092442));
#5592=CARTESIAN_POINT('Origin',(67.0000009983778,-13.494345737507,11.8623695092442));
#5593=CARTESIAN_POINT('Origin',(11.1997216190092,-38.04099562272,11.));
#5594=CARTESIAN_POINT('',(38.0000005662441,-16.6007724649321,8.));
#5595=CARTESIAN_POINT('',(38.0000005662441,-16.6007724649321,9.));
#5596=CARTESIAN_POINT('',(38.0000005662441,-16.6007724649321,6.5));
#5597=CARTESIAN_POINT('',(30.5108670187453,-22.5920793029312,8.));
#5598=CARTESIAN_POINT('',(11.1997216190092,-38.04099562272,9.));
#5599=CARTESIAN_POINT('',(11.1997216190092,-38.04099562272,11.));
#5600=CARTESIAN_POINT('',(30.5108670187453,-22.5920793029312,9.));
#5601=CARTESIAN_POINT('Origin',(31.7602571138541,-24.1538169218172,8.));
#5602=CARTESIAN_POINT('',(38.0000005662441,-19.1620221599052,6.));
#5603=CARTESIAN_POINT('Origin',(38.0000005662441,-19.1620221599052,8.));
#5604=CARTESIAN_POINT('',(13.0481734965157,-39.1234838156879,6.));
#5605=CARTESIAN_POINT('',(31.7602571138541,-24.1538169218172,6.));
#5606=CARTESIAN_POINT('Ctrl Pts',(11.1997216190092,-38.04099562272,8.));
#5607=CARTESIAN_POINT('Ctrl Pts',(11.1997216190092,-38.04099562272,7.7466282337437));
#5608=CARTESIAN_POINT('Ctrl Pts',(11.2544703214224,-38.0625986458408,7.47969352333707));
#5609=CARTESIAN_POINT('Ctrl Pts',(11.4625907394224,-38.1529187866728,6.9939283748538));
#5610=CARTESIAN_POINT('Ctrl Pts',(11.6148951240427,-38.2222486371834,6.77475541886331));
#5611=CARTESIAN_POINT('Ctrl Pts',(11.953363773715,-38.394856111668,6.42055543269613));
#5612=CARTESIAN_POINT('Ctrl Pts',(12.1657829951859,-38.5123343324226,6.26362639841829));
#5613=CARTESIAN_POINT('Ctrl Pts',(12.6093119791469,-38.7934250744491,6.05325808602993));
#5614=CARTESIAN_POINT('Ctrl Pts',(12.8401367820667,-38.9576224278093,6.));
#5615=CARTESIAN_POINT('Ctrl Pts',(13.0481734965158,-39.1234838156879,6.));
#5616=CARTESIAN_POINT('Origin',(39.607481845703,-17.8760371363382,6.));
#5617=CARTESIAN_POINT('',(38.0000005662441,-19.1620221599052,4.));
#5618=CARTESIAN_POINT('',(13.0481734965157,-39.1234838156879,6.));
#5619=CARTESIAN_POINT('Origin',(47.2135275085744,-14.3524503010142,9.));
#5620=CARTESIAN_POINT('',(38.9040899936866,-21.0000003129244,11.));
#5621=CARTESIAN_POINT('',(42.1056521124031,-21.0000003129244,9.));
#5622=CARTESIAN_POINT('Origin',(38.9040899936866,-21.0000003129244,9.));
#5623=CARTESIAN_POINT('',(14.4364834555844,-40.5740855434061,11.));
#5624=CARTESIAN_POINT('',(47.2135275085744,-14.3524503010142,11.));
#5625=CARTESIAN_POINT('',(15.3992261412043,-42.3651410898833,9.));
#5626=CARTESIAN_POINT('Ctrl Pts',(15.3992261412043,-42.3651410898833,9.));
#5627=CARTESIAN_POINT('Ctrl Pts',(15.3992261412043,-42.3651410898833,9.25263063128802));
#5628=CARTESIAN_POINT('Ctrl Pts',(15.381002410017,-42.314697265802,9.52088776654278));
#5629=CARTESIAN_POINT('Ctrl Pts',(15.3021668151202,-42.1165172427075,10.012420601793));
#5630=CARTESIAN_POINT('Ctrl Pts',(15.2409145100269,-41.9693982417147,10.2358420166878));
#5631=CARTESIAN_POINT('Ctrl Pts',(15.087015866915,-41.6409490343188,10.5894640251255));
#5632=CARTESIAN_POINT('Ctrl Pts',(14.9835841061812,-41.4369306238254,10.7435414125149));
#5633=CARTESIAN_POINT('Ctrl Pts',(14.7333381701984,-41.0060004717732,10.9488533957121));
#5634=CARTESIAN_POINT('Ctrl Pts',(14.5859250739955,-40.7793948746416,11.));
#5635=CARTESIAN_POINT('Ctrl Pts',(14.4364834555844,-40.5740855434061,11.));
#5636=CARTESIAN_POINT('',(48.4629176036832,-15.9141879199003,9.));
#5637=CARTESIAN_POINT('Origin',(14.4364834555844,-40.5740855434061,6.));
#5638=CARTESIAN_POINT('',(38.9040899936866,-21.0000003129244,6.));
#5639=CARTESIAN_POINT('',(38.9040899936866,-21.0000003129244,4.));
#5640=CARTESIAN_POINT('',(14.4364834555844,-40.5740855434061,6.));
#5641=CARTESIAN_POINT('',(47.2135275085744,-14.3524503010142,6.));
#5642=CARTESIAN_POINT('',(14.4364834555844,-40.5740855434061,6.));
#5643=CARTESIAN_POINT('Origin',(47.2135275085744,-14.3524503010142,8.));
#5644=CARTESIAN_POINT('',(42.105652112403,-21.0000003129244,8.));
#5645=CARTESIAN_POINT('Origin',(38.9040899936866,-21.0000003129244,8.));
#5646=CARTESIAN_POINT('',(48.4629176036832,-15.9141879199003,8.));
#5647=CARTESIAN_POINT('Ctrl Pts',(14.4364834555844,-40.5740855434061,6.));
#5648=CARTESIAN_POINT('Ctrl Pts',(14.5859250739955,-40.7793948746416,6.));
#5649=CARTESIAN_POINT('Ctrl Pts',(14.7333381701984,-41.0060004717732,6.05114660428792));
#5650=CARTESIAN_POINT('Ctrl Pts',(14.9835841061812,-41.4369306238254,6.25645858748515));
#5651=CARTESIAN_POINT('Ctrl Pts',(15.087015866915,-41.6409490343188,6.41053597487448));
#5652=CARTESIAN_POINT('Ctrl Pts',(15.2409145100269,-41.9693982417147,6.76415798331217));
#5653=CARTESIAN_POINT('Ctrl Pts',(15.3021668151202,-42.1165172427075,6.98757939820696));
#5654=CARTESIAN_POINT('Ctrl Pts',(15.381002410017,-42.314697265802,7.47911223345722));
#5655=CARTESIAN_POINT('Ctrl Pts',(15.3992261412043,-42.3651410898833,7.74736936871198));
#5656=CARTESIAN_POINT('Ctrl Pts',(15.3992261412043,-42.3651410898833,8.));
#5657=CARTESIAN_POINT('Origin',(52.1074820319675,-10.,11.));
#5658=CARTESIAN_POINT('',(38.0000005662441,-21.0000003129244,11.));
#5659=CARTESIAN_POINT('',(45.0537412991058,-21.0000003129244,11.));
#5660=CARTESIAN_POINT('',(38.0000005662441,-19.1620221599052,11.));
#5661=CARTESIAN_POINT('',(38.0000005662441,-4.49999999254942,11.));
#5662=CARTESIAN_POINT('',(13.0481734965158,-39.1234838156879,11.));
#5663=CARTESIAN_POINT('',(31.7602571138541,-24.1538169218172,11.));
#5664=CARTESIAN_POINT('Origin',(8.37272984051079,-44.987801902177,11.));
#5665=CARTESIAN_POINT('',(12.3727298405108,-44.987801902177,11.));
#5666=CARTESIAN_POINT('Origin',(8.37272984051079,-44.987801902177,11.));
#5667=CARTESIAN_POINT('Origin',(31.7602571138541,-24.1538169218172,9.));
#5668=CARTESIAN_POINT('Origin',(38.0000005662441,-19.1620221599052,9.));
#5669=CARTESIAN_POINT('Ctrl Pts',(13.0481734965158,-39.1234838156879,11.));
#5670=CARTESIAN_POINT('Ctrl Pts',(12.8401367820667,-38.9576224278092,11.));
#5671=CARTESIAN_POINT('Ctrl Pts',(12.6093119791469,-38.7934250744491,10.9467419139701));
#5672=CARTESIAN_POINT('Ctrl Pts',(12.1657829951859,-38.5123343324226,10.7363736015817));
#5673=CARTESIAN_POINT('Ctrl Pts',(11.953363773715,-38.394856111668,10.5794445673039));
#5674=CARTESIAN_POINT('Ctrl Pts',(11.6148951240428,-38.2222486371834,10.2252445811367));
#5675=CARTESIAN_POINT('Ctrl Pts',(11.4625907394224,-38.1529187866728,10.0060716251462));
#5676=CARTESIAN_POINT('Ctrl Pts',(11.2544703214224,-38.0625986458408,9.52030647666293));
#5677=CARTESIAN_POINT('Ctrl Pts',(11.1997216190092,-38.04099562272,9.2533717662563));
#5678=CARTESIAN_POINT('Ctrl Pts',(11.1997216190092,-38.04099562272,9.));
#5679=CARTESIAN_POINT('Origin',(8.37272984051079,-44.987801902177,6.));
#5680=CARTESIAN_POINT('Origin',(8.37272984051079,-44.987801902177,6.));
#5681=CARTESIAN_POINT('Origin',(8.37272984051079,-44.987801902177,11.));
#5682=CARTESIAN_POINT('',(15.3992261412043,-42.3651410898833,11.));
#5683=CARTESIAN_POINT('Origin',(43.3556525035585,-20.,11.));
#5684=CARTESIAN_POINT('',(42.105652112403,-21.0000003129244,6.5));
#5685=CARTESIAN_POINT('Origin',(8.37272984051079,-44.987801902177,11.));
#5686=CARTESIAN_POINT('',(12.3727298405108,-44.987801902177,11.));
#5687=CARTESIAN_POINT('Origin',(38.0000005662441,1.00000001490116,1.99999999999999));
#5688=CARTESIAN_POINT('',(38.0000005662441,-21.0000003129244,13.));
#5689=CARTESIAN_POINT('',(38.0000005662441,-21.0000003129244,1.99999999999999));
#5690=CARTESIAN_POINT('',(38.0000005662441,1.00000001490116,13.));
#5691=CARTESIAN_POINT('',(38.0000005662441,-21.0000003129244,13.));
#5692=CARTESIAN_POINT('',(38.0000005662441,1.00000001490116,11.));
#5693=CARTESIAN_POINT('',(38.0000005662441,1.00000001490116,1.99999999999999));
#5694=CARTESIAN_POINT('',(38.0000005662441,-0.837977840094757,11.));
#5695=CARTESIAN_POINT('',(38.0000005662441,-4.49999999254942,11.));
#5696=CARTESIAN_POINT('',(38.0000005662441,-3.39922753506789,9.));
#5697=CARTESIAN_POINT('Origin',(38.0000005662441,-0.83797784009476,9.));
#5698=CARTESIAN_POINT('',(38.0000005662441,-3.39922753506789,8.));
#5699=CARTESIAN_POINT('',(38.0000005662441,-3.39922753506789,6.5));
#5700=CARTESIAN_POINT('',(38.0000005662441,-0.837977840094752,6.));
#5701=CARTESIAN_POINT('Origin',(38.0000005662441,-0.837977840094752,8.));
#5702=CARTESIAN_POINT('',(38.0000005662441,-0.837977840094751,4.));
#5703=CARTESIAN_POINT('',(38.0000005662441,1.00000001490116,1.99999999999999));
#5704=CARTESIAN_POINT('',(38.0000005662441,1.00000001490116,1.99999999999999));
#5705=CARTESIAN_POINT('',(38.0000005662441,-21.0000003129244,1.99999999999999));
#5706=CARTESIAN_POINT('',(38.0000005662441,-21.0000003129244,1.99999999999999));
#5707=CARTESIAN_POINT('',(38.0000005662441,-21.0000003129244,1.99999999999999));
#5708=CARTESIAN_POINT('Origin',(38.0000005662441,-21.0000003129244,1.99999999999999));
#5709=CARTESIAN_POINT('',(67.0000009983778,-21.0000003129244,1.99999999999999));
#5710=CARTESIAN_POINT('',(67.0000009983778,-21.0000003129244,1.99999999999999));
#5711=CARTESIAN_POINT('',(67.0000009983778,-21.0000003129244,1.99999999999999));
#5712=CARTESIAN_POINT('',(65.3108740702483,-21.0000003129244,6.));
#5713=CARTESIAN_POINT('',(65.3108740702483,-21.0000003129244,3.99999999999999));
#5714=CARTESIAN_POINT('',(62.1093119515319,-21.0000003129244,8.));
#5715=CARTESIAN_POINT('Origin',(65.3108740702483,-21.0000003129244,8.));
#5716=CARTESIAN_POINT('',(62.1093119515319,-21.0000003129244,9.));
#5717=CARTESIAN_POINT('',(62.1093119515319,-21.0000003129244,6.49999999999999));
#5718=CARTESIAN_POINT('',(65.3108740702484,-21.0000003129244,11.));
#5719=CARTESIAN_POINT('Origin',(65.3108740702483,-21.0000003129244,9.));
#5720=CARTESIAN_POINT('',(67.0000009983778,-21.0000003129244,11.));
#5721=CARTESIAN_POINT('',(45.0537412991058,-21.0000003129244,11.));
#5722=CARTESIAN_POINT('',(67.0000009983778,-21.0000003129244,13.));
#5723=CARTESIAN_POINT('',(67.0000009983778,-21.0000003129244,1.99999999999999));
#5724=CARTESIAN_POINT('',(67.0000009983778,-21.0000003129244,13.));
#5725=CARTESIAN_POINT('Origin',(15.3992261412043,22.3651410898834,11.));
#5726=CARTESIAN_POINT('',(42.1056524849321,1.00000001490116,8.));
#5727=CARTESIAN_POINT('',(42.1056524849321,1.00000001490116,9.));
#5728=CARTESIAN_POINT('',(42.1056524849321,1.00000001490116,6.5));
#5729=CARTESIAN_POINT('',(34.4847044225061,7.09675846484194,8.));
#5730=CARTESIAN_POINT('',(15.3992261412043,22.3651410898834,9.));
#5731=CARTESIAN_POINT('',(15.3992261412043,22.3651410898834,11.));
#5732=CARTESIAN_POINT('',(34.4847044225061,7.09675846484194,9.));
#5733=CARTESIAN_POINT('Origin',(33.2353143273972,5.53502084595588,8.));
#5734=CARTESIAN_POINT('',(38.9040903662156,1.00000001490116,6.));
#5735=CARTESIAN_POINT('Origin',(38.9040903662156,1.00000001490116,8.));
#5736=CARTESIAN_POINT('',(14.4364834555844,20.5740855434061,6.));
#5737=CARTESIAN_POINT('',(33.2353143273972,5.53502084595588,6.));
#5738=CARTESIAN_POINT('Ctrl Pts',(15.3992261412043,22.3651410898833,8.));
#5739=CARTESIAN_POINT('Ctrl Pts',(15.3992261412043,22.3651410898833,7.74736936871198));
#5740=CARTESIAN_POINT('Ctrl Pts',(15.381002410017,22.314697265802,7.47911223345722));
#5741=CARTESIAN_POINT('Ctrl Pts',(15.3021668151202,22.1165172427075,6.98757939820696));
#5742=CARTESIAN_POINT('Ctrl Pts',(15.2409145100269,21.9693982417146,6.76415798331217));
#5743=CARTESIAN_POINT('Ctrl Pts',(15.087015866915,21.6409490343188,6.41053597487448));
#5744=CARTESIAN_POINT('Ctrl Pts',(14.9835841061812,21.4369306238254,6.25645858748514));
#5745=CARTESIAN_POINT('Ctrl Pts',(14.7333381701984,21.0060004717732,6.05114660428792));
#5746=CARTESIAN_POINT('Ctrl Pts',(14.5859250739955,20.7793948746416,6.));
#5747=CARTESIAN_POINT('Ctrl Pts',(14.4364834555844,20.5740855434061,6.));
#5748=CARTESIAN_POINT('Origin',(40.1540903848421,-1.11022302462516E-15,
6.));
#5749=CARTESIAN_POINT('',(38.9040903662157,1.00000001490116,4.));
#5750=CARTESIAN_POINT('',(14.4364834555844,20.5740855434061,6.));
#5751=CARTESIAN_POINT('Origin',(45.9641374134655,-7.20928731787186,9.));
#5752=CARTESIAN_POINT('',(13.0481734965158,19.1234838156879,11.));
#5753=CARTESIAN_POINT('',(45.9641374134655,-7.20928731787186,11.));
#5754=CARTESIAN_POINT('',(11.1997216190092,18.04099562272,9.));
#5755=CARTESIAN_POINT('Ctrl Pts',(11.1997216190092,18.04099562272,9.));
#5756=CARTESIAN_POINT('Ctrl Pts',(11.1997216190092,18.04099562272,9.2533717662563));
#5757=CARTESIAN_POINT('Ctrl Pts',(11.2544703214224,18.0625986458408,9.52030647666293));
#5758=CARTESIAN_POINT('Ctrl Pts',(11.4625907394224,18.1529187866728,10.0060716251462));
#5759=CARTESIAN_POINT('Ctrl Pts',(11.6148951240427,18.2222486371834,10.2252445811367));
#5760=CARTESIAN_POINT('Ctrl Pts',(11.953363773715,18.394856111668,10.5794445673039));
#5761=CARTESIAN_POINT('Ctrl Pts',(12.1657829951859,18.5123343324226,10.7363736015817));
#5762=CARTESIAN_POINT('Ctrl Pts',(12.6093119791469,18.7934250744491,10.9467419139701));
#5763=CARTESIAN_POINT('Ctrl Pts',(12.8401367820667,18.9576224278093,11.));
#5764=CARTESIAN_POINT('Ctrl Pts',(13.0481734965158,19.1234838156879,11.));
#5765=CARTESIAN_POINT('',(44.7147473183567,-8.77102493675792,9.));
#5766=CARTESIAN_POINT('Origin',(13.0481734965157,19.1234838156879,6.));
#5767=CARTESIAN_POINT('',(13.0481734965158,19.1234838156879,6.));
#5768=CARTESIAN_POINT('',(45.9641374134655,-7.20928731787186,6.));
#5769=CARTESIAN_POINT('',(13.0481734965158,19.1234838156879,6.));
#5770=CARTESIAN_POINT('Origin',(39.607482218232,-4.68521285665819,11.));
#5771=CARTESIAN_POINT('',(11.1997216190092,18.04099562272,11.));
#5772=CARTESIAN_POINT('',(44.7147473183567,-8.77102493675792,8.));
#5773=CARTESIAN_POINT('Origin',(52.1074820319675,-10.,11.));
#5774=CARTESIAN_POINT('',(38.9040903662156,1.00000001490116,11.));
#5775=CARTESIAN_POINT('',(59.5537415151726,1.00000001490116,11.));
#5776=CARTESIAN_POINT('',(14.4364834555844,20.5740855434061,11.));
#5777=CARTESIAN_POINT('',(33.2353143273972,5.53502084595588,11.));
#5778=CARTESIAN_POINT('Origin',(8.37272984051079,24.987801902177,11.));
#5779=CARTESIAN_POINT('',(12.3727298405108,24.987801902177,11.));
#5780=CARTESIAN_POINT('Origin',(8.37272984051079,24.987801902177,11.));
#5781=CARTESIAN_POINT('Origin',(45.9641374134655,-7.20928731787186,8.));
#5782=CARTESIAN_POINT('Ctrl Pts',(13.0481734965158,19.1234838156879,6.));
#5783=CARTESIAN_POINT('Ctrl Pts',(12.8401367820667,18.9576224278093,6.));
#5784=CARTESIAN_POINT('Ctrl Pts',(12.6093119791469,18.7934250744491,6.05325808602993));
#5785=CARTESIAN_POINT('Ctrl Pts',(12.1657829951859,18.5123343324226,6.26362639841828));
#5786=CARTESIAN_POINT('Ctrl Pts',(11.953363773715,18.394856111668,6.42055543269613));
#5787=CARTESIAN_POINT('Ctrl Pts',(11.6148951240427,18.2222486371834,6.7747554188633));
#5788=CARTESIAN_POINT('Ctrl Pts',(11.4625907394224,18.1529187866728,6.9939283748538));
#5789=CARTESIAN_POINT('Ctrl Pts',(11.2544703214224,18.0625986458408,7.47969352333707));
#5790=CARTESIAN_POINT('Ctrl Pts',(11.1997216190092,18.04099562272,7.7466282337437));
#5791=CARTESIAN_POINT('Ctrl Pts',(11.1997216190092,18.04099562272,8.));
#5792=CARTESIAN_POINT('Origin',(8.37272984051079,24.987801902177,6.));
#5793=CARTESIAN_POINT('Origin',(8.37272984051079,24.987801902177,6.));
#5794=CARTESIAN_POINT('Origin',(8.37272984051079,24.987801902177,11.));
#5795=CARTESIAN_POINT('Ctrl Pts',(14.4364834555844,20.5740855434061,11.));
#5796=CARTESIAN_POINT('Ctrl Pts',(14.5859250739955,20.7793948746416,11.));
#5797=CARTESIAN_POINT('Ctrl Pts',(14.7333381701984,21.0060004717732,10.9488533957121));
#5798=CARTESIAN_POINT('Ctrl Pts',(14.9835841061812,21.4369306238254,10.7435414125149));
#5799=CARTESIAN_POINT('Ctrl Pts',(15.087015866915,21.6409490343188,10.5894640251255));
#5800=CARTESIAN_POINT('Ctrl Pts',(15.2409145100269,21.9693982417146,10.2358420166878));
#5801=CARTESIAN_POINT('Ctrl Pts',(15.3021668151202,22.1165172427075,10.012420601793));
#5802=CARTESIAN_POINT('Ctrl Pts',(15.381002410017,22.314697265802,9.52088776654279));
#5803=CARTESIAN_POINT('Ctrl Pts',(15.3992261412043,22.3651410898833,9.25263063128802));
#5804=CARTESIAN_POINT('Ctrl Pts',(15.3992261412043,22.3651410898833,9.));
#5805=CARTESIAN_POINT('Origin',(33.2353143273972,5.53502084595588,9.));
#5806=CARTESIAN_POINT('Origin',(38.9040903662156,1.00000001490116,9.));
#5807=CARTESIAN_POINT('Origin',(8.37272984051079,24.987801902177,11.));
#5808=CARTESIAN_POINT('',(12.3727298405108,24.987801902177,11.));
#5809=CARTESIAN_POINT('Origin',(67.0000009983778,1.00000001490116,1.99999999999999));
#5810=CARTESIAN_POINT('',(67.0000009983778,1.00000001490116,13.));
#5811=CARTESIAN_POINT('',(38.0000005662441,1.00000001490116,13.));
#5812=CARTESIAN_POINT('',(67.0000009983778,1.00000001490116,11.));
#5813=CARTESIAN_POINT('',(67.0000009983778,1.00000001490116,1.99999999999999));
#5814=CARTESIAN_POINT('',(65.3108736977193,1.00000001490116,11.));
#5815=CARTESIAN_POINT('',(59.5537415151726,1.00000001490116,11.));
#5816=CARTESIAN_POINT('',(62.1093115790029,1.00000001490116,9.));
#5817=CARTESIAN_POINT('Origin',(65.3108736977193,1.00000001490116,9.));
#5818=CARTESIAN_POINT('',(62.1093115790029,1.00000001490116,7.99999999999999));
#5819=CARTESIAN_POINT('',(62.1093115790029,1.00000001490116,6.49999999999999));
#5820=CARTESIAN_POINT('',(65.3108736977193,1.00000001490116,6.));
#5821=CARTESIAN_POINT('Origin',(65.3108736977193,1.00000001490116,7.99999999999999));
#5822=CARTESIAN_POINT('',(65.3108736977193,1.00000001490116,3.99999999999999));
#5823=CARTESIAN_POINT('',(67.0000009983778,1.00000001490116,1.99999999999999));
#5824=CARTESIAN_POINT('',(67.0000009983778,1.00000001490116,1.99999999999999));
#5825=CARTESIAN_POINT('',(38.0000005662441,1.00000001490116,1.99999999999999));
#5826=CARTESIAN_POINT('Origin',(58.2508266504694,-12.7907126821281,8.));
#5827=CARTESIAN_POINT('',(67.0000009983778,-17.2288024654817,7.99999999999999));
#5828=CARTESIAN_POINT('',(67.0000009983778,-19.7900521604548,6.));
#5829=CARTESIAN_POINT('Origin',(67.0000009983778,-19.7900521604548,7.99999999999999));
#5830=CARTESIAN_POINT('',(59.5002167455783,-11.2289750632421,8.));
#5831=CARTESIAN_POINT('',(91.1667905674192,-39.1234838156879,5.99999999999999));
#5832=CARTESIAN_POINT('Ctrl Pts',(91.1667905674192,-39.1234838156879,5.99999999999999));
#5833=CARTESIAN_POINT('Ctrl Pts',(91.3748272818682,-38.9576224278093,5.99999999999999));
#5834=CARTESIAN_POINT('Ctrl Pts',(91.605652084788,-38.7934250744491,6.05325808602992));
#5835=CARTESIAN_POINT('Ctrl Pts',(92.0491810687491,-38.5123343324226,6.26362639841827));
#5836=CARTESIAN_POINT('Ctrl Pts',(92.26160029022,-38.394856111668,6.42055543269612));
#5837=CARTESIAN_POINT('Ctrl Pts',(92.6000689398922,-38.2222486371834,6.77475541886329));
#5838=CARTESIAN_POINT('Ctrl Pts',(92.7523733245126,-38.1529187866728,6.99392837485379));
#5839=CARTESIAN_POINT('Ctrl Pts',(92.9604937425126,-38.0625986458408,7.47969352333706));
#5840=CARTESIAN_POINT('Ctrl Pts',(93.0152424449258,-38.04099562272,7.74662823374369));
#5841=CARTESIAN_POINT('Ctrl Pts',(93.0152424449258,-38.04099562272,7.99999999999999));
#5842=CARTESIAN_POINT('',(58.2508266504694,-12.7907126821281,6.));
#5843=CARTESIAN_POINT('Origin',(64.607481845703,-15.3147871433418,11.));
#5844=CARTESIAN_POINT('',(67.0000009983778,-17.2288024654817,9.));
#5845=CARTESIAN_POINT('',(67.0000009983778,-17.2288024654817,6.49999999999999));
#5846=CARTESIAN_POINT('',(93.0152424449258,-38.04099562272,8.99999999999999));
#5847=CARTESIAN_POINT('',(59.5002167455783,-11.2289750632421,9.));
#5848=CARTESIAN_POINT('',(93.0152424449258,-38.04099562272,11.));
#5849=CARTESIAN_POINT('Origin',(58.2508266504694,-12.7907126821281,9.));
#5850=CARTESIAN_POINT('',(67.0000009983778,-19.7900521604548,11.));
#5851=CARTESIAN_POINT('Origin',(67.0000009983778,-19.7900521604548,9.));
#5852=CARTESIAN_POINT('',(91.1667905674192,-39.1234838156879,11.));
#5853=CARTESIAN_POINT('',(58.2508266504694,-12.7907126821281,11.));
#5854=CARTESIAN_POINT('Ctrl Pts',(93.0152424449258,-38.04099562272,8.99999999999999));
#5855=CARTESIAN_POINT('Ctrl Pts',(93.0152424449258,-38.04099562272,9.25337176625629));
#5856=CARTESIAN_POINT('Ctrl Pts',(92.9604937425126,-38.0625986458408,9.52030647666292));
#5857=CARTESIAN_POINT('Ctrl Pts',(92.7523733245126,-38.1529187866728,10.0060716251462));
#5858=CARTESIAN_POINT('Ctrl Pts',(92.6000689398922,-38.2222486371834,10.2252445811367));
#5859=CARTESIAN_POINT('Ctrl Pts',(92.26160029022,-38.394856111668,10.5794445673039));
#5860=CARTESIAN_POINT('Ctrl Pts',(92.0491810687491,-38.5123343324226,10.7363736015817));
#5861=CARTESIAN_POINT('Ctrl Pts',(91.605652084788,-38.7934250744491,10.9467419139701));
#5862=CARTESIAN_POINT('Ctrl Pts',(91.3748272818682,-38.9576224278093,11.));
#5863=CARTESIAN_POINT('Ctrl Pts',(91.1667905674192,-39.1234838156879,11.));
#5864=CARTESIAN_POINT('Origin',(64.0608736790929,-20.,6.));
#5865=CARTESIAN_POINT('',(89.7784806083506,-40.5740855434061,5.99999999999999));
#5866=CARTESIAN_POINT('',(89.7784806083506,-40.5740855434061,5.99999999999999));
#5867=CARTESIAN_POINT('',(70.9796497365377,-25.5350208459559,5.99999999999999));
#5868=CARTESIAN_POINT('Origin',(70.9796497365377,-25.5350208459559,9.));
#5869=CARTESIAN_POINT('',(88.8157379227307,-42.3651410898834,8.99999999999999));
#5870=CARTESIAN_POINT('',(69.7302596414289,-27.0967584648419,9.));
#5871=CARTESIAN_POINT('',(89.7784806083506,-40.5740855434061,11.));
#5872=CARTESIAN_POINT('Ctrl Pts',(89.7784806083506,-40.5740855434061,11.));
#5873=CARTESIAN_POINT('Ctrl Pts',(89.6290389899395,-40.7793948746416,11.));
#5874=CARTESIAN_POINT('Ctrl Pts',(89.4816258937365,-41.0060004717732,10.9488533957121));
#5875=CARTESIAN_POINT('Ctrl Pts',(89.2313799577538,-41.4369306238254,10.7435414125149));
#5876=CARTESIAN_POINT('Ctrl Pts',(89.1279481970199,-41.6409490343188,10.5894640251255));
#5877=CARTESIAN_POINT('Ctrl Pts',(88.9740495539081,-41.9693982417147,10.2358420166878));
#5878=CARTESIAN_POINT('Ctrl Pts',(88.9127972488148,-42.1165172427075,10.012420601793));
#5879=CARTESIAN_POINT('Ctrl Pts',(88.833961653918,-42.314697265802,9.52088776654278));
#5880=CARTESIAN_POINT('Ctrl Pts',(88.8157379227307,-42.3651410898833,9.25263063128801));
#5881=CARTESIAN_POINT('Ctrl Pts',(88.8157379227307,-42.3651410898833,8.99999999999999));
#5882=CARTESIAN_POINT('',(70.9796497365377,-25.5350208459559,11.));
#5883=CARTESIAN_POINT('Origin',(91.1667905674192,-39.1234838156879,5.99999999999999));
#5884=CARTESIAN_POINT('',(67.0000009983778,-19.7900521604548,3.99999999999999));
#5885=CARTESIAN_POINT('',(91.1667905674192,-39.1234838156879,5.99999999999999));
#5886=CARTESIAN_POINT('Origin',(95.8422342234242,-44.987801902177,11.));
#5887=CARTESIAN_POINT('',(99.8422342234242,-44.987801902177,11.));
#5888=CARTESIAN_POINT('',(99.8422342234242,-44.987801902177,11.));
#5889=CARTESIAN_POINT('Origin',(95.8422342234242,-44.987801902177,11.));
#5890=CARTESIAN_POINT('Origin',(88.8157379227307,-42.3651410898833,11.));
#5891=CARTESIAN_POINT('',(69.7302596414289,-27.0967584648419,7.99999999999999));
#5892=CARTESIAN_POINT('',(88.8157379227307,-42.3651410898834,11.));
#5893=CARTESIAN_POINT('Origin',(70.9796497365377,-25.5350208459559,7.99999999999999));
#5894=CARTESIAN_POINT('Ctrl Pts',(88.8157379227307,-42.3651410898833,7.99999999999999));
#5895=CARTESIAN_POINT('Ctrl Pts',(88.8157379227307,-42.3651410898833,7.74688484546135));
#5896=CARTESIAN_POINT('Ctrl Pts',(88.8340294460994,-42.3145047383982,7.47815150626053));
#5897=CARTESIAN_POINT('Ctrl Pts',(88.9131540244097,-42.1156425934628,6.98589588196069));
#5898=CARTESIAN_POINT('Ctrl Pts',(88.9746320141399,-41.9680376804187,6.76222685669041));
#5899=CARTESIAN_POINT('Ctrl Pts',(89.1288302482228,-41.6391855545841,6.4091096155339));
#5900=CARTESIAN_POINT('Ctrl Pts',(89.2321983837083,-41.4354333749133,6.25555278437897));
#5901=CARTESIAN_POINT('Ctrl Pts',(89.4821477177308,-41.0051902473089,6.05095407197186));
#5902=CARTESIAN_POINT('Ctrl Pts',(89.6293238955994,-40.7790034589763,5.99999999999999));
#5903=CARTESIAN_POINT('Ctrl Pts',(89.7784806083506,-40.5740855434061,5.99999999999999));
#5904=CARTESIAN_POINT('Origin',(95.8422342234242,-44.987801902177,11.));
#5905=CARTESIAN_POINT('Origin',(95.8422342234242,-44.987801902177,11.));
#5906=CARTESIAN_POINT('Origin',(95.8422342234242,-44.987801902177,5.99999999999999));
#5907=CARTESIAN_POINT('Origin',(95.8422342234242,-44.987801902177,5.99999999999999));
#5908=CARTESIAN_POINT('Origin',(52.1074820319675,-10.,11.));
#5909=CARTESIAN_POINT('',(67.0000009983778,-15.5000001564622,11.));
#5910=CARTESIAN_POINT('Origin',(67.0000009983778,-21.0000003129244,1.99999999999999));
#5911=CARTESIAN_POINT('',(67.0000009983778,1.00000001490116,1.99999999999999));
#5912=CARTESIAN_POINT('',(67.0000009983778,-0.209947839545189,6.));
#5913=CARTESIAN_POINT('',(67.0000009983778,-0.209947839545193,4.));
#5914=CARTESIAN_POINT('',(67.0000009983778,-2.77119753451834,7.99999999999999));
#5915=CARTESIAN_POINT('Origin',(67.0000009983778,-0.209947839545189,7.99999999999999));
#5916=CARTESIAN_POINT('',(67.0000009983778,-2.77119753451834,9.));
#5917=CARTESIAN_POINT('',(67.0000009983778,-2.77119753451832,6.49999999999999));
#5918=CARTESIAN_POINT('',(67.0000009983778,-0.209947839545194,11.));
#5919=CARTESIAN_POINT('Origin',(67.0000009983778,-0.209947839545189,9.));
#5920=CARTESIAN_POINT('',(67.0000009983778,-15.5000001564622,11.));
#5921=CARTESIAN_POINT('',(67.0000009983778,1.00000001490116,13.));
#5922=CARTESIAN_POINT('Origin',(72.4547069500808,4.15381692181723,7.99999999999999));
#5923=CARTESIAN_POINT('',(91.1667905674192,19.1234838156879,5.99999999999999));
#5924=CARTESIAN_POINT('',(72.4547069500808,4.15381692181723,5.99999999999999));
#5925=CARTESIAN_POINT('Ctrl Pts',(93.0152424449258,18.04099562272,7.99999999999999));
#5926=CARTESIAN_POINT('Ctrl Pts',(93.0152424449258,18.04099562272,7.74662823374369));
#5927=CARTESIAN_POINT('Ctrl Pts',(92.9604937425126,18.0625986458408,7.47969352333707));
#5928=CARTESIAN_POINT('Ctrl Pts',(92.7523733245126,18.1529187866728,6.99392837485379));
#5929=CARTESIAN_POINT('Ctrl Pts',(92.6000689398922,18.2222486371834,6.77475541886329));
#5930=CARTESIAN_POINT('Ctrl Pts',(92.26160029022,18.394856111668,6.42055543269612));
#5931=CARTESIAN_POINT('Ctrl Pts',(92.0491810687491,18.5123343324226,6.26362639841827));
#5932=CARTESIAN_POINT('Ctrl Pts',(91.6056520847881,18.7934250744491,6.05325808602992));
#5933=CARTESIAN_POINT('Ctrl Pts',(91.3748272818682,18.9576224278092,5.99999999999999));
#5934=CARTESIAN_POINT('Ctrl Pts',(91.1667905674192,19.1234838156879,5.99999999999999));
#5935=CARTESIAN_POINT('',(73.7040970451897,2.59207930293117,7.99999999999999));
#5936=CARTESIAN_POINT('Origin',(64.607481845703,-2.12396316168505,6.));
#5937=CARTESIAN_POINT('',(91.1667905674192,19.1234838156879,5.99999999999999));
#5938=CARTESIAN_POINT('Origin',(57.0014365553606,-5.6475496989858,8.));
#5939=CARTESIAN_POINT('',(55.7520464602517,-4.08581208009973,8.));
#5940=CARTESIAN_POINT('',(89.7784806083506,20.5740855434061,5.99999999999999));
#5941=CARTESIAN_POINT('Ctrl Pts',(89.7784806083506,20.5740855434061,5.99999999999999));
#5942=CARTESIAN_POINT('Ctrl Pts',(89.6290389899395,20.7793948746416,5.99999999999999));
#5943=CARTESIAN_POINT('Ctrl Pts',(89.4816258937365,21.0060004717732,6.05114660428791));
#5944=CARTESIAN_POINT('Ctrl Pts',(89.2313799577538,21.4369306238254,6.25645858748513));
#5945=CARTESIAN_POINT('Ctrl Pts',(89.1279481970199,21.6409490343188,6.41053597487447));
#5946=CARTESIAN_POINT('Ctrl Pts',(88.9740495539081,21.9693982417146,6.76415798331216));
#5947=CARTESIAN_POINT('Ctrl Pts',(88.9127972488148,22.1165172427075,6.98757939820695));
#5948=CARTESIAN_POINT('Ctrl Pts',(88.833961653918,22.314697265802,7.47911223345721));
#5949=CARTESIAN_POINT('Ctrl Pts',(88.8157379227307,22.3651410898833,7.74736936871198));
#5950=CARTESIAN_POINT('Ctrl Pts',(88.8157379227307,22.3651410898833,7.99999999999999));
#5951=CARTESIAN_POINT('',(57.0014365553606,-5.6475496989858,6.));
#5952=CARTESIAN_POINT('Origin',(60.8593115603764,1.11022302462516E-15,11.));
#5953=CARTESIAN_POINT('',(88.8157379227307,22.3651410898834,8.99999999999999));
#5954=CARTESIAN_POINT('',(55.7520464602517,-4.08581208009973,9.));
#5955=CARTESIAN_POINT('',(88.8157379227307,22.3651410898834,11.));
#5956=CARTESIAN_POINT('Origin',(57.0014365553606,-5.6475496989858,9.));
#5957=CARTESIAN_POINT('',(89.7784806083506,20.5740855434061,11.));
#5958=CARTESIAN_POINT('',(57.0014365553606,-5.6475496989858,11.));
#5959=CARTESIAN_POINT('Ctrl Pts',(88.8157379227307,22.3651410898833,8.99999999999999));
#5960=CARTESIAN_POINT('Ctrl Pts',(88.8157379227307,22.3651410898833,9.25263063128801));
#5961=CARTESIAN_POINT('Ctrl Pts',(88.833961653918,22.314697265802,9.52088776654278));
#5962=CARTESIAN_POINT('Ctrl Pts',(88.9127972488148,22.1165172427075,10.012420601793));
#5963=CARTESIAN_POINT('Ctrl Pts',(88.9740495539081,21.9693982417146,10.2358420166878));
#5964=CARTESIAN_POINT('Ctrl Pts',(89.1279481970199,21.6409490343188,10.5894640251255));
#5965=CARTESIAN_POINT('Ctrl Pts',(89.2313799577538,21.4369306238254,10.7435414125149));
#5966=CARTESIAN_POINT('Ctrl Pts',(89.4816258937365,21.0060004717732,10.9488533957121));
#5967=CARTESIAN_POINT('Ctrl Pts',(89.6290389899395,20.7793948746416,11.));
#5968=CARTESIAN_POINT('Ctrl Pts',(89.7784806083506,20.5740855434061,11.));
#5969=CARTESIAN_POINT('Origin',(95.8422342234242,24.987801902177,11.));
#5970=CARTESIAN_POINT('',(99.8422342234242,24.987801902177,11.));
#5971=CARTESIAN_POINT('',(99.8422342234242,24.987801902177,11.));
#5972=CARTESIAN_POINT('Origin',(95.8422342234242,24.987801902177,11.));
#5973=CARTESIAN_POINT('Origin',(72.4547069500808,4.15381692181723,8.99999999999999));
#5974=CARTESIAN_POINT('',(93.0152424449258,18.04099562272,8.99999999999999));
#5975=CARTESIAN_POINT('',(73.7040970451897,2.59207930293117,8.99999999999999));
#5976=CARTESIAN_POINT('',(91.1667905674192,19.1234838156879,11.));
#5977=CARTESIAN_POINT('Ctrl Pts',(91.1667905674192,19.1234838156879,11.));
#5978=CARTESIAN_POINT('Ctrl Pts',(91.3748272818683,18.9576224278092,11.));
#5979=CARTESIAN_POINT('Ctrl Pts',(91.6056520847881,18.7934250744491,10.9467419139701));
#5980=CARTESIAN_POINT('Ctrl Pts',(92.0491810687491,18.5123343324226,10.7363736015817));
#5981=CARTESIAN_POINT('Ctrl Pts',(92.26160029022,18.394856111668,10.5794445673039));
#5982=CARTESIAN_POINT('Ctrl Pts',(92.6000689398922,18.2222486371834,10.2252445811367));
#5983=CARTESIAN_POINT('Ctrl Pts',(92.7523733245126,18.1529187866728,10.0060716251462));
#5984=CARTESIAN_POINT('Ctrl Pts',(92.9604937425126,18.0625986458408,9.52030647666292));
#5985=CARTESIAN_POINT('Ctrl Pts',(93.0152424449258,18.04099562272,9.25337176625629));
#5986=CARTESIAN_POINT('Ctrl Pts',(93.0152424449258,18.04099562272,8.99999999999999));
#5987=CARTESIAN_POINT('',(72.4547069500808,4.15381692181723,11.));
#5988=CARTESIAN_POINT('Origin',(93.0152424449258,18.04099562272,11.));
#5989=CARTESIAN_POINT('',(93.0152424449258,18.04099562272,11.));
#5990=CARTESIAN_POINT('Origin',(95.8422342234242,24.987801902177,11.));
#5991=CARTESIAN_POINT('Origin',(95.8422342234242,24.987801902177,11.));
#5992=CARTESIAN_POINT('Origin',(95.8422342234242,24.987801902177,5.99999999999999));
#5993=CARTESIAN_POINT('Origin',(95.8422342234242,24.987801902177,5.99999999999999));
#5994=CARTESIAN_POINT('',(89.7784806083506,20.5740855434061,5.99999999999999));
#5995=CARTESIAN_POINT('Origin',(89.7784806083506,20.5740855434061,5.99999999999999));
#5996=CARTESIAN_POINT('Origin',(52.1074820319675,-10.,11.));
#5997=CARTESIAN_POINT('Origin',(39.5000005885959,-19.5000002905726,13.));
#5998=CARTESIAN_POINT('',(39.5000005885959,-19.5000002905726,13.));
#5999=CARTESIAN_POINT('',(39.5000005885959,-0.500000007450581,13.));
#6000=CARTESIAN_POINT('',(39.5000005885959,-14.7500002197921,13.));
#6001=CARTESIAN_POINT('',(39.5000005885959,-19.5000002905726,2.99999999999999));
#6002=CARTESIAN_POINT('',(39.5000005885959,-19.5000002905726,13.));
#6003=CARTESIAN_POINT('',(39.5000005885959,-0.500000007450581,2.99999999999999));
#6004=CARTESIAN_POINT('',(39.5000005885959,-19.5000002905726,2.99999999999999));
#6005=CARTESIAN_POINT('',(39.5000005885959,-0.500000007450581,13.));
#6006=CARTESIAN_POINT('Origin',(65.5000009760261,-19.5000002905726,13.));
#6007=CARTESIAN_POINT('',(65.5000009760261,-19.5000002905726,13.));
#6008=CARTESIAN_POINT('',(59.0000008791685,-19.5000002905726,13.));
#6009=CARTESIAN_POINT('',(65.5000009760261,-19.5000002905726,2.99999999999999));
#6010=CARTESIAN_POINT('',(65.5000009760261,-19.5000002905726,13.));
#6011=CARTESIAN_POINT('',(65.5000009760261,-19.5000002905726,2.99999999999999));
#6012=CARTESIAN_POINT('Origin',(65.5000009760261,-0.500000007450581,13.));
#6013=CARTESIAN_POINT('',(65.5000009760261,-0.500000007450581,13.));
#6014=CARTESIAN_POINT('',(65.5000009760261,-5.2500000782311,13.));
#6015=CARTESIAN_POINT('',(65.5000009760261,-0.500000007450581,2.99999999999999));
#6016=CARTESIAN_POINT('',(65.5000009760261,-0.500000007450581,13.));
#6017=CARTESIAN_POINT('',(65.5000009760261,-0.500000007450581,2.99999999999999));
#6018=CARTESIAN_POINT('Origin',(39.5000005885959,-0.500000007450581,13.));
#6019=CARTESIAN_POINT('',(46.0000006854534,-0.500000007450581,13.));
#6020=CARTESIAN_POINT('',(39.5000005885959,-0.500000007450581,2.99999999999999));
#6021=CARTESIAN_POINT('Origin',(52.500000782311,-10.0000001490116,2.99999999999999));
#6022=CARTESIAN_POINT('Origin',(52.500000782311,-10.0000001490116,13.));
#6023=CARTESIAN_POINT('Origin',(52.500000782311,-10.0000001490116,1.99999999999999));
#6024=UNCERTAINTY_MEASURE_WITH_UNIT(LENGTH_MEASURE(0.01),#6028,
'DISTANCE_ACCURACY_VALUE',
'Maximum model space distance between geometric entities at asserted c
onnectivities');
#6025=UNCERTAINTY_MEASURE_WITH_UNIT(LENGTH_MEASURE(0.01),#6028,
'DISTANCE_ACCURACY_VALUE',
'Maximum model space distance between geometric entities at asserted c
onnectivities');
#6026=(
GEOMETRIC_REPRESENTATION_CONTEXT(3)
GLOBAL_UNCERTAINTY_ASSIGNED_CONTEXT((#6024))
GLOBAL_UNIT_ASSIGNED_CONTEXT((#6028,#6029,#6030))
REPRESENTATION_CONTEXT('','3D')
);
#6027=(
GEOMETRIC_REPRESENTATION_CONTEXT(3)
GLOBAL_UNCERTAINTY_ASSIGNED_CONTEXT((#6025))
GLOBAL_UNIT_ASSIGNED_CONTEXT((#6028,#6029,#6030))
REPRESENTATION_CONTEXT('','3D')
);
#6028=(
LENGTH_UNIT()
NAMED_UNIT(*)
SI_UNIT(.MILLI.,.METRE.)
);
#6029=(
NAMED_UNIT(*)
PLANE_ANGLE_UNIT()
SI_UNIT($,.RADIAN.)
);
#6030=(
NAMED_UNIT(*)
SI_UNIT($,.STERADIAN.)
SOLID_ANGLE_UNIT()
);
#6031=SHAPE_DEFINITION_REPRESENTATION(#6032,#6033);
#6032=PRODUCT_DEFINITION_SHAPE('',$,#6035);
#6033=SHAPE_REPRESENTATION('',(#3615),#6026);
#6034=PRODUCT_DEFINITION_CONTEXT('part definition',#6039,'design');
#6035=PRODUCT_DEFINITION('frame','frame v4',#6036,#6034);
#6036=PRODUCT_DEFINITION_FORMATION('',$,#6041);
#6037=PRODUCT_RELATED_PRODUCT_CATEGORY('frame v4','frame v4',(#6041));
#6038=APPLICATION_PROTOCOL_DEFINITION('international standard',
'automotive_design',2009,#6039);
#6039=APPLICATION_CONTEXT(
'Core Data for Automotive Mechanical Design Process');
#6040=PRODUCT_CONTEXT('part definition',#6039,'mechanical');
#6041=PRODUCT('frame','frame v4',$,(#6040));
#6042=PRESENTATION_STYLE_ASSIGNMENT((#6045));
#6043=PRESENTATION_STYLE_ASSIGNMENT((#6046));
#6044=PRESENTATION_STYLE_ASSIGNMENT((#6047));
#6045=SURFACE_STYLE_USAGE(.BOTH.,#6048);
#6046=SURFACE_STYLE_USAGE(.BOTH.,#6049);
#6047=SURFACE_STYLE_USAGE(.BOTH.,#6050);
#6048=SURFACE_SIDE_STYLE('',(#6051));
#6049=SURFACE_SIDE_STYLE('',(#6052));
#6050=SURFACE_SIDE_STYLE('',(#6053));
#6051=SURFACE_STYLE_FILL_AREA(#6054);
#6052=SURFACE_STYLE_FILL_AREA(#6055);
#6053=SURFACE_STYLE_FILL_AREA(#6056);
#6054=FILL_AREA_STYLE('Steel - Satin',(#6057));
#6055=FILL_AREA_STYLE('Paint - Enamel Glossy (Red)',(#6058));
#6056=FILL_AREA_STYLE('Glass - Light Color',(#6059));
#6057=FILL_AREA_STYLE_COLOUR('Steel - Satin',#6060);
#6058=FILL_AREA_STYLE_COLOUR('Paint - Enamel Glossy (Red)',#6061);
#6059=FILL_AREA_STYLE_COLOUR('Glass - Light Color',#6062);
#6060=COLOUR_RGB('Steel - Satin',0.627450980392157,0.627450980392157,0.627450980392157);
#6061=COLOUR_RGB('Paint - Enamel Glossy (Red)',0.768627450980392,0.207843137254902,
0.152941176470588);
#6062=COLOUR_RGB('Glass - Light Color',0.0980392156862745,0.0980392156862745,
0.0980392156862745);
ENDSEC;
END-ISO-10303-21;
